--seed data roomtype----------------------

insert into RoomType (RoomTypeId, RoomType, Price) values (1, 'A', 150);
insert into RoomType (RoomTypeId, RoomType, Price) values (2, 'B', 170);
insert into RoomType (RoomTypeId, RoomType, Price) values (3, 'C', 200);

--seed data room-------------------------------

insert into Room (RoomId, RoomName, Note, RoomStatus, RoomTypeId) values (1, 'RoomBO80', null, 1, 2);
insert into Room (RoomId, RoomName, Note, RoomStatus, RoomTypeId) values (2, 'RoomWQ52', null, 1, 1);
insert into Room (RoomId, RoomName, Note, RoomStatus, RoomTypeId) values (3, 'RoomBZ36', null, 1, 2);
insert into Room (RoomId, RoomName, Note, RoomStatus, RoomTypeId) values (4, 'RoomMO93', null, 1, 2);
insert into Room (RoomId, RoomName, Note, RoomStatus, RoomTypeId) values (5, 'RoomZV33', null, 1, 1);
insert into Room (RoomId, RoomName, Note, RoomStatus, RoomTypeId) values (6, 'RoomIX11', null, 2, 1);
insert into Room (RoomId, RoomName, Note, RoomStatus, RoomTypeId) values (7, 'RoomCQ51', null, 2, 3);
insert into Room (RoomId, RoomName, Note, RoomStatus, RoomTypeId) values (8, 'RoomIZ14', null, 1, 2);
insert into Room (RoomId, RoomName, Note, RoomStatus, RoomTypeId) values (9, 'RoomWY90', null, 1, 1);
insert into Room (RoomId, RoomName, Note, RoomStatus, RoomTypeId) values (10, 'RoomEO15', null, 2, 1);
insert into Room (RoomId, RoomName, Note, RoomStatus, RoomTypeId) values (11, 'RoomJG82', null, 1, 2);
insert into Room (RoomId, RoomName, Note, RoomStatus, RoomTypeId) values (12, 'RoomUW23', null, 1, 3);
insert into Room (RoomId, RoomName, Note, RoomStatus, RoomTypeId) values (13, 'RoomUD70', null, 1, 1);
insert into Room (RoomId, RoomName, Note, RoomStatus, RoomTypeId) values (14, 'RoomTV03', null, 2, 1);
insert into Room (RoomId, RoomName, Note, RoomStatus, RoomTypeId) values (15, 'RoomOD59', null, 1, 2);
insert into Room (RoomId, RoomName, Note, RoomStatus, RoomTypeId) values (16, 'RoomWS43', null, 2, 3);
insert into Room (RoomId, RoomName, Note, RoomStatus, RoomTypeId) values (17, 'RoomYM47', null, 2, 3);
insert into Room (RoomId, RoomName, Note, RoomStatus, RoomTypeId) values (18, 'RoomHD91', null, 1, 3);
insert into Room (RoomId, RoomName, Note, RoomStatus, RoomTypeId) values (19, 'RoomVE77', null, 1, 3);
insert into Room (RoomId, RoomName, Note, RoomStatus, RoomTypeId) values (20, 'RoomFV79', null, 2, 2);
insert into Room (RoomId, RoomName, Note, RoomStatus, RoomTypeId) values (21, 'RoomTG37', null, 2, 1);
insert into Room (RoomId, RoomName, Note, RoomStatus, RoomTypeId) values (22, 'RoomMG42', null, 2, 2);
insert into Room (RoomId, RoomName, Note, RoomStatus, RoomTypeId) values (23, 'RoomQE20', null, 2, 1);
insert into Room (RoomId, RoomName, Note, RoomStatus, RoomTypeId) values (24, 'RoomTG11', null, 1, 3);
insert into Room (RoomId, RoomName, Note, RoomStatus, RoomTypeId) values (25, 'RoomAE87', null, 1, 3);
insert into Room (RoomId, RoomName, Note, RoomStatus, RoomTypeId) values (26, 'RoomKY20', null, 2, 2);
insert into Room (RoomId, RoomName, Note, RoomStatus, RoomTypeId) values (27, 'RoomXN23', null, 2, 1);
insert into Room (RoomId, RoomName, Note, RoomStatus, RoomTypeId) values (28, 'RoomOU91', null, 2, 1);
insert into Room (RoomId, RoomName, Note, RoomStatus, RoomTypeId) values (29, 'RoomTF67', null, 1, 3);
insert into Room (RoomId, RoomName, Note, RoomStatus, RoomTypeId) values (30, 'RoomKP27', null, 1, 3);
insert into Room (RoomId, RoomName, Note, RoomStatus, RoomTypeId) values (31, 'RoomEU49', null, 2, 1);
insert into Room (RoomId, RoomName, Note, RoomStatus, RoomTypeId) values (32, 'RoomUY61', null, 1, 1);
insert into Room (RoomId, RoomName, Note, RoomStatus, RoomTypeId) values (33, 'RoomOS65', null, 2, 2);
insert into Room (RoomId, RoomName, Note, RoomStatus, RoomTypeId) values (34, 'RoomGX50', null, 1, 2);
insert into Room (RoomId, RoomName, Note, RoomStatus, RoomTypeId) values (35, 'RoomOK95', null, 1, 3);
insert into Room (RoomId, RoomName, Note, RoomStatus, RoomTypeId) values (36, 'RoomQQ14', null, 1, 1);
insert into Room (RoomId, RoomName, Note, RoomStatus, RoomTypeId) values (37, 'RoomEO76', null, 1, 2);
insert into Room (RoomId, RoomName, Note, RoomStatus, RoomTypeId) values (38, 'RoomND41', null, 2, 3);
insert into Room (RoomId, RoomName, Note, RoomStatus, RoomTypeId) values (39, 'RoomQK26', null, 2, 3);
insert into Room (RoomId, RoomName, Note, RoomStatus, RoomTypeId) values (40, 'RoomLJ51', null, 2, 3);
insert into Room (RoomId, RoomName, Note, RoomStatus, RoomTypeId) values (41, 'RoomTW03', null, 1, 2);
insert into Room (RoomId, RoomName, Note, RoomStatus, RoomTypeId) values (42, 'RoomBB51', null, 2, 1);
insert into Room (RoomId, RoomName, Note, RoomStatus, RoomTypeId) values (43, 'RoomYC79', null, 2, 1);
insert into Room (RoomId, RoomName, Note, RoomStatus, RoomTypeId) values (44, 'RoomSF46', null, 1, 3);
insert into Room (RoomId, RoomName, Note, RoomStatus, RoomTypeId) values (45, 'RoomCW66', null, 1, 3);
insert into Room (RoomId, RoomName, Note, RoomStatus, RoomTypeId) values (46, 'RoomAW36', null, 1, 1);
insert into Room (RoomId, RoomName, Note, RoomStatus, RoomTypeId) values (47, 'RoomDZ74', null, 2, 3);
insert into Room (RoomId, RoomName, Note, RoomStatus, RoomTypeId) values (48, 'RoomHR06', null, 2, 3);
insert into Room (RoomId, RoomName, Note, RoomStatus, RoomTypeId) values (49, 'RoomKD97', null, 1, 2);
insert into Room (RoomId, RoomName, Note, RoomStatus, RoomTypeId) values (50, 'RoomDZ34', null, 1, 2);
insert into Room (RoomId, RoomName, Note, RoomStatus, RoomTypeId) values (51, 'RoomQF27', null, 2, 1);
insert into Room (RoomId, RoomName, Note, RoomStatus, RoomTypeId) values (52, 'RoomYX25', null, 1, 1);
insert into Room (RoomId, RoomName, Note, RoomStatus, RoomTypeId) values (53, 'RoomFU70', null, 1, 1);
insert into Room (RoomId, RoomName, Note, RoomStatus, RoomTypeId) values (54, 'RoomBS02', null, 2, 2);
insert into Room (RoomId, RoomName, Note, RoomStatus, RoomTypeId) values (55, 'RoomPJ73', null, 2, 2);
insert into Room (RoomId, RoomName, Note, RoomStatus, RoomTypeId) values (56, 'RoomRO78', null, 1, 1);
insert into Room (RoomId, RoomName, Note, RoomStatus, RoomTypeId) values (57, 'RoomDD09', null, 2, 2);
insert into Room (RoomId, RoomName, Note, RoomStatus, RoomTypeId) values (58, 'RoomIC70', null, 2, 3);
insert into Room (RoomId, RoomName, Note, RoomStatus, RoomTypeId) values (59, 'RoomKK60', null, 1, 2);
insert into Room (RoomId, RoomName, Note, RoomStatus, RoomTypeId) values (60, 'RoomHA39', null, 2, 3);
insert into Room (RoomId, RoomName, Note, RoomStatus, RoomTypeId) values (61, 'RoomES07', null, 1, 2);
insert into Room (RoomId, RoomName, Note, RoomStatus, RoomTypeId) values (62, 'RoomKL08', null, 2, 1);
insert into Room (RoomId, RoomName, Note, RoomStatus, RoomTypeId) values (63, 'RoomEO83', null, 2, 2);
insert into Room (RoomId, RoomName, Note, RoomStatus, RoomTypeId) values (64, 'RoomVK62', null, 1, 2);
insert into Room (RoomId, RoomName, Note, RoomStatus, RoomTypeId) values (65, 'RoomJS64', null, 2, 3);
insert into Room (RoomId, RoomName, Note, RoomStatus, RoomTypeId) values (66, 'RoomMJ27', null, 2, 2);
insert into Room (RoomId, RoomName, Note, RoomStatus, RoomTypeId) values (67, 'RoomXX41', null, 1, 2);
insert into Room (RoomId, RoomName, Note, RoomStatus, RoomTypeId) values (68, 'RoomCQ99', null, 1, 3);
insert into Room (RoomId, RoomName, Note, RoomStatus, RoomTypeId) values (69, 'RoomPU16', null, 1, 1);
insert into Room (RoomId, RoomName, Note, RoomStatus, RoomTypeId) values (70, 'RoomKA02', null, 1, 1);
insert into Room (RoomId, RoomName, Note, RoomStatus, RoomTypeId) values (71, 'RoomJI02', null, 1, 2);
insert into Room (RoomId, RoomName, Note, RoomStatus, RoomTypeId) values (72, 'RoomQO10', null, 1, 2);
insert into Room (RoomId, RoomName, Note, RoomStatus, RoomTypeId) values (73, 'RoomFF41', null, 2, 3);
insert into Room (RoomId, RoomName, Note, RoomStatus, RoomTypeId) values (74, 'RoomYD23', null, 1, 3);
insert into Room (RoomId, RoomName, Note, RoomStatus, RoomTypeId) values (75, 'RoomNY11', null, 1, 2);
insert into Room (RoomId, RoomName, Note, RoomStatus, RoomTypeId) values (76, 'RoomTO49', null, 1, 3);
insert into Room (RoomId, RoomName, Note, RoomStatus, RoomTypeId) values (77, 'RoomKU73', null, 2, 3);
insert into Room (RoomId, RoomName, Note, RoomStatus, RoomTypeId) values (78, 'RoomZR83', null, 1, 1);
insert into Room (RoomId, RoomName, Note, RoomStatus, RoomTypeId) values (79, 'RoomCG03', null, 2, 3);
insert into Room (RoomId, RoomName, Note, RoomStatus, RoomTypeId) values (80, 'RoomDC99', null, 2, 2);
insert into Room (RoomId, RoomName, Note, RoomStatus, RoomTypeId) values (81, 'RoomNG84', null, 1, 2);
insert into Room (RoomId, RoomName, Note, RoomStatus, RoomTypeId) values (82, 'RoomVT71', null, 2, 1);
insert into Room (RoomId, RoomName, Note, RoomStatus, RoomTypeId) values (83, 'RoomJQ08', null, 1, 2);
insert into Room (RoomId, RoomName, Note, RoomStatus, RoomTypeId) values (84, 'RoomYA66', null, 2, 1);
insert into Room (RoomId, RoomName, Note, RoomStatus, RoomTypeId) values (85, 'RoomYV26', null, 2, 1);
insert into Room (RoomId, RoomName, Note, RoomStatus, RoomTypeId) values (86, 'RoomDO79', null, 2, 2);
insert into Room (RoomId, RoomName, Note, RoomStatus, RoomTypeId) values (87, 'RoomBC43', null, 1, 3);
insert into Room (RoomId, RoomName, Note, RoomStatus, RoomTypeId) values (88, 'RoomWF64', null, 1, 1);
insert into Room (RoomId, RoomName, Note, RoomStatus, RoomTypeId) values (89, 'RoomIP04', null, 1, 2);
insert into Room (RoomId, RoomName, Note, RoomStatus, RoomTypeId) values (90, 'RoomBQ49', null, 2, 3);
insert into Room (RoomId, RoomName, Note, RoomStatus, RoomTypeId) values (91, 'RoomZE86', null, 1, 1);
insert into Room (RoomId, RoomName, Note, RoomStatus, RoomTypeId) values (92, 'RoomDD13', null, 2, 3);
insert into Room (RoomId, RoomName, Note, RoomStatus, RoomTypeId) values (93, 'RoomFE38', null, 1, 2);
insert into Room (RoomId, RoomName, Note, RoomStatus, RoomTypeId) values (94, 'RoomOQ05', null, 1, 1);
insert into Room (RoomId, RoomName, Note, RoomStatus, RoomTypeId) values (95, 'RoomBT25', null, 2, 2);
insert into Room (RoomId, RoomName, Note, RoomStatus, RoomTypeId) values (96, 'RoomFH37', null, 1, 2);
insert into Room (RoomId, RoomName, Note, RoomStatus, RoomTypeId) values (97, 'RoomEZ74', null, 2, 3);
insert into Room (RoomId, RoomName, Note, RoomStatus, RoomTypeId) values (98, 'RoomTI49', null, 2, 3);
insert into Room (RoomId, RoomName, Note, RoomStatus, RoomTypeId) values (99, 'RoomUN38', null, 2, 1);
insert into Room (RoomId, RoomName, Note, RoomStatus, RoomTypeId) values (100, 'RoomRU92', null, 2, 1);
insert into Room (RoomId, RoomName, Note, RoomStatus, RoomTypeId) values (101, 'RoomSQ34', null, 1, 3);
insert into Room (RoomId, RoomName, Note, RoomStatus, RoomTypeId) values (102, 'RoomCH83', null, 2, 3);
insert into Room (RoomId, RoomName, Note, RoomStatus, RoomTypeId) values (103, 'RoomOQ97', null, 2, 1);
insert into Room (RoomId, RoomName, Note, RoomStatus, RoomTypeId) values (104, 'RoomHZ06', null, 1, 3);
insert into Room (RoomId, RoomName, Note, RoomStatus, RoomTypeId) values (105, 'RoomZE14', null, 2, 3);
insert into Room (RoomId, RoomName, Note, RoomStatus, RoomTypeId) values (106, 'RoomKW91', null, 2, 3);
insert into Room (RoomId, RoomName, Note, RoomStatus, RoomTypeId) values (107, 'RoomOU09', null, 1, 3);
insert into Room (RoomId, RoomName, Note, RoomStatus, RoomTypeId) values (108, 'RoomWL82', null, 2, 3);
insert into Room (RoomId, RoomName, Note, RoomStatus, RoomTypeId) values (109, 'RoomKX40', null, 1, 3);
insert into Room (RoomId, RoomName, Note, RoomStatus, RoomTypeId) values (110, 'RoomTP81', null, 1, 2);
insert into Room (RoomId, RoomName, Note, RoomStatus, RoomTypeId) values (111, 'RoomOE99', null, 1, 2);
insert into Room (RoomId, RoomName, Note, RoomStatus, RoomTypeId) values (112, 'RoomJP00', null, 2, 3);
insert into Room (RoomId, RoomName, Note, RoomStatus, RoomTypeId) values (113, 'RoomSF30', null, 2, 3);
insert into Room (RoomId, RoomName, Note, RoomStatus, RoomTypeId) values (114, 'RoomPP44', null, 1, 3);
insert into Room (RoomId, RoomName, Note, RoomStatus, RoomTypeId) values (115, 'RoomJJ09', null, 1, 2);
insert into Room (RoomId, RoomName, Note, RoomStatus, RoomTypeId) values (116, 'RoomMI98', null, 2, 3);
insert into Room (RoomId, RoomName, Note, RoomStatus, RoomTypeId) values (117, 'RoomYF84', null, 2, 3);
insert into Room (RoomId, RoomName, Note, RoomStatus, RoomTypeId) values (118, 'RoomNI42', null, 1, 3);
insert into Room (RoomId, RoomName, Note, RoomStatus, RoomTypeId) values (119, 'RoomSD04', null, 2, 2);
insert into Room (RoomId, RoomName, Note, RoomStatus, RoomTypeId) values (120, 'RoomVM72', null, 2, 1);
insert into Room (RoomId, RoomName, Note, RoomStatus, RoomTypeId) values (121, 'RoomRO95', null, 1, 3);
insert into Room (RoomId, RoomName, Note, RoomStatus, RoomTypeId) values (122, 'RoomMO39', null, 2, 2);
insert into Room (RoomId, RoomName, Note, RoomStatus, RoomTypeId) values (123, 'RoomIQ71', null, 1, 1);
insert into Room (RoomId, RoomName, Note, RoomStatus, RoomTypeId) values (124, 'RoomAW88', null, 1, 2);
insert into Room (RoomId, RoomName, Note, RoomStatus, RoomTypeId) values (125, 'RoomXV61', null, 2, 1);
insert into Room (RoomId, RoomName, Note, RoomStatus, RoomTypeId) values (126, 'RoomSY58', null, 2, 3);
insert into Room (RoomId, RoomName, Note, RoomStatus, RoomTypeId) values (127, 'RoomJF40', null, 2, 3);
insert into Room (RoomId, RoomName, Note, RoomStatus, RoomTypeId) values (128, 'RoomZQ00', null, 2, 2);
insert into Room (RoomId, RoomName, Note, RoomStatus, RoomTypeId) values (129, 'RoomXZ44', null, 2, 1);
insert into Room (RoomId, RoomName, Note, RoomStatus, RoomTypeId) values (130, 'RoomAD30', null, 1, 2);
insert into Room (RoomId, RoomName, Note, RoomStatus, RoomTypeId) values (131, 'RoomYQ45', null, 1, 2);
insert into Room (RoomId, RoomName, Note, RoomStatus, RoomTypeId) values (132, 'RoomBV79', null, 1, 1);
insert into Room (RoomId, RoomName, Note, RoomStatus, RoomTypeId) values (133, 'RoomKI43', null, 1, 3);
insert into Room (RoomId, RoomName, Note, RoomStatus, RoomTypeId) values (134, 'RoomWH80', null, 1, 1);
insert into Room (RoomId, RoomName, Note, RoomStatus, RoomTypeId) values (135, 'RoomXU54', null, 2, 3);
insert into Room (RoomId, RoomName, Note, RoomStatus, RoomTypeId) values (136, 'RoomSX16', null, 1, 2);
insert into Room (RoomId, RoomName, Note, RoomStatus, RoomTypeId) values (137, 'RoomWB18', null, 1, 1);
insert into Room (RoomId, RoomName, Note, RoomStatus, RoomTypeId) values (138, 'RoomHG43', null, 1, 1);
insert into Room (RoomId, RoomName, Note, RoomStatus, RoomTypeId) values (139, 'RoomBO62', null, 2, 3);
insert into Room (RoomId, RoomName, Note, RoomStatus, RoomTypeId) values (140, 'RoomVE96', null, 1, 1);
insert into Room (RoomId, RoomName, Note, RoomStatus, RoomTypeId) values (141, 'RoomDG91', null, 2, 3);
insert into Room (RoomId, RoomName, Note, RoomStatus, RoomTypeId) values (142, 'RoomNB82', null, 2, 1);
insert into Room (RoomId, RoomName, Note, RoomStatus, RoomTypeId) values (143, 'RoomQF58', null, 1, 2);
insert into Room (RoomId, RoomName, Note, RoomStatus, RoomTypeId) values (144, 'RoomMN87', null, 1, 1);
insert into Room (RoomId, RoomName, Note, RoomStatus, RoomTypeId) values (145, 'RoomNE14', null, 2, 3);
insert into Room (RoomId, RoomName, Note, RoomStatus, RoomTypeId) values (146, 'RoomAP13', null, 1, 1);
insert into Room (RoomId, RoomName, Note, RoomStatus, RoomTypeId) values (147, 'RoomQB19', null, 2, 3);
insert into Room (RoomId, RoomName, Note, RoomStatus, RoomTypeId) values (148, 'RoomSV44', null, 1, 3);
insert into Room (RoomId, RoomName, Note, RoomStatus, RoomTypeId) values (149, 'RoomFL88', null, 2, 3);
insert into Room (RoomId, RoomName, Note, RoomStatus, RoomTypeId) values (150, 'RoomDU69', null, 2, 3);
insert into Room (RoomId, RoomName, Note, RoomStatus, RoomTypeId) values (151, 'RoomAJ70', null, 1, 1);
insert into Room (RoomId, RoomName, Note, RoomStatus, RoomTypeId) values (152, 'RoomLW44', null, 2, 2);
insert into Room (RoomId, RoomName, Note, RoomStatus, RoomTypeId) values (153, 'RoomBK57', null, 2, 3);
insert into Room (RoomId, RoomName, Note, RoomStatus, RoomTypeId) values (154, 'RoomRP54', null, 1, 2);
insert into Room (RoomId, RoomName, Note, RoomStatus, RoomTypeId) values (155, 'RoomDB72', null, 2, 2);
insert into Room (RoomId, RoomName, Note, RoomStatus, RoomTypeId) values (156, 'RoomQS01', null, 1, 1);
insert into Room (RoomId, RoomName, Note, RoomStatus, RoomTypeId) values (157, 'RoomZM77', null, 2, 3);
insert into Room (RoomId, RoomName, Note, RoomStatus, RoomTypeId) values (158, 'RoomAD73', null, 1, 3);
insert into Room (RoomId, RoomName, Note, RoomStatus, RoomTypeId) values (159, 'RoomIM18', null, 1, 2);
insert into Room (RoomId, RoomName, Note, RoomStatus, RoomTypeId) values (160, 'RoomFA18', null, 1, 1);
insert into Room (RoomId, RoomName, Note, RoomStatus, RoomTypeId) values (161, 'RoomOK26', null, 1, 2);
insert into Room (RoomId, RoomName, Note, RoomStatus, RoomTypeId) values (162, 'RoomJQ64', null, 2, 2);
insert into Room (RoomId, RoomName, Note, RoomStatus, RoomTypeId) values (163, 'RoomLU15', null, 1, 2);
insert into Room (RoomId, RoomName, Note, RoomStatus, RoomTypeId) values (164, 'RoomHX59', null, 2, 1);
insert into Room (RoomId, RoomName, Note, RoomStatus, RoomTypeId) values (165, 'RoomWW80', null, 2, 2);
insert into Room (RoomId, RoomName, Note, RoomStatus, RoomTypeId) values (166, 'RoomHI41', null, 2, 1);
insert into Room (RoomId, RoomName, Note, RoomStatus, RoomTypeId) values (167, 'RoomYG94', null, 2, 1);
insert into Room (RoomId, RoomName, Note, RoomStatus, RoomTypeId) values (168, 'RoomAM15', null, 2, 2);
insert into Room (RoomId, RoomName, Note, RoomStatus, RoomTypeId) values (169, 'RoomGZ96', null, 2, 2);
insert into Room (RoomId, RoomName, Note, RoomStatus, RoomTypeId) values (170, 'RoomBB99', null, 1, 1);
insert into Room (RoomId, RoomName, Note, RoomStatus, RoomTypeId) values (171, 'RoomMQ46', null, 1, 1);
insert into Room (RoomId, RoomName, Note, RoomStatus, RoomTypeId) values (172, 'RoomIF07', null, 2, 3);
insert into Room (RoomId, RoomName, Note, RoomStatus, RoomTypeId) values (173, 'RoomAS45', null, 1, 3);
insert into Room (RoomId, RoomName, Note, RoomStatus, RoomTypeId) values (174, 'RoomII86', null, 1, 2);
insert into Room (RoomId, RoomName, Note, RoomStatus, RoomTypeId) values (175, 'RoomKO56', null, 2, 2);
insert into Room (RoomId, RoomName, Note, RoomStatus, RoomTypeId) values (176, 'RoomIV94', null, 1, 1);
insert into Room (RoomId, RoomName, Note, RoomStatus, RoomTypeId) values (177, 'RoomDU60', null, 2, 3);
insert into Room (RoomId, RoomName, Note, RoomStatus, RoomTypeId) values (178, 'RoomMV02', null, 1, 1);
insert into Room (RoomId, RoomName, Note, RoomStatus, RoomTypeId) values (179, 'RoomYC16', null, 2, 2);
insert into Room (RoomId, RoomName, Note, RoomStatus, RoomTypeId) values (180, 'RoomBA77', null, 1, 1);
insert into Room (RoomId, RoomName, Note, RoomStatus, RoomTypeId) values (181, 'RoomNA65', null, 2, 3);
insert into Room (RoomId, RoomName, Note, RoomStatus, RoomTypeId) values (182, 'RoomXK32', null, 2, 2);
insert into Room (RoomId, RoomName, Note, RoomStatus, RoomTypeId) values (183, 'RoomPK17', null, 1, 2);
insert into Room (RoomId, RoomName, Note, RoomStatus, RoomTypeId) values (184, 'RoomHB95', null, 1, 1);
insert into Room (RoomId, RoomName, Note, RoomStatus, RoomTypeId) values (185, 'RoomQK43', null, 1, 1);
insert into Room (RoomId, RoomName, Note, RoomStatus, RoomTypeId) values (186, 'RoomLF49', null, 1, 3);
insert into Room (RoomId, RoomName, Note, RoomStatus, RoomTypeId) values (187, 'RoomTS88', null, 1, 2);
insert into Room (RoomId, RoomName, Note, RoomStatus, RoomTypeId) values (188, 'RoomYV55', null, 2, 1);
insert into Room (RoomId, RoomName, Note, RoomStatus, RoomTypeId) values (189, 'RoomLC50', null, 1, 1);
insert into Room (RoomId, RoomName, Note, RoomStatus, RoomTypeId) values (190, 'RoomBC67', null, 1, 3);
insert into Room (RoomId, RoomName, Note, RoomStatus, RoomTypeId) values (191, 'RoomVF03', null, 1, 3);
insert into Room (RoomId, RoomName, Note, RoomStatus, RoomTypeId) values (192, 'RoomGN63', null, 2, 1);
insert into Room (RoomId, RoomName, Note, RoomStatus, RoomTypeId) values (193, 'RoomHR24', null, 2, 3);
insert into Room (RoomId, RoomName, Note, RoomStatus, RoomTypeId) values (194, 'RoomKU86', null, 1, 1);
insert into Room (RoomId, RoomName, Note, RoomStatus, RoomTypeId) values (195, 'RoomGG23', null, 2, 3);
insert into Room (RoomId, RoomName, Note, RoomStatus, RoomTypeId) values (196, 'RoomTQ37', null, 1, 1);
insert into Room (RoomId, RoomName, Note, RoomStatus, RoomTypeId) values (197, 'RoomXF23', null, 1, 1);
insert into Room (RoomId, RoomName, Note, RoomStatus, RoomTypeId) values (198, 'RoomYZ98', null, 1, 2);
insert into Room (RoomId, RoomName, Note, RoomStatus, RoomTypeId) values (199, 'RoomYG00', null, 2, 2);
insert into Room (RoomId, RoomName, Note, RoomStatus, RoomTypeId) values (200, 'RoomBP81', null, 1, 2);
insert into Room (RoomId, RoomName, Note, RoomStatus, RoomTypeId) values (201, 'RoomFE69', null, 1, 3);
insert into Room (RoomId, RoomName, Note, RoomStatus, RoomTypeId) values (202, 'RoomJJ51', null, 2, 1);
insert into Room (RoomId, RoomName, Note, RoomStatus, RoomTypeId) values (203, 'RoomAP85', null, 1, 3);
insert into Room (RoomId, RoomName, Note, RoomStatus, RoomTypeId) values (204, 'RoomGC67', null, 1, 2);
insert into Room (RoomId, RoomName, Note, RoomStatus, RoomTypeId) values (205, 'RoomLV50', null, 2, 1);
insert into Room (RoomId, RoomName, Note, RoomStatus, RoomTypeId) values (206, 'RoomPQ19', null, 2, 3);
insert into Room (RoomId, RoomName, Note, RoomStatus, RoomTypeId) values (207, 'RoomUX33', null, 2, 1);
insert into Room (RoomId, RoomName, Note, RoomStatus, RoomTypeId) values (208, 'RoomUC86', null, 1, 2);
insert into Room (RoomId, RoomName, Note, RoomStatus, RoomTypeId) values (209, 'RoomOE31', null, 1, 2);
insert into Room (RoomId, RoomName, Note, RoomStatus, RoomTypeId) values (210, 'RoomSA76', null, 2, 3);
insert into Room (RoomId, RoomName, Note, RoomStatus, RoomTypeId) values (211, 'RoomOS90', null, 2, 2);
insert into Room (RoomId, RoomName, Note, RoomStatus, RoomTypeId) values (212, 'RoomFK28', null, 2, 3);
insert into Room (RoomId, RoomName, Note, RoomStatus, RoomTypeId) values (213, 'RoomQF08', null, 1, 3);
insert into Room (RoomId, RoomName, Note, RoomStatus, RoomTypeId) values (214, 'RoomJD53', null, 1, 1);
insert into Room (RoomId, RoomName, Note, RoomStatus, RoomTypeId) values (215, 'RoomXG87', null, 1, 2);
insert into Room (RoomId, RoomName, Note, RoomStatus, RoomTypeId) values (216, 'RoomIV93', null, 2, 2);
insert into Room (RoomId, RoomName, Note, RoomStatus, RoomTypeId) values (217, 'RoomXZ88', null, 2, 1);
insert into Room (RoomId, RoomName, Note, RoomStatus, RoomTypeId) values (218, 'RoomMI13', null, 2, 3);
insert into Room (RoomId, RoomName, Note, RoomStatus, RoomTypeId) values (219, 'RoomIM56', null, 1, 1);
insert into Room (RoomId, RoomName, Note, RoomStatus, RoomTypeId) values (220, 'RoomIE57', null, 1, 3);
insert into Room (RoomId, RoomName, Note, RoomStatus, RoomTypeId) values (221, 'RoomON77', null, 1, 3);
insert into Room (RoomId, RoomName, Note, RoomStatus, RoomTypeId) values (222, 'RoomGX25', null, 2, 2);
insert into Room (RoomId, RoomName, Note, RoomStatus, RoomTypeId) values (223, 'RoomSV07', null, 2, 2);
insert into Room (RoomId, RoomName, Note, RoomStatus, RoomTypeId) values (224, 'RoomAB31', null, 1, 3);
insert into Room (RoomId, RoomName, Note, RoomStatus, RoomTypeId) values (225, 'RoomCW91', null, 2, 2);
insert into Room (RoomId, RoomName, Note, RoomStatus, RoomTypeId) values (226, 'RoomOP98', null, 2, 3);
insert into Room (RoomId, RoomName, Note, RoomStatus, RoomTypeId) values (227, 'RoomHN31', null, 1, 2);
insert into Room (RoomId, RoomName, Note, RoomStatus, RoomTypeId) values (228, 'RoomQE37', null, 1, 2);
insert into Room (RoomId, RoomName, Note, RoomStatus, RoomTypeId) values (229, 'RoomSE72', null, 1, 1);
insert into Room (RoomId, RoomName, Note, RoomStatus, RoomTypeId) values (230, 'RoomEK15', null, 1, 2);
insert into Room (RoomId, RoomName, Note, RoomStatus, RoomTypeId) values (231, 'RoomEH89', null, 1, 3);
insert into Room (RoomId, RoomName, Note, RoomStatus, RoomTypeId) values (232, 'RoomRK34', null, 1, 3);
insert into Room (RoomId, RoomName, Note, RoomStatus, RoomTypeId) values (233, 'RoomXP25', null, 1, 3);
insert into Room (RoomId, RoomName, Note, RoomStatus, RoomTypeId) values (234, 'RoomUW19', null, 1, 2);
insert into Room (RoomId, RoomName, Note, RoomStatus, RoomTypeId) values (235, 'RoomQI78', null, 2, 3);
insert into Room (RoomId, RoomName, Note, RoomStatus, RoomTypeId) values (236, 'RoomNQ22', null, 1, 3);
insert into Room (RoomId, RoomName, Note, RoomStatus, RoomTypeId) values (237, 'RoomXD44', null, 1, 3);
insert into Room (RoomId, RoomName, Note, RoomStatus, RoomTypeId) values (238, 'RoomVC07', null, 2, 3);
insert into Room (RoomId, RoomName, Note, RoomStatus, RoomTypeId) values (239, 'RoomFJ42', null, 2, 3);
insert into Room (RoomId, RoomName, Note, RoomStatus, RoomTypeId) values (240, 'RoomAR66', null, 2, 2);
insert into Room (RoomId, RoomName, Note, RoomStatus, RoomTypeId) values (241, 'RoomYE77', null, 1, 3);
insert into Room (RoomId, RoomName, Note, RoomStatus, RoomTypeId) values (242, 'RoomZI27', null, 1, 3);
insert into Room (RoomId, RoomName, Note, RoomStatus, RoomTypeId) values (243, 'RoomCO35', null, 2, 1);
insert into Room (RoomId, RoomName, Note, RoomStatus, RoomTypeId) values (244, 'RoomFU55', null, 1, 1);
insert into Room (RoomId, RoomName, Note, RoomStatus, RoomTypeId) values (245, 'RoomPS00', null, 2, 2);
insert into Room (RoomId, RoomName, Note, RoomStatus, RoomTypeId) values (246, 'RoomZV75', null, 2, 3);
insert into Room (RoomId, RoomName, Note, RoomStatus, RoomTypeId) values (247, 'RoomBN47', null, 2, 3);
insert into Room (RoomId, RoomName, Note, RoomStatus, RoomTypeId) values (248, 'RoomXQ21', null, 1, 3);
insert into Room (RoomId, RoomName, Note, RoomStatus, RoomTypeId) values (249, 'RoomSX20', null, 2, 2);
insert into Room (RoomId, RoomName, Note, RoomStatus, RoomTypeId) values (250, 'RoomPM28', null, 1, 3);
insert into Room (RoomId, RoomName, Note, RoomStatus, RoomTypeId) values (251, 'RoomTI48', null, 1, 3);
insert into Room (RoomId, RoomName, Note, RoomStatus, RoomTypeId) values (252, 'RoomAT97', null, 2, 3);
insert into Room (RoomId, RoomName, Note, RoomStatus, RoomTypeId) values (253, 'RoomKI37', null, 1, 3);
insert into Room (RoomId, RoomName, Note, RoomStatus, RoomTypeId) values (254, 'RoomXV16', null, 2, 3);
insert into Room (RoomId, RoomName, Note, RoomStatus, RoomTypeId) values (255, 'RoomBX09', null, 1, 3);
insert into Room (RoomId, RoomName, Note, RoomStatus, RoomTypeId) values (256, 'RoomYN85', null, 2, 1);
insert into Room (RoomId, RoomName, Note, RoomStatus, RoomTypeId) values (257, 'RoomJI93', null, 2, 3);
insert into Room (RoomId, RoomName, Note, RoomStatus, RoomTypeId) values (258, 'RoomWA31', null, 2, 1);
insert into Room (RoomId, RoomName, Note, RoomStatus, RoomTypeId) values (259, 'RoomMM44', null, 1, 3);
insert into Room (RoomId, RoomName, Note, RoomStatus, RoomTypeId) values (260, 'RoomXU75', null, 2, 3);
insert into Room (RoomId, RoomName, Note, RoomStatus, RoomTypeId) values (261, 'RoomNT91', null, 2, 2);
insert into Room (RoomId, RoomName, Note, RoomStatus, RoomTypeId) values (262, 'RoomJY95', null, 2, 2);
insert into Room (RoomId, RoomName, Note, RoomStatus, RoomTypeId) values (263, 'RoomTT91', null, 2, 1);
insert into Room (RoomId, RoomName, Note, RoomStatus, RoomTypeId) values (264, 'RoomJC97', null, 1, 2);
insert into Room (RoomId, RoomName, Note, RoomStatus, RoomTypeId) values (265, 'RoomNF04', null, 2, 1);
insert into Room (RoomId, RoomName, Note, RoomStatus, RoomTypeId) values (266, 'RoomIE20', null, 2, 1);
insert into Room (RoomId, RoomName, Note, RoomStatus, RoomTypeId) values (267, 'RoomGM17', null, 2, 2);
insert into Room (RoomId, RoomName, Note, RoomStatus, RoomTypeId) values (268, 'RoomJU56', null, 1, 2);
insert into Room (RoomId, RoomName, Note, RoomStatus, RoomTypeId) values (269, 'RoomDI74', null, 1, 3);
insert into Room (RoomId, RoomName, Note, RoomStatus, RoomTypeId) values (270, 'RoomAX66', null, 2, 2);
insert into Room (RoomId, RoomName, Note, RoomStatus, RoomTypeId) values (271, 'RoomDW74', null, 2, 2);
insert into Room (RoomId, RoomName, Note, RoomStatus, RoomTypeId) values (272, 'RoomUV47', null, 1, 1);
insert into Room (RoomId, RoomName, Note, RoomStatus, RoomTypeId) values (273, 'RoomTJ62', null, 1, 2);
insert into Room (RoomId, RoomName, Note, RoomStatus, RoomTypeId) values (274, 'RoomUV49', null, 1, 1);
insert into Room (RoomId, RoomName, Note, RoomStatus, RoomTypeId) values (275, 'RoomTH02', null, 2, 3);
insert into Room (RoomId, RoomName, Note, RoomStatus, RoomTypeId) values (276, 'RoomBZ31', null, 1, 1);
insert into Room (RoomId, RoomName, Note, RoomStatus, RoomTypeId) values (277, 'RoomXN05', null, 1, 2);
insert into Room (RoomId, RoomName, Note, RoomStatus, RoomTypeId) values (278, 'RoomUA65', null, 1, 1);
insert into Room (RoomId, RoomName, Note, RoomStatus, RoomTypeId) values (279, 'RoomGI31', null, 2, 2);
insert into Room (RoomId, RoomName, Note, RoomStatus, RoomTypeId) values (280, 'RoomXM65', null, 2, 3);
insert into Room (RoomId, RoomName, Note, RoomStatus, RoomTypeId) values (281, 'RoomJP91', null, 2, 2);
insert into Room (RoomId, RoomName, Note, RoomStatus, RoomTypeId) values (282, 'RoomWJ71', null, 2, 1);
insert into Room (RoomId, RoomName, Note, RoomStatus, RoomTypeId) values (283, 'RoomOO89', null, 2, 3);
insert into Room (RoomId, RoomName, Note, RoomStatus, RoomTypeId) values (284, 'RoomEE45', null, 1, 1);
insert into Room (RoomId, RoomName, Note, RoomStatus, RoomTypeId) values (285, 'RoomLZ34', null, 2, 2);
insert into Room (RoomId, RoomName, Note, RoomStatus, RoomTypeId) values (286, 'RoomBI44', null, 2, 3);
insert into Room (RoomId, RoomName, Note, RoomStatus, RoomTypeId) values (287, 'RoomNQ21', null, 1, 1);
insert into Room (RoomId, RoomName, Note, RoomStatus, RoomTypeId) values (288, 'RoomLN44', null, 1, 2);
insert into Room (RoomId, RoomName, Note, RoomStatus, RoomTypeId) values (289, 'RoomBX21', null, 2, 3);
insert into Room (RoomId, RoomName, Note, RoomStatus, RoomTypeId) values (290, 'RoomIP66', null, 1, 1);
insert into Room (RoomId, RoomName, Note, RoomStatus, RoomTypeId) values (291, 'RoomUK43', null, 1, 3);
insert into Room (RoomId, RoomName, Note, RoomStatus, RoomTypeId) values (292, 'RoomMY73', null, 2, 1);
insert into Room (RoomId, RoomName, Note, RoomStatus, RoomTypeId) values (293, 'RoomYE97', null, 2, 2);
insert into Room (RoomId, RoomName, Note, RoomStatus, RoomTypeId) values (294, 'RoomMO07', null, 2, 3);
insert into Room (RoomId, RoomName, Note, RoomStatus, RoomTypeId) values (295, 'RoomUA04', null, 1, 1);
insert into Room (RoomId, RoomName, Note, RoomStatus, RoomTypeId) values (296, 'RoomLY26', null, 1, 1);
insert into Room (RoomId, RoomName, Note, RoomStatus, RoomTypeId) values (297, 'RoomCT22', null, 2, 2);
insert into Room (RoomId, RoomName, Note, RoomStatus, RoomTypeId) values (298, 'RoomGA61', null, 2, 3);
insert into Room (RoomId, RoomName, Note, RoomStatus, RoomTypeId) values (299, 'RoomLX80', null, 1, 1);
insert into Room (RoomId, RoomName, Note, RoomStatus, RoomTypeId) values (300, 'RoomYY73', null, 2, 1);
insert into Room (RoomId, RoomName, Note, RoomStatus, RoomTypeId) values (301, 'RoomBY06', null, 2, 1);
insert into Room (RoomId, RoomName, Note, RoomStatus, RoomTypeId) values (302, 'RoomID86', null, 1, 3);
insert into Room (RoomId, RoomName, Note, RoomStatus, RoomTypeId) values (303, 'RoomJU49', null, 1, 1);
insert into Room (RoomId, RoomName, Note, RoomStatus, RoomTypeId) values (304, 'RoomFN24', null, 1, 3);
insert into Room (RoomId, RoomName, Note, RoomStatus, RoomTypeId) values (305, 'RoomNU36', null, 2, 1);
insert into Room (RoomId, RoomName, Note, RoomStatus, RoomTypeId) values (306, 'RoomUV82', null, 1, 3);
insert into Room (RoomId, RoomName, Note, RoomStatus, RoomTypeId) values (307, 'RoomVJ36', null, 1, 2);
insert into Room (RoomId, RoomName, Note, RoomStatus, RoomTypeId) values (308, 'RoomJR95', null, 1, 1);
insert into Room (RoomId, RoomName, Note, RoomStatus, RoomTypeId) values (309, 'RoomZA89', null, 1, 1);
insert into Room (RoomId, RoomName, Note, RoomStatus, RoomTypeId) values (310, 'RoomMF68', null, 2, 3);
insert into Room (RoomId, RoomName, Note, RoomStatus, RoomTypeId) values (311, 'RoomEI43', null, 1, 2);
insert into Room (RoomId, RoomName, Note, RoomStatus, RoomTypeId) values (312, 'RoomCL52', null, 2, 3);
insert into Room (RoomId, RoomName, Note, RoomStatus, RoomTypeId) values (313, 'RoomQO66', null, 1, 1);
insert into Room (RoomId, RoomName, Note, RoomStatus, RoomTypeId) values (314, 'RoomFJ73', null, 2, 2);
insert into Room (RoomId, RoomName, Note, RoomStatus, RoomTypeId) values (315, 'RoomCJ98', null, 2, 1);
insert into Room (RoomId, RoomName, Note, RoomStatus, RoomTypeId) values (316, 'RoomPU70', null, 2, 3);
insert into Room (RoomId, RoomName, Note, RoomStatus, RoomTypeId) values (317, 'RoomSP63', null, 2, 3);
insert into Room (RoomId, RoomName, Note, RoomStatus, RoomTypeId) values (318, 'RoomQF35', null, 1, 3);
insert into Room (RoomId, RoomName, Note, RoomStatus, RoomTypeId) values (319, 'RoomCA52', null, 1, 2);
insert into Room (RoomId, RoomName, Note, RoomStatus, RoomTypeId) values (320, 'RoomWR75', null, 2, 3);
insert into Room (RoomId, RoomName, Note, RoomStatus, RoomTypeId) values (321, 'RoomAA73', null, 2, 3);
insert into Room (RoomId, RoomName, Note, RoomStatus, RoomTypeId) values (322, 'RoomPI13', null, 1, 1);
insert into Room (RoomId, RoomName, Note, RoomStatus, RoomTypeId) values (323, 'RoomST16', null, 1, 3);
insert into Room (RoomId, RoomName, Note, RoomStatus, RoomTypeId) values (324, 'RoomQN18', null, 2, 2);
insert into Room (RoomId, RoomName, Note, RoomStatus, RoomTypeId) values (325, 'RoomQJ57', null, 1, 2);
insert into Room (RoomId, RoomName, Note, RoomStatus, RoomTypeId) values (326, 'RoomZC22', null, 2, 2);
insert into Room (RoomId, RoomName, Note, RoomStatus, RoomTypeId) values (327, 'RoomNR10', null, 1, 2);
insert into Room (RoomId, RoomName, Note, RoomStatus, RoomTypeId) values (328, 'RoomOW88', null, 1, 2);
insert into Room (RoomId, RoomName, Note, RoomStatus, RoomTypeId) values (329, 'RoomOD23', null, 1, 1);
insert into Room (RoomId, RoomName, Note, RoomStatus, RoomTypeId) values (330, 'RoomNQ49', null, 1, 2);
insert into Room (RoomId, RoomName, Note, RoomStatus, RoomTypeId) values (331, 'RoomJD95', null, 1, 3);
insert into Room (RoomId, RoomName, Note, RoomStatus, RoomTypeId) values (332, 'RoomOI95', null, 1, 3);
insert into Room (RoomId, RoomName, Note, RoomStatus, RoomTypeId) values (333, 'RoomEM30', null, 1, 2);
insert into Room (RoomId, RoomName, Note, RoomStatus, RoomTypeId) values (334, 'RoomTY75', null, 1, 2);
insert into Room (RoomId, RoomName, Note, RoomStatus, RoomTypeId) values (335, 'RoomHX88', null, 2, 3);
insert into Room (RoomId, RoomName, Note, RoomStatus, RoomTypeId) values (336, 'RoomOG28', null, 1, 3);
insert into Room (RoomId, RoomName, Note, RoomStatus, RoomTypeId) values (337, 'RoomGX30', null, 2, 1);
insert into Room (RoomId, RoomName, Note, RoomStatus, RoomTypeId) values (338, 'RoomZK31', null, 1, 3);
insert into Room (RoomId, RoomName, Note, RoomStatus, RoomTypeId) values (339, 'RoomHL36', null, 2, 3);
insert into Room (RoomId, RoomName, Note, RoomStatus, RoomTypeId) values (340, 'RoomEZ13', null, 1, 2);
insert into Room (RoomId, RoomName, Note, RoomStatus, RoomTypeId) values (341, 'RoomNQ42', null, 1, 3);
insert into Room (RoomId, RoomName, Note, RoomStatus, RoomTypeId) values (342, 'RoomDE42', null, 1, 1);
insert into Room (RoomId, RoomName, Note, RoomStatus, RoomTypeId) values (343, 'RoomMX01', null, 2, 1);
insert into Room (RoomId, RoomName, Note, RoomStatus, RoomTypeId) values (344, 'RoomMP91', null, 2, 2);
insert into Room (RoomId, RoomName, Note, RoomStatus, RoomTypeId) values (345, 'RoomGX84', null, 2, 3);
insert into Room (RoomId, RoomName, Note, RoomStatus, RoomTypeId) values (346, 'RoomHC42', null, 1, 1);
insert into Room (RoomId, RoomName, Note, RoomStatus, RoomTypeId) values (347, 'RoomTG41', null, 2, 1);
insert into Room (RoomId, RoomName, Note, RoomStatus, RoomTypeId) values (348, 'RoomWQ71', null, 2, 3);
insert into Room (RoomId, RoomName, Note, RoomStatus, RoomTypeId) values (349, 'RoomYU24', null, 2, 1);
insert into Room (RoomId, RoomName, Note, RoomStatus, RoomTypeId) values (350, 'RoomLF83', null, 2, 2);
insert into Room (RoomId, RoomName, Note, RoomStatus, RoomTypeId) values (351, 'RoomUP24', null, 1, 1);
insert into Room (RoomId, RoomName, Note, RoomStatus, RoomTypeId) values (352, 'RoomZH62', null, 2, 1);
insert into Room (RoomId, RoomName, Note, RoomStatus, RoomTypeId) values (353, 'RoomND86', null, 1, 3);
insert into Room (RoomId, RoomName, Note, RoomStatus, RoomTypeId) values (354, 'RoomZS42', null, 1, 1);
insert into Room (RoomId, RoomName, Note, RoomStatus, RoomTypeId) values (355, 'RoomOY00', null, 1, 1);
insert into Room (RoomId, RoomName, Note, RoomStatus, RoomTypeId) values (356, 'RoomPS06', null, 2, 3);
insert into Room (RoomId, RoomName, Note, RoomStatus, RoomTypeId) values (357, 'RoomUJ10', null, 2, 2);
insert into Room (RoomId, RoomName, Note, RoomStatus, RoomTypeId) values (358, 'RoomEN08', null, 2, 3);
insert into Room (RoomId, RoomName, Note, RoomStatus, RoomTypeId) values (359, 'RoomVG63', null, 2, 3);
insert into Room (RoomId, RoomName, Note, RoomStatus, RoomTypeId) values (360, 'RoomYY90', null, 2, 3);
insert into Room (RoomId, RoomName, Note, RoomStatus, RoomTypeId) values (361, 'RoomVN95', null, 2, 3);
insert into Room (RoomId, RoomName, Note, RoomStatus, RoomTypeId) values (362, 'RoomCL20', null, 2, 1);
insert into Room (RoomId, RoomName, Note, RoomStatus, RoomTypeId) values (363, 'RoomBJ94', null, 1, 3);
insert into Room (RoomId, RoomName, Note, RoomStatus, RoomTypeId) values (364, 'RoomCG35', null, 1, 1);
insert into Room (RoomId, RoomName, Note, RoomStatus, RoomTypeId) values (365, 'RoomZF12', null, 2, 1);
insert into Room (RoomId, RoomName, Note, RoomStatus, RoomTypeId) values (366, 'RoomIT82', null, 1, 2);
insert into Room (RoomId, RoomName, Note, RoomStatus, RoomTypeId) values (367, 'RoomEU00', null, 1, 3);
insert into Room (RoomId, RoomName, Note, RoomStatus, RoomTypeId) values (368, 'RoomMJ21', null, 1, 1);
insert into Room (RoomId, RoomName, Note, RoomStatus, RoomTypeId) values (369, 'RoomEF65', null, 2, 1);
insert into Room (RoomId, RoomName, Note, RoomStatus, RoomTypeId) values (370, 'RoomSJ02', null, 1, 1);
insert into Room (RoomId, RoomName, Note, RoomStatus, RoomTypeId) values (371, 'RoomQF05', null, 1, 3);
insert into Room (RoomId, RoomName, Note, RoomStatus, RoomTypeId) values (372, 'RoomEB23', null, 1, 3);
insert into Room (RoomId, RoomName, Note, RoomStatus, RoomTypeId) values (373, 'RoomAD77', null, 2, 1);
insert into Room (RoomId, RoomName, Note, RoomStatus, RoomTypeId) values (374, 'RoomLW50', null, 2, 1);
insert into Room (RoomId, RoomName, Note, RoomStatus, RoomTypeId) values (375, 'RoomZX10', null, 2, 2);
insert into Room (RoomId, RoomName, Note, RoomStatus, RoomTypeId) values (376, 'RoomAU14', null, 2, 2);
insert into Room (RoomId, RoomName, Note, RoomStatus, RoomTypeId) values (377, 'RoomPP65', null, 2, 3);
insert into Room (RoomId, RoomName, Note, RoomStatus, RoomTypeId) values (378, 'RoomYX48', null, 1, 3);
insert into Room (RoomId, RoomName, Note, RoomStatus, RoomTypeId) values (379, 'RoomLL97', null, 1, 3);
insert into Room (RoomId, RoomName, Note, RoomStatus, RoomTypeId) values (380, 'RoomVW28', null, 1, 2);
insert into Room (RoomId, RoomName, Note, RoomStatus, RoomTypeId) values (381, 'RoomPF14', null, 1, 1);
insert into Room (RoomId, RoomName, Note, RoomStatus, RoomTypeId) values (382, 'RoomRH44', null, 1, 2);
insert into Room (RoomId, RoomName, Note, RoomStatus, RoomTypeId) values (383, 'RoomST21', null, 2, 3);
insert into Room (RoomId, RoomName, Note, RoomStatus, RoomTypeId) values (384, 'RoomDH65', null, 2, 2);
insert into Room (RoomId, RoomName, Note, RoomStatus, RoomTypeId) values (385, 'RoomPS14', null, 2, 3);
insert into Room (RoomId, RoomName, Note, RoomStatus, RoomTypeId) values (386, 'RoomDD35', null, 1, 3);
insert into Room (RoomId, RoomName, Note, RoomStatus, RoomTypeId) values (387, 'RoomPI41', null, 1, 3);
insert into Room (RoomId, RoomName, Note, RoomStatus, RoomTypeId) values (388, 'RoomWU87', null, 1, 1);
insert into Room (RoomId, RoomName, Note, RoomStatus, RoomTypeId) values (389, 'RoomTY88', null, 2, 2);
insert into Room (RoomId, RoomName, Note, RoomStatus, RoomTypeId) values (390, 'RoomGB01', null, 1, 3);
insert into Room (RoomId, RoomName, Note, RoomStatus, RoomTypeId) values (391, 'RoomLK21', null, 2, 1);
insert into Room (RoomId, RoomName, Note, RoomStatus, RoomTypeId) values (392, 'RoomBY22', null, 1, 3);
insert into Room (RoomId, RoomName, Note, RoomStatus, RoomTypeId) values (393, 'RoomMK74', null, 2, 1);
insert into Room (RoomId, RoomName, Note, RoomStatus, RoomTypeId) values (394, 'RoomSW51', null, 2, 2);
insert into Room (RoomId, RoomName, Note, RoomStatus, RoomTypeId) values (395, 'RoomJQ96', null, 2, 1);
insert into Room (RoomId, RoomName, Note, RoomStatus, RoomTypeId) values (396, 'RoomAS65', null, 1, 3);
insert into Room (RoomId, RoomName, Note, RoomStatus, RoomTypeId) values (397, 'RoomJH71', null, 1, 1);
insert into Room (RoomId, RoomName, Note, RoomStatus, RoomTypeId) values (398, 'RoomII36', null, 2, 2);
insert into Room (RoomId, RoomName, Note, RoomStatus, RoomTypeId) values (399, 'RoomAO25', null, 2, 2);
insert into Room (RoomId, RoomName, Note, RoomStatus, RoomTypeId) values (400, 'RoomER47', null, 2, 2);
insert into Room (RoomId, RoomName, Note, RoomStatus, RoomTypeId) values (401, 'RoomLH08', null, 1, 1);
insert into Room (RoomId, RoomName, Note, RoomStatus, RoomTypeId) values (402, 'RoomBD63', null, 2, 1);
insert into Room (RoomId, RoomName, Note, RoomStatus, RoomTypeId) values (403, 'RoomHY04', null, 1, 1);
insert into Room (RoomId, RoomName, Note, RoomStatus, RoomTypeId) values (404, 'RoomCP06', null, 1, 2);
insert into Room (RoomId, RoomName, Note, RoomStatus, RoomTypeId) values (405, 'RoomQJ94', null, 1, 3);
insert into Room (RoomId, RoomName, Note, RoomStatus, RoomTypeId) values (406, 'RoomJU95', null, 1, 1);
insert into Room (RoomId, RoomName, Note, RoomStatus, RoomTypeId) values (407, 'RoomFK56', null, 2, 1);
insert into Room (RoomId, RoomName, Note, RoomStatus, RoomTypeId) values (408, 'RoomCC74', null, 2, 2);
insert into Room (RoomId, RoomName, Note, RoomStatus, RoomTypeId) values (409, 'RoomIX70', null, 1, 1);
insert into Room (RoomId, RoomName, Note, RoomStatus, RoomTypeId) values (410, 'RoomBK33', null, 2, 1);
insert into Room (RoomId, RoomName, Note, RoomStatus, RoomTypeId) values (411, 'RoomRO26', null, 1, 3);
insert into Room (RoomId, RoomName, Note, RoomStatus, RoomTypeId) values (412, 'RoomUJ54', null, 1, 2);
insert into Room (RoomId, RoomName, Note, RoomStatus, RoomTypeId) values (413, 'RoomUL55', null, 1, 1);
insert into Room (RoomId, RoomName, Note, RoomStatus, RoomTypeId) values (414, 'RoomGC99', null, 1, 3);
insert into Room (RoomId, RoomName, Note, RoomStatus, RoomTypeId) values (415, 'RoomXD40', null, 1, 3);
insert into Room (RoomId, RoomName, Note, RoomStatus, RoomTypeId) values (416, 'RoomKY02', null, 2, 3);
insert into Room (RoomId, RoomName, Note, RoomStatus, RoomTypeId) values (417, 'RoomOT44', null, 2, 2);
insert into Room (RoomId, RoomName, Note, RoomStatus, RoomTypeId) values (418, 'RoomOU10', null, 1, 3);
insert into Room (RoomId, RoomName, Note, RoomStatus, RoomTypeId) values (419, 'RoomSE26', null, 1, 2);
insert into Room (RoomId, RoomName, Note, RoomStatus, RoomTypeId) values (420, 'RoomXF91', null, 1, 1);
insert into Room (RoomId, RoomName, Note, RoomStatus, RoomTypeId) values (421, 'RoomQC40', null, 1, 3);
insert into Room (RoomId, RoomName, Note, RoomStatus, RoomTypeId) values (422, 'RoomSN38', null, 1, 3);
insert into Room (RoomId, RoomName, Note, RoomStatus, RoomTypeId) values (423, 'RoomTZ08', null, 2, 1);
insert into Room (RoomId, RoomName, Note, RoomStatus, RoomTypeId) values (424, 'RoomMQ65', null, 1, 1);
insert into Room (RoomId, RoomName, Note, RoomStatus, RoomTypeId) values (425, 'RoomET27', null, 2, 2);
insert into Room (RoomId, RoomName, Note, RoomStatus, RoomTypeId) values (426, 'RoomKS99', null, 1, 1);
insert into Room (RoomId, RoomName, Note, RoomStatus, RoomTypeId) values (427, 'RoomON11', null, 1, 1);
insert into Room (RoomId, RoomName, Note, RoomStatus, RoomTypeId) values (428, 'RoomEE25', null, 1, 3);
insert into Room (RoomId, RoomName, Note, RoomStatus, RoomTypeId) values (429, 'RoomXF40', null, 1, 2);
insert into Room (RoomId, RoomName, Note, RoomStatus, RoomTypeId) values (430, 'RoomER20', null, 2, 2);
insert into Room (RoomId, RoomName, Note, RoomStatus, RoomTypeId) values (431, 'RoomKO68', null, 1, 3);
insert into Room (RoomId, RoomName, Note, RoomStatus, RoomTypeId) values (432, 'RoomJO60', null, 2, 3);
insert into Room (RoomId, RoomName, Note, RoomStatus, RoomTypeId) values (433, 'RoomKE22', null, 1, 1);
insert into Room (RoomId, RoomName, Note, RoomStatus, RoomTypeId) values (434, 'RoomXB20', null, 1, 3);
insert into Room (RoomId, RoomName, Note, RoomStatus, RoomTypeId) values (435, 'RoomGW84', null, 1, 1);
insert into Room (RoomId, RoomName, Note, RoomStatus, RoomTypeId) values (436, 'RoomQD59', null, 2, 2);
insert into Room (RoomId, RoomName, Note, RoomStatus, RoomTypeId) values (437, 'RoomVD62', null, 1, 3);
insert into Room (RoomId, RoomName, Note, RoomStatus, RoomTypeId) values (438, 'RoomUB57', null, 1, 2);
insert into Room (RoomId, RoomName, Note, RoomStatus, RoomTypeId) values (439, 'RoomPF80', null, 2, 3);
insert into Room (RoomId, RoomName, Note, RoomStatus, RoomTypeId) values (440, 'RoomPL30', null, 2, 3);
insert into Room (RoomId, RoomName, Note, RoomStatus, RoomTypeId) values (441, 'RoomIN00', null, 1, 1);
insert into Room (RoomId, RoomName, Note, RoomStatus, RoomTypeId) values (442, 'RoomZU92', null, 1, 1);
insert into Room (RoomId, RoomName, Note, RoomStatus, RoomTypeId) values (443, 'RoomOT19', null, 2, 3);
insert into Room (RoomId, RoomName, Note, RoomStatus, RoomTypeId) values (444, 'RoomWZ60', null, 2, 3);
insert into Room (RoomId, RoomName, Note, RoomStatus, RoomTypeId) values (445, 'RoomBR83', null, 2, 1);
insert into Room (RoomId, RoomName, Note, RoomStatus, RoomTypeId) values (446, 'RoomGK99', null, 1, 3);
insert into Room (RoomId, RoomName, Note, RoomStatus, RoomTypeId) values (447, 'RoomLR95', null, 2, 1);
insert into Room (RoomId, RoomName, Note, RoomStatus, RoomTypeId) values (448, 'RoomHM94', null, 2, 1);
insert into Room (RoomId, RoomName, Note, RoomStatus, RoomTypeId) values (449, 'RoomIW05', null, 1, 1);
insert into Room (RoomId, RoomName, Note, RoomStatus, RoomTypeId) values (450, 'RoomIJ87', null, 1, 3);
insert into Room (RoomId, RoomName, Note, RoomStatus, RoomTypeId) values (451, 'RoomZS24', null, 1, 2);
insert into Room (RoomId, RoomName, Note, RoomStatus, RoomTypeId) values (452, 'RoomQA34', null, 2, 1);
insert into Room (RoomId, RoomName, Note, RoomStatus, RoomTypeId) values (453, 'RoomIN02', null, 2, 1);
insert into Room (RoomId, RoomName, Note, RoomStatus, RoomTypeId) values (454, 'RoomPL19', null, 2, 3);
insert into Room (RoomId, RoomName, Note, RoomStatus, RoomTypeId) values (455, 'RoomSE86', null, 2, 3);
insert into Room (RoomId, RoomName, Note, RoomStatus, RoomTypeId) values (456, 'RoomEO00', null, 2, 1);
insert into Room (RoomId, RoomName, Note, RoomStatus, RoomTypeId) values (457, 'RoomUG75', null, 2, 1);
insert into Room (RoomId, RoomName, Note, RoomStatus, RoomTypeId) values (458, 'RoomWL85', null, 1, 3);
insert into Room (RoomId, RoomName, Note, RoomStatus, RoomTypeId) values (459, 'RoomWA60', null, 1, 1);
insert into Room (RoomId, RoomName, Note, RoomStatus, RoomTypeId) values (460, 'RoomEZ07', null, 2, 1);
insert into Room (RoomId, RoomName, Note, RoomStatus, RoomTypeId) values (461, 'RoomGG48', null, 1, 3);
insert into Room (RoomId, RoomName, Note, RoomStatus, RoomTypeId) values (462, 'RoomNC28', null, 1, 3);
insert into Room (RoomId, RoomName, Note, RoomStatus, RoomTypeId) values (463, 'RoomFJ69', null, 1, 2);
insert into Room (RoomId, RoomName, Note, RoomStatus, RoomTypeId) values (464, 'RoomOT09', null, 1, 1);
insert into Room (RoomId, RoomName, Note, RoomStatus, RoomTypeId) values (465, 'RoomVQ97', null, 1, 1);
insert into Room (RoomId, RoomName, Note, RoomStatus, RoomTypeId) values (466, 'RoomPS48', null, 2, 1);
insert into Room (RoomId, RoomName, Note, RoomStatus, RoomTypeId) values (467, 'RoomQX50', null, 1, 2);
insert into Room (RoomId, RoomName, Note, RoomStatus, RoomTypeId) values (468, 'RoomIT05', null, 1, 1);
insert into Room (RoomId, RoomName, Note, RoomStatus, RoomTypeId) values (469, 'RoomZI32', null, 1, 2);
insert into Room (RoomId, RoomName, Note, RoomStatus, RoomTypeId) values (470, 'RoomJV75', null, 2, 3);
insert into Room (RoomId, RoomName, Note, RoomStatus, RoomTypeId) values (471, 'RoomKT65', null, 2, 3);
insert into Room (RoomId, RoomName, Note, RoomStatus, RoomTypeId) values (472, 'RoomTS57', null, 1, 3);
insert into Room (RoomId, RoomName, Note, RoomStatus, RoomTypeId) values (473, 'RoomZA16', null, 1, 3);
insert into Room (RoomId, RoomName, Note, RoomStatus, RoomTypeId) values (474, 'RoomQI78', null, 1, 3);
insert into Room (RoomId, RoomName, Note, RoomStatus, RoomTypeId) values (475, 'RoomOX09', null, 2, 2);
insert into Room (RoomId, RoomName, Note, RoomStatus, RoomTypeId) values (476, 'RoomXH64', null, 1, 1);
insert into Room (RoomId, RoomName, Note, RoomStatus, RoomTypeId) values (477, 'RoomHJ56', null, 2, 3);
insert into Room (RoomId, RoomName, Note, RoomStatus, RoomTypeId) values (478, 'RoomEH74', null, 2, 1);
insert into Room (RoomId, RoomName, Note, RoomStatus, RoomTypeId) values (479, 'RoomVI09', null, 1, 2);
insert into Room (RoomId, RoomName, Note, RoomStatus, RoomTypeId) values (480, 'RoomOT55', null, 2, 1);
insert into Room (RoomId, RoomName, Note, RoomStatus, RoomTypeId) values (481, 'RoomWN53', null, 2, 3);
insert into Room (RoomId, RoomName, Note, RoomStatus, RoomTypeId) values (482, 'RoomUG45', null, 1, 3);
insert into Room (RoomId, RoomName, Note, RoomStatus, RoomTypeId) values (483, 'RoomUP04', null, 2, 2);
insert into Room (RoomId, RoomName, Note, RoomStatus, RoomTypeId) values (484, 'RoomVD61', null, 2, 1);
insert into Room (RoomId, RoomName, Note, RoomStatus, RoomTypeId) values (485, 'RoomWW95', null, 1, 2);
insert into Room (RoomId, RoomName, Note, RoomStatus, RoomTypeId) values (486, 'RoomMX36', null, 2, 2);
insert into Room (RoomId, RoomName, Note, RoomStatus, RoomTypeId) values (487, 'RoomWD52', null, 1, 3);
insert into Room (RoomId, RoomName, Note, RoomStatus, RoomTypeId) values (488, 'RoomMN87', null, 1, 1);
insert into Room (RoomId, RoomName, Note, RoomStatus, RoomTypeId) values (489, 'RoomSX70', null, 1, 2);
insert into Room (RoomId, RoomName, Note, RoomStatus, RoomTypeId) values (490, 'RoomCO34', null, 1, 2);
insert into Room (RoomId, RoomName, Note, RoomStatus, RoomTypeId) values (491, 'RoomRH12', null, 1, 1);
insert into Room (RoomId, RoomName, Note, RoomStatus, RoomTypeId) values (492, 'RoomKB47', null, 1, 1);
insert into Room (RoomId, RoomName, Note, RoomStatus, RoomTypeId) values (493, 'RoomMO87', null, 1, 3);
insert into Room (RoomId, RoomName, Note, RoomStatus, RoomTypeId) values (494, 'RoomMM67', null, 2, 1);
insert into Room (RoomId, RoomName, Note, RoomStatus, RoomTypeId) values (495, 'RoomJS50', null, 1, 3);
insert into Room (RoomId, RoomName, Note, RoomStatus, RoomTypeId) values (496, 'RoomDL91', null, 2, 2);
insert into Room (RoomId, RoomName, Note, RoomStatus, RoomTypeId) values (497, 'RoomHJ22', null, 1, 3);
insert into Room (RoomId, RoomName, Note, RoomStatus, RoomTypeId) values (498, 'RoomAE09', null, 1, 3);
insert into Room (RoomId, RoomName, Note, RoomStatus, RoomTypeId) values (499, 'RoomYH80', null, 2, 3);
insert into Room (RoomId, RoomName, Note, RoomStatus, RoomTypeId) values (500, 'RoomWF96', null, 1, 2);
insert into Room (RoomId, RoomName, Note, RoomStatus, RoomTypeId) values (501, 'RoomBF80', null, 1, 3);
insert into Room (RoomId, RoomName, Note, RoomStatus, RoomTypeId) values (502, 'RoomGM44', null, 1, 2);
insert into Room (RoomId, RoomName, Note, RoomStatus, RoomTypeId) values (503, 'RoomIU50', null, 2, 3);
insert into Room (RoomId, RoomName, Note, RoomStatus, RoomTypeId) values (504, 'RoomRF32', null, 1, 1);
insert into Room (RoomId, RoomName, Note, RoomStatus, RoomTypeId) values (505, 'RoomIL44', null, 2, 3);
insert into Room (RoomId, RoomName, Note, RoomStatus, RoomTypeId) values (506, 'RoomMI75', null, 2, 2);
insert into Room (RoomId, RoomName, Note, RoomStatus, RoomTypeId) values (507, 'RoomKY61', null, 2, 2);
insert into Room (RoomId, RoomName, Note, RoomStatus, RoomTypeId) values (508, 'RoomAM73', null, 2, 3);
insert into Room (RoomId, RoomName, Note, RoomStatus, RoomTypeId) values (509, 'RoomNS86', null, 2, 2);
insert into Room (RoomId, RoomName, Note, RoomStatus, RoomTypeId) values (510, 'RoomAV35', null, 1, 3);
insert into Room (RoomId, RoomName, Note, RoomStatus, RoomTypeId) values (511, 'RoomMU36', null, 1, 2);
insert into Room (RoomId, RoomName, Note, RoomStatus, RoomTypeId) values (512, 'RoomID82', null, 1, 3);
insert into Room (RoomId, RoomName, Note, RoomStatus, RoomTypeId) values (513, 'RoomQZ05', null, 2, 1);
insert into Room (RoomId, RoomName, Note, RoomStatus, RoomTypeId) values (514, 'RoomTB78', null, 2, 1);
insert into Room (RoomId, RoomName, Note, RoomStatus, RoomTypeId) values (515, 'RoomHR44', null, 2, 1);
insert into Room (RoomId, RoomName, Note, RoomStatus, RoomTypeId) values (516, 'RoomOM04', null, 2, 1);
insert into Room (RoomId, RoomName, Note, RoomStatus, RoomTypeId) values (517, 'RoomQD03', null, 1, 1);
insert into Room (RoomId, RoomName, Note, RoomStatus, RoomTypeId) values (518, 'RoomDT65', null, 2, 2);
insert into Room (RoomId, RoomName, Note, RoomStatus, RoomTypeId) values (519, 'RoomXH16', null, 2, 2);
insert into Room (RoomId, RoomName, Note, RoomStatus, RoomTypeId) values (520, 'RoomBF37', null, 2, 2);
insert into Room (RoomId, RoomName, Note, RoomStatus, RoomTypeId) values (521, 'RoomPV56', null, 1, 3);
insert into Room (RoomId, RoomName, Note, RoomStatus, RoomTypeId) values (522, 'RoomCG71', null, 2, 2);
insert into Room (RoomId, RoomName, Note, RoomStatus, RoomTypeId) values (523, 'RoomHO88', null, 1, 2);
insert into Room (RoomId, RoomName, Note, RoomStatus, RoomTypeId) values (524, 'RoomRP17', null, 2, 3);
insert into Room (RoomId, RoomName, Note, RoomStatus, RoomTypeId) values (525, 'RoomFI79', null, 1, 3);
insert into Room (RoomId, RoomName, Note, RoomStatus, RoomTypeId) values (526, 'RoomGX63', null, 2, 2);
insert into Room (RoomId, RoomName, Note, RoomStatus, RoomTypeId) values (527, 'RoomIL14', null, 2, 2);
insert into Room (RoomId, RoomName, Note, RoomStatus, RoomTypeId) values (528, 'RoomNL94', null, 2, 1);
insert into Room (RoomId, RoomName, Note, RoomStatus, RoomTypeId) values (529, 'RoomRG27', null, 2, 1);
insert into Room (RoomId, RoomName, Note, RoomStatus, RoomTypeId) values (530, 'RoomNI41', null, 2, 3);
insert into Room (RoomId, RoomName, Note, RoomStatus, RoomTypeId) values (531, 'RoomTH85', null, 1, 2);
insert into Room (RoomId, RoomName, Note, RoomStatus, RoomTypeId) values (532, 'RoomHT19', null, 2, 2);
insert into Room (RoomId, RoomName, Note, RoomStatus, RoomTypeId) values (533, 'RoomBM41', null, 1, 1);
insert into Room (RoomId, RoomName, Note, RoomStatus, RoomTypeId) values (534, 'RoomFD90', null, 1, 3);
insert into Room (RoomId, RoomName, Note, RoomStatus, RoomTypeId) values (535, 'RoomBS44', null, 2, 3);
insert into Room (RoomId, RoomName, Note, RoomStatus, RoomTypeId) values (536, 'RoomPQ38', null, 2, 3);
insert into Room (RoomId, RoomName, Note, RoomStatus, RoomTypeId) values (537, 'RoomMA47', null, 2, 1);
insert into Room (RoomId, RoomName, Note, RoomStatus, RoomTypeId) values (538, 'RoomSP43', null, 1, 3);
insert into Room (RoomId, RoomName, Note, RoomStatus, RoomTypeId) values (539, 'RoomSI65', null, 2, 3);
insert into Room (RoomId, RoomName, Note, RoomStatus, RoomTypeId) values (540, 'RoomIC98', null, 2, 1);
insert into Room (RoomId, RoomName, Note, RoomStatus, RoomTypeId) values (541, 'RoomCR32', null, 1, 3);
insert into Room (RoomId, RoomName, Note, RoomStatus, RoomTypeId) values (542, 'RoomCL24', null, 1, 3);
insert into Room (RoomId, RoomName, Note, RoomStatus, RoomTypeId) values (543, 'RoomKO30', null, 1, 2);
insert into Room (RoomId, RoomName, Note, RoomStatus, RoomTypeId) values (544, 'RoomWP69', null, 1, 1);
insert into Room (RoomId, RoomName, Note, RoomStatus, RoomTypeId) values (545, 'RoomLF62', null, 2, 3);
insert into Room (RoomId, RoomName, Note, RoomStatus, RoomTypeId) values (546, 'RoomRZ56', null, 1, 2);
insert into Room (RoomId, RoomName, Note, RoomStatus, RoomTypeId) values (547, 'RoomNA39', null, 2, 2);
insert into Room (RoomId, RoomName, Note, RoomStatus, RoomTypeId) values (548, 'RoomRM17', null, 2, 2);
insert into Room (RoomId, RoomName, Note, RoomStatus, RoomTypeId) values (549, 'RoomAT94', null, 1, 2);
insert into Room (RoomId, RoomName, Note, RoomStatus, RoomTypeId) values (550, 'RoomMS74', null, 1, 1);
insert into Room (RoomId, RoomName, Note, RoomStatus, RoomTypeId) values (551, 'RoomAQ11', null, 1, 1);
insert into Room (RoomId, RoomName, Note, RoomStatus, RoomTypeId) values (552, 'RoomNB66', null, 1, 3);
insert into Room (RoomId, RoomName, Note, RoomStatus, RoomTypeId) values (553, 'RoomGS83', null, 2, 1);
insert into Room (RoomId, RoomName, Note, RoomStatus, RoomTypeId) values (554, 'RoomVT73', null, 2, 1);
insert into Room (RoomId, RoomName, Note, RoomStatus, RoomTypeId) values (555, 'RoomNB52', null, 2, 2);
insert into Room (RoomId, RoomName, Note, RoomStatus, RoomTypeId) values (556, 'RoomKY94', null, 2, 3);
insert into Room (RoomId, RoomName, Note, RoomStatus, RoomTypeId) values (557, 'RoomTX58', null, 2, 2);
insert into Room (RoomId, RoomName, Note, RoomStatus, RoomTypeId) values (558, 'RoomBD66', null, 1, 3);
insert into Room (RoomId, RoomName, Note, RoomStatus, RoomTypeId) values (559, 'RoomMY20', null, 1, 2);
insert into Room (RoomId, RoomName, Note, RoomStatus, RoomTypeId) values (560, 'RoomAU18', null, 2, 1);
insert into Room (RoomId, RoomName, Note, RoomStatus, RoomTypeId) values (561, 'RoomMV79', null, 1, 1);
insert into Room (RoomId, RoomName, Note, RoomStatus, RoomTypeId) values (562, 'RoomAP22', null, 2, 2);
insert into Room (RoomId, RoomName, Note, RoomStatus, RoomTypeId) values (563, 'RoomTQ27', null, 2, 1);
insert into Room (RoomId, RoomName, Note, RoomStatus, RoomTypeId) values (564, 'RoomCY86', null, 2, 2);
insert into Room (RoomId, RoomName, Note, RoomStatus, RoomTypeId) values (565, 'RoomMX62', null, 1, 2);
insert into Room (RoomId, RoomName, Note, RoomStatus, RoomTypeId) values (566, 'RoomKP12', null, 2, 2);
insert into Room (RoomId, RoomName, Note, RoomStatus, RoomTypeId) values (567, 'RoomLJ51', null, 1, 1);
insert into Room (RoomId, RoomName, Note, RoomStatus, RoomTypeId) values (568, 'RoomBI31', null, 1, 1);
insert into Room (RoomId, RoomName, Note, RoomStatus, RoomTypeId) values (569, 'RoomXJ90', null, 2, 3);
insert into Room (RoomId, RoomName, Note, RoomStatus, RoomTypeId) values (570, 'RoomLE73', null, 1, 2);
insert into Room (RoomId, RoomName, Note, RoomStatus, RoomTypeId) values (571, 'RoomDY50', null, 1, 1);
insert into Room (RoomId, RoomName, Note, RoomStatus, RoomTypeId) values (572, 'RoomSX16', null, 1, 2);
insert into Room (RoomId, RoomName, Note, RoomStatus, RoomTypeId) values (573, 'RoomEP24', null, 1, 2);
insert into Room (RoomId, RoomName, Note, RoomStatus, RoomTypeId) values (574, 'RoomZZ84', null, 1, 3);
insert into Room (RoomId, RoomName, Note, RoomStatus, RoomTypeId) values (575, 'RoomZA59', null, 2, 3);
insert into Room (RoomId, RoomName, Note, RoomStatus, RoomTypeId) values (576, 'RoomJK20', null, 2, 1);
insert into Room (RoomId, RoomName, Note, RoomStatus, RoomTypeId) values (577, 'RoomIM14', null, 1, 2);
insert into Room (RoomId, RoomName, Note, RoomStatus, RoomTypeId) values (578, 'RoomSQ18', null, 1, 1);
insert into Room (RoomId, RoomName, Note, RoomStatus, RoomTypeId) values (579, 'RoomCW06', null, 2, 3);
insert into Room (RoomId, RoomName, Note, RoomStatus, RoomTypeId) values (580, 'RoomUM47', null, 1, 1);
insert into Room (RoomId, RoomName, Note, RoomStatus, RoomTypeId) values (581, 'RoomUT24', null, 1, 2);
insert into Room (RoomId, RoomName, Note, RoomStatus, RoomTypeId) values (582, 'RoomCU15', null, 2, 3);
insert into Room (RoomId, RoomName, Note, RoomStatus, RoomTypeId) values (583, 'RoomPZ23', null, 1, 1);
insert into Room (RoomId, RoomName, Note, RoomStatus, RoomTypeId) values (584, 'RoomRV93', null, 1, 3);
insert into Room (RoomId, RoomName, Note, RoomStatus, RoomTypeId) values (585, 'RoomVT22', null, 1, 2);
insert into Room (RoomId, RoomName, Note, RoomStatus, RoomTypeId) values (586, 'RoomUQ31', null, 1, 3);
insert into Room (RoomId, RoomName, Note, RoomStatus, RoomTypeId) values (587, 'RoomYH60', null, 2, 1);
insert into Room (RoomId, RoomName, Note, RoomStatus, RoomTypeId) values (588, 'RoomEA08', null, 1, 3);
insert into Room (RoomId, RoomName, Note, RoomStatus, RoomTypeId) values (589, 'RoomDJ38', null, 1, 3);
insert into Room (RoomId, RoomName, Note, RoomStatus, RoomTypeId) values (590, 'RoomQV03', null, 1, 1);
insert into Room (RoomId, RoomName, Note, RoomStatus, RoomTypeId) values (591, 'RoomIB68', null, 2, 3);
insert into Room (RoomId, RoomName, Note, RoomStatus, RoomTypeId) values (592, 'RoomJK55', null, 2, 3);
insert into Room (RoomId, RoomName, Note, RoomStatus, RoomTypeId) values (593, 'RoomQU01', null, 2, 3);
insert into Room (RoomId, RoomName, Note, RoomStatus, RoomTypeId) values (594, 'RoomFP47', null, 1, 2);
insert into Room (RoomId, RoomName, Note, RoomStatus, RoomTypeId) values (595, 'RoomRS36', null, 1, 1);
insert into Room (RoomId, RoomName, Note, RoomStatus, RoomTypeId) values (596, 'RoomQE88', null, 1, 2);
insert into Room (RoomId, RoomName, Note, RoomStatus, RoomTypeId) values (597, 'RoomJV51', null, 1, 1);
insert into Room (RoomId, RoomName, Note, RoomStatus, RoomTypeId) values (598, 'RoomBA03', null, 1, 1);
insert into Room (RoomId, RoomName, Note, RoomStatus, RoomTypeId) values (599, 'RoomQH56', null, 2, 1);
insert into Room (RoomId, RoomName, Note, RoomStatus, RoomTypeId) values (600, 'RoomFY11', null, 2, 1);
insert into Room (RoomId, RoomName, Note, RoomStatus, RoomTypeId) values (601, 'RoomGT33', null, 1, 2);
insert into Room (RoomId, RoomName, Note, RoomStatus, RoomTypeId) values (602, 'RoomDP42', null, 2, 3);
insert into Room (RoomId, RoomName, Note, RoomStatus, RoomTypeId) values (603, 'RoomID00', null, 1, 1);
insert into Room (RoomId, RoomName, Note, RoomStatus, RoomTypeId) values (604, 'RoomSJ84', null, 1, 1);
insert into Room (RoomId, RoomName, Note, RoomStatus, RoomTypeId) values (605, 'RoomKY33', null, 2, 1);
insert into Room (RoomId, RoomName, Note, RoomStatus, RoomTypeId) values (606, 'RoomAA24', null, 1, 1);
insert into Room (RoomId, RoomName, Note, RoomStatus, RoomTypeId) values (607, 'RoomEK26', null, 1, 1);
insert into Room (RoomId, RoomName, Note, RoomStatus, RoomTypeId) values (608, 'RoomAY37', null, 1, 1);
insert into Room (RoomId, RoomName, Note, RoomStatus, RoomTypeId) values (609, 'RoomTJ10', null, 1, 2);
insert into Room (RoomId, RoomName, Note, RoomStatus, RoomTypeId) values (610, 'RoomFK52', null, 1, 1);
insert into Room (RoomId, RoomName, Note, RoomStatus, RoomTypeId) values (611, 'RoomVU52', null, 2, 3);
insert into Room (RoomId, RoomName, Note, RoomStatus, RoomTypeId) values (612, 'RoomND47', null, 1, 3);
insert into Room (RoomId, RoomName, Note, RoomStatus, RoomTypeId) values (613, 'RoomHY03', null, 2, 1);
insert into Room (RoomId, RoomName, Note, RoomStatus, RoomTypeId) values (614, 'RoomBO99', null, 2, 2);
insert into Room (RoomId, RoomName, Note, RoomStatus, RoomTypeId) values (615, 'RoomQR22', null, 1, 3);
insert into Room (RoomId, RoomName, Note, RoomStatus, RoomTypeId) values (616, 'RoomKD84', null, 2, 1);
insert into Room (RoomId, RoomName, Note, RoomStatus, RoomTypeId) values (617, 'RoomMC77', null, 1, 1);
insert into Room (RoomId, RoomName, Note, RoomStatus, RoomTypeId) values (618, 'RoomDX35', null, 2, 1);
insert into Room (RoomId, RoomName, Note, RoomStatus, RoomTypeId) values (619, 'RoomPI34', null, 2, 1);
insert into Room (RoomId, RoomName, Note, RoomStatus, RoomTypeId) values (620, 'RoomOF88', null, 2, 2);
insert into Room (RoomId, RoomName, Note, RoomStatus, RoomTypeId) values (621, 'RoomSR80', null, 2, 1);
insert into Room (RoomId, RoomName, Note, RoomStatus, RoomTypeId) values (622, 'RoomET47', null, 2, 2);
insert into Room (RoomId, RoomName, Note, RoomStatus, RoomTypeId) values (623, 'RoomHQ80', null, 1, 3);
insert into Room (RoomId, RoomName, Note, RoomStatus, RoomTypeId) values (624, 'RoomNV38', null, 1, 3);
insert into Room (RoomId, RoomName, Note, RoomStatus, RoomTypeId) values (625, 'RoomHI47', null, 1, 3);
insert into Room (RoomId, RoomName, Note, RoomStatus, RoomTypeId) values (626, 'RoomDV15', null, 1, 3);
insert into Room (RoomId, RoomName, Note, RoomStatus, RoomTypeId) values (627, 'RoomDV14', null, 2, 2);
insert into Room (RoomId, RoomName, Note, RoomStatus, RoomTypeId) values (628, 'RoomRD71', null, 2, 1);
insert into Room (RoomId, RoomName, Note, RoomStatus, RoomTypeId) values (629, 'RoomCZ06', null, 2, 1);
insert into Room (RoomId, RoomName, Note, RoomStatus, RoomTypeId) values (630, 'RoomXR81', null, 1, 3);
insert into Room (RoomId, RoomName, Note, RoomStatus, RoomTypeId) values (631, 'RoomFP69', null, 1, 3);
insert into Room (RoomId, RoomName, Note, RoomStatus, RoomTypeId) values (632, 'RoomHS33', null, 2, 1);
insert into Room (RoomId, RoomName, Note, RoomStatus, RoomTypeId) values (633, 'RoomLO76', null, 1, 3);
insert into Room (RoomId, RoomName, Note, RoomStatus, RoomTypeId) values (634, 'RoomTE84', null, 2, 1);
insert into Room (RoomId, RoomName, Note, RoomStatus, RoomTypeId) values (635, 'RoomYO07', null, 1, 2);
insert into Room (RoomId, RoomName, Note, RoomStatus, RoomTypeId) values (636, 'RoomQE50', null, 2, 3);
insert into Room (RoomId, RoomName, Note, RoomStatus, RoomTypeId) values (637, 'RoomSB45', null, 1, 1);
insert into Room (RoomId, RoomName, Note, RoomStatus, RoomTypeId) values (638, 'RoomVN09', null, 2, 3);
insert into Room (RoomId, RoomName, Note, RoomStatus, RoomTypeId) values (639, 'RoomTI05', null, 2, 3);
insert into Room (RoomId, RoomName, Note, RoomStatus, RoomTypeId) values (640, 'RoomLJ29', null, 1, 1);
insert into Room (RoomId, RoomName, Note, RoomStatus, RoomTypeId) values (641, 'RoomHA41', null, 2, 1);
insert into Room (RoomId, RoomName, Note, RoomStatus, RoomTypeId) values (642, 'RoomSC48', null, 2, 3);
insert into Room (RoomId, RoomName, Note, RoomStatus, RoomTypeId) values (643, 'RoomVW08', null, 1, 3);
insert into Room (RoomId, RoomName, Note, RoomStatus, RoomTypeId) values (644, 'RoomNI84', null, 1, 1);
insert into Room (RoomId, RoomName, Note, RoomStatus, RoomTypeId) values (645, 'RoomHI83', null, 2, 1);
insert into Room (RoomId, RoomName, Note, RoomStatus, RoomTypeId) values (646, 'RoomJL81', null, 1, 1);
insert into Room (RoomId, RoomName, Note, RoomStatus, RoomTypeId) values (647, 'RoomCO57', null, 2, 3);
insert into Room (RoomId, RoomName, Note, RoomStatus, RoomTypeId) values (648, 'RoomBL93', null, 2, 2);
insert into Room (RoomId, RoomName, Note, RoomStatus, RoomTypeId) values (649, 'RoomHJ51', null, 1, 1);
insert into Room (RoomId, RoomName, Note, RoomStatus, RoomTypeId) values (650, 'RoomLK39', null, 1, 1);
insert into Room (RoomId, RoomName, Note, RoomStatus, RoomTypeId) values (651, 'RoomTX42', null, 2, 3);
insert into Room (RoomId, RoomName, Note, RoomStatus, RoomTypeId) values (652, 'RoomDX32', null, 1, 2);
insert into Room (RoomId, RoomName, Note, RoomStatus, RoomTypeId) values (653, 'RoomPZ55', null, 2, 3);
insert into Room (RoomId, RoomName, Note, RoomStatus, RoomTypeId) values (654, 'RoomFK05', null, 2, 2);
insert into Room (RoomId, RoomName, Note, RoomStatus, RoomTypeId) values (655, 'RoomKY56', null, 2, 1);
insert into Room (RoomId, RoomName, Note, RoomStatus, RoomTypeId) values (656, 'RoomKA20', null, 1, 3);
insert into Room (RoomId, RoomName, Note, RoomStatus, RoomTypeId) values (657, 'RoomBT28', null, 1, 3);
insert into Room (RoomId, RoomName, Note, RoomStatus, RoomTypeId) values (658, 'RoomUF95', null, 2, 2);
insert into Room (RoomId, RoomName, Note, RoomStatus, RoomTypeId) values (659, 'RoomUE33', null, 2, 2);
insert into Room (RoomId, RoomName, Note, RoomStatus, RoomTypeId) values (660, 'RoomNM50', null, 1, 1);
insert into Room (RoomId, RoomName, Note, RoomStatus, RoomTypeId) values (661, 'RoomTJ30', null, 2, 3);
insert into Room (RoomId, RoomName, Note, RoomStatus, RoomTypeId) values (662, 'RoomZO89', null, 1, 3);
insert into Room (RoomId, RoomName, Note, RoomStatus, RoomTypeId) values (663, 'RoomGM72', null, 1, 2);
insert into Room (RoomId, RoomName, Note, RoomStatus, RoomTypeId) values (664, 'RoomWB96', null, 2, 2);
insert into Room (RoomId, RoomName, Note, RoomStatus, RoomTypeId) values (665, 'RoomCE15', null, 1, 2);
insert into Room (RoomId, RoomName, Note, RoomStatus, RoomTypeId) values (666, 'RoomTL59', null, 1, 3);
insert into Room (RoomId, RoomName, Note, RoomStatus, RoomTypeId) values (667, 'RoomQI14', null, 1, 3);
insert into Room (RoomId, RoomName, Note, RoomStatus, RoomTypeId) values (668, 'RoomBM25', null, 1, 3);
insert into Room (RoomId, RoomName, Note, RoomStatus, RoomTypeId) values (669, 'RoomNS09', null, 1, 3);
insert into Room (RoomId, RoomName, Note, RoomStatus, RoomTypeId) values (670, 'RoomJR99', null, 1, 2);
insert into Room (RoomId, RoomName, Note, RoomStatus, RoomTypeId) values (671, 'RoomQI67', null, 1, 1);
insert into Room (RoomId, RoomName, Note, RoomStatus, RoomTypeId) values (672, 'RoomTJ32', null, 1, 1);
insert into Room (RoomId, RoomName, Note, RoomStatus, RoomTypeId) values (673, 'RoomPV61', null, 2, 3);
insert into Room (RoomId, RoomName, Note, RoomStatus, RoomTypeId) values (674, 'RoomLU08', null, 1, 2);
insert into Room (RoomId, RoomName, Note, RoomStatus, RoomTypeId) values (675, 'RoomEK72', null, 2, 1);
insert into Room (RoomId, RoomName, Note, RoomStatus, RoomTypeId) values (676, 'RoomRE50', null, 1, 3);
insert into Room (RoomId, RoomName, Note, RoomStatus, RoomTypeId) values (677, 'RoomDK09', null, 1, 1);
insert into Room (RoomId, RoomName, Note, RoomStatus, RoomTypeId) values (678, 'RoomMZ70', null, 2, 2);
insert into Room (RoomId, RoomName, Note, RoomStatus, RoomTypeId) values (679, 'RoomWY55', null, 2, 3);
insert into Room (RoomId, RoomName, Note, RoomStatus, RoomTypeId) values (680, 'RoomCM55', null, 2, 3);
insert into Room (RoomId, RoomName, Note, RoomStatus, RoomTypeId) values (681, 'RoomIO37', null, 1, 2);
insert into Room (RoomId, RoomName, Note, RoomStatus, RoomTypeId) values (682, 'RoomGN82', null, 1, 2);
insert into Room (RoomId, RoomName, Note, RoomStatus, RoomTypeId) values (683, 'RoomCK53', null, 2, 1);
insert into Room (RoomId, RoomName, Note, RoomStatus, RoomTypeId) values (684, 'RoomRA71', null, 1, 3);
insert into Room (RoomId, RoomName, Note, RoomStatus, RoomTypeId) values (685, 'RoomMW46', null, 2, 2);
insert into Room (RoomId, RoomName, Note, RoomStatus, RoomTypeId) values (686, 'RoomVW19', null, 2, 3);
insert into Room (RoomId, RoomName, Note, RoomStatus, RoomTypeId) values (687, 'RoomIY92', null, 2, 1);
insert into Room (RoomId, RoomName, Note, RoomStatus, RoomTypeId) values (688, 'RoomVE57', null, 1, 2);
insert into Room (RoomId, RoomName, Note, RoomStatus, RoomTypeId) values (689, 'RoomDB30', null, 1, 1);
insert into Room (RoomId, RoomName, Note, RoomStatus, RoomTypeId) values (690, 'RoomKO68', null, 1, 2);
insert into Room (RoomId, RoomName, Note, RoomStatus, RoomTypeId) values (691, 'RoomQO43', null, 2, 2);
insert into Room (RoomId, RoomName, Note, RoomStatus, RoomTypeId) values (692, 'RoomSO08', null, 2, 1);
insert into Room (RoomId, RoomName, Note, RoomStatus, RoomTypeId) values (693, 'RoomTR11', null, 1, 3);
insert into Room (RoomId, RoomName, Note, RoomStatus, RoomTypeId) values (694, 'RoomON05', null, 1, 3);
insert into Room (RoomId, RoomName, Note, RoomStatus, RoomTypeId) values (695, 'RoomPH62', null, 2, 3);
insert into Room (RoomId, RoomName, Note, RoomStatus, RoomTypeId) values (696, 'RoomSK32', null, 1, 3);
insert into Room (RoomId, RoomName, Note, RoomStatus, RoomTypeId) values (697, 'RoomOC18', null, 1, 1);
insert into Room (RoomId, RoomName, Note, RoomStatus, RoomTypeId) values (698, 'RoomRU50', null, 2, 1);
insert into Room (RoomId, RoomName, Note, RoomStatus, RoomTypeId) values (699, 'RoomHC63', null, 2, 1);
insert into Room (RoomId, RoomName, Note, RoomStatus, RoomTypeId) values (700, 'RoomNG76', null, 2, 1);
insert into Room (RoomId, RoomName, Note, RoomStatus, RoomTypeId) values (701, 'RoomOY11', null, 1, 1);
insert into Room (RoomId, RoomName, Note, RoomStatus, RoomTypeId) values (702, 'RoomKK19', null, 1, 3);
insert into Room (RoomId, RoomName, Note, RoomStatus, RoomTypeId) values (703, 'RoomBA56', null, 2, 2);
insert into Room (RoomId, RoomName, Note, RoomStatus, RoomTypeId) values (704, 'RoomDB98', null, 2, 3);
insert into Room (RoomId, RoomName, Note, RoomStatus, RoomTypeId) values (705, 'RoomCG11', null, 1, 1);
insert into Room (RoomId, RoomName, Note, RoomStatus, RoomTypeId) values (706, 'RoomXI52', null, 1, 3);
insert into Room (RoomId, RoomName, Note, RoomStatus, RoomTypeId) values (707, 'RoomJJ95', null, 2, 1);
insert into Room (RoomId, RoomName, Note, RoomStatus, RoomTypeId) values (708, 'RoomTQ25', null, 2, 2);
insert into Room (RoomId, RoomName, Note, RoomStatus, RoomTypeId) values (709, 'RoomFF05', null, 1, 2);
insert into Room (RoomId, RoomName, Note, RoomStatus, RoomTypeId) values (710, 'RoomOV14', null, 2, 1);
insert into Room (RoomId, RoomName, Note, RoomStatus, RoomTypeId) values (711, 'RoomWA33', null, 2, 1);
insert into Room (RoomId, RoomName, Note, RoomStatus, RoomTypeId) values (712, 'RoomZK38', null, 2, 2);
insert into Room (RoomId, RoomName, Note, RoomStatus, RoomTypeId) values (713, 'RoomPU20', null, 2, 1);
insert into Room (RoomId, RoomName, Note, RoomStatus, RoomTypeId) values (714, 'RoomJW56', null, 1, 2);
insert into Room (RoomId, RoomName, Note, RoomStatus, RoomTypeId) values (715, 'RoomYN28', null, 1, 3);
insert into Room (RoomId, RoomName, Note, RoomStatus, RoomTypeId) values (716, 'RoomTP43', null, 1, 2);
insert into Room (RoomId, RoomName, Note, RoomStatus, RoomTypeId) values (717, 'RoomYB55', null, 2, 1);
insert into Room (RoomId, RoomName, Note, RoomStatus, RoomTypeId) values (718, 'RoomEU80', null, 2, 3);
insert into Room (RoomId, RoomName, Note, RoomStatus, RoomTypeId) values (719, 'RoomOJ72', null, 1, 3);
insert into Room (RoomId, RoomName, Note, RoomStatus, RoomTypeId) values (720, 'RoomVU57', null, 2, 1);
insert into Room (RoomId, RoomName, Note, RoomStatus, RoomTypeId) values (721, 'RoomJJ81', null, 2, 2);
insert into Room (RoomId, RoomName, Note, RoomStatus, RoomTypeId) values (722, 'RoomTC24', null, 2, 2);
insert into Room (RoomId, RoomName, Note, RoomStatus, RoomTypeId) values (723, 'RoomOJ07', null, 2, 2);
insert into Room (RoomId, RoomName, Note, RoomStatus, RoomTypeId) values (724, 'RoomTZ80', null, 1, 3);
insert into Room (RoomId, RoomName, Note, RoomStatus, RoomTypeId) values (725, 'RoomRN27', null, 2, 3);
insert into Room (RoomId, RoomName, Note, RoomStatus, RoomTypeId) values (726, 'RoomFK11', null, 1, 2);
insert into Room (RoomId, RoomName, Note, RoomStatus, RoomTypeId) values (727, 'RoomYE91', null, 1, 1);
insert into Room (RoomId, RoomName, Note, RoomStatus, RoomTypeId) values (728, 'RoomWP50', null, 2, 3);
insert into Room (RoomId, RoomName, Note, RoomStatus, RoomTypeId) values (729, 'RoomMG17', null, 2, 3);
insert into Room (RoomId, RoomName, Note, RoomStatus, RoomTypeId) values (730, 'RoomSA73', null, 2, 3);
insert into Room (RoomId, RoomName, Note, RoomStatus, RoomTypeId) values (731, 'RoomEZ28', null, 2, 2);
insert into Room (RoomId, RoomName, Note, RoomStatus, RoomTypeId) values (732, 'RoomGV74', null, 1, 1);
insert into Room (RoomId, RoomName, Note, RoomStatus, RoomTypeId) values (733, 'RoomAN62', null, 2, 1);
insert into Room (RoomId, RoomName, Note, RoomStatus, RoomTypeId) values (734, 'RoomAQ58', null, 1, 1);
insert into Room (RoomId, RoomName, Note, RoomStatus, RoomTypeId) values (735, 'RoomYH20', null, 2, 2);
insert into Room (RoomId, RoomName, Note, RoomStatus, RoomTypeId) values (736, 'RoomVN28', null, 1, 2);
insert into Room (RoomId, RoomName, Note, RoomStatus, RoomTypeId) values (737, 'RoomDN52', null, 1, 1);
insert into Room (RoomId, RoomName, Note, RoomStatus, RoomTypeId) values (738, 'RoomOF43', null, 1, 1);
insert into Room (RoomId, RoomName, Note, RoomStatus, RoomTypeId) values (739, 'RoomTT47', null, 2, 2);
insert into Room (RoomId, RoomName, Note, RoomStatus, RoomTypeId) values (740, 'RoomEJ88', null, 1, 2);
insert into Room (RoomId, RoomName, Note, RoomStatus, RoomTypeId) values (741, 'RoomXE44', null, 1, 1);
insert into Room (RoomId, RoomName, Note, RoomStatus, RoomTypeId) values (742, 'RoomLY05', null, 2, 3);
insert into Room (RoomId, RoomName, Note, RoomStatus, RoomTypeId) values (743, 'RoomZS78', null, 1, 3);
insert into Room (RoomId, RoomName, Note, RoomStatus, RoomTypeId) values (744, 'RoomEB48', null, 1, 3);
insert into Room (RoomId, RoomName, Note, RoomStatus, RoomTypeId) values (745, 'RoomKS00', null, 2, 1);
insert into Room (RoomId, RoomName, Note, RoomStatus, RoomTypeId) values (746, 'RoomJK77', null, 1, 3);
insert into Room (RoomId, RoomName, Note, RoomStatus, RoomTypeId) values (747, 'RoomVX47', null, 1, 2);
insert into Room (RoomId, RoomName, Note, RoomStatus, RoomTypeId) values (748, 'RoomID55', null, 1, 3);
insert into Room (RoomId, RoomName, Note, RoomStatus, RoomTypeId) values (749, 'RoomFI10', null, 1, 2);
insert into Room (RoomId, RoomName, Note, RoomStatus, RoomTypeId) values (750, 'RoomNE97', null, 1, 2);
insert into Room (RoomId, RoomName, Note, RoomStatus, RoomTypeId) values (751, 'RoomZC62', null, 2, 1);
insert into Room (RoomId, RoomName, Note, RoomStatus, RoomTypeId) values (752, 'RoomIZ39', null, 1, 1);
insert into Room (RoomId, RoomName, Note, RoomStatus, RoomTypeId) values (753, 'RoomQO85', null, 1, 3);
insert into Room (RoomId, RoomName, Note, RoomStatus, RoomTypeId) values (754, 'RoomYA54', null, 2, 3);
insert into Room (RoomId, RoomName, Note, RoomStatus, RoomTypeId) values (755, 'RoomBY87', null, 2, 1);
insert into Room (RoomId, RoomName, Note, RoomStatus, RoomTypeId) values (756, 'RoomDW88', null, 2, 1);
insert into Room (RoomId, RoomName, Note, RoomStatus, RoomTypeId) values (757, 'RoomXZ89', null, 1, 3);
insert into Room (RoomId, RoomName, Note, RoomStatus, RoomTypeId) values (758, 'RoomDK01', null, 2, 2);
insert into Room (RoomId, RoomName, Note, RoomStatus, RoomTypeId) values (759, 'RoomCN31', null, 1, 3);
insert into Room (RoomId, RoomName, Note, RoomStatus, RoomTypeId) values (760, 'RoomRP58', null, 2, 3);
insert into Room (RoomId, RoomName, Note, RoomStatus, RoomTypeId) values (761, 'RoomTG66', null, 2, 2);
insert into Room (RoomId, RoomName, Note, RoomStatus, RoomTypeId) values (762, 'RoomTA33', null, 2, 2);
insert into Room (RoomId, RoomName, Note, RoomStatus, RoomTypeId) values (763, 'RoomQR80', null, 2, 3);
insert into Room (RoomId, RoomName, Note, RoomStatus, RoomTypeId) values (764, 'RoomCA12', null, 2, 1);
insert into Room (RoomId, RoomName, Note, RoomStatus, RoomTypeId) values (765, 'RoomZC47', null, 1, 3);
insert into Room (RoomId, RoomName, Note, RoomStatus, RoomTypeId) values (766, 'RoomHW14', null, 1, 1);
insert into Room (RoomId, RoomName, Note, RoomStatus, RoomTypeId) values (767, 'RoomIT22', null, 1, 1);
insert into Room (RoomId, RoomName, Note, RoomStatus, RoomTypeId) values (768, 'RoomWW00', null, 2, 1);
insert into Room (RoomId, RoomName, Note, RoomStatus, RoomTypeId) values (769, 'RoomMC44', null, 2, 3);
insert into Room (RoomId, RoomName, Note, RoomStatus, RoomTypeId) values (770, 'RoomKK93', null, 1, 3);
insert into Room (RoomId, RoomName, Note, RoomStatus, RoomTypeId) values (771, 'RoomZZ39', null, 1, 1);
insert into Room (RoomId, RoomName, Note, RoomStatus, RoomTypeId) values (772, 'RoomJQ09', null, 2, 1);
insert into Room (RoomId, RoomName, Note, RoomStatus, RoomTypeId) values (773, 'RoomRA53', null, 1, 2);
insert into Room (RoomId, RoomName, Note, RoomStatus, RoomTypeId) values (774, 'RoomYG60', null, 2, 2);
insert into Room (RoomId, RoomName, Note, RoomStatus, RoomTypeId) values (775, 'RoomAC89', null, 1, 3);
insert into Room (RoomId, RoomName, Note, RoomStatus, RoomTypeId) values (776, 'RoomSM62', null, 1, 1);
insert into Room (RoomId, RoomName, Note, RoomStatus, RoomTypeId) values (777, 'RoomSD20', null, 2, 3);
insert into Room (RoomId, RoomName, Note, RoomStatus, RoomTypeId) values (778, 'RoomLY65', null, 1, 2);
insert into Room (RoomId, RoomName, Note, RoomStatus, RoomTypeId) values (779, 'RoomQB61', null, 1, 3);
insert into Room (RoomId, RoomName, Note, RoomStatus, RoomTypeId) values (780, 'RoomIV10', null, 1, 3);
insert into Room (RoomId, RoomName, Note, RoomStatus, RoomTypeId) values (781, 'RoomUU76', null, 1, 3);
insert into Room (RoomId, RoomName, Note, RoomStatus, RoomTypeId) values (782, 'RoomGO95', null, 1, 1);
insert into Room (RoomId, RoomName, Note, RoomStatus, RoomTypeId) values (783, 'RoomEH50', null, 1, 3);
insert into Room (RoomId, RoomName, Note, RoomStatus, RoomTypeId) values (784, 'RoomHL86', null, 2, 2);
insert into Room (RoomId, RoomName, Note, RoomStatus, RoomTypeId) values (785, 'RoomCZ96', null, 2, 1);
insert into Room (RoomId, RoomName, Note, RoomStatus, RoomTypeId) values (786, 'RoomNN61', null, 1, 2);
insert into Room (RoomId, RoomName, Note, RoomStatus, RoomTypeId) values (787, 'RoomVH45', null, 2, 2);
insert into Room (RoomId, RoomName, Note, RoomStatus, RoomTypeId) values (788, 'RoomCD46', null, 2, 3);
insert into Room (RoomId, RoomName, Note, RoomStatus, RoomTypeId) values (789, 'RoomQO34', null, 1, 1);
insert into Room (RoomId, RoomName, Note, RoomStatus, RoomTypeId) values (790, 'RoomUR78', null, 1, 2);
insert into Room (RoomId, RoomName, Note, RoomStatus, RoomTypeId) values (791, 'RoomZA06', null, 1, 2);
insert into Room (RoomId, RoomName, Note, RoomStatus, RoomTypeId) values (792, 'RoomHQ09', null, 2, 3);
insert into Room (RoomId, RoomName, Note, RoomStatus, RoomTypeId) values (793, 'RoomPH73', null, 2, 2);
insert into Room (RoomId, RoomName, Note, RoomStatus, RoomTypeId) values (794, 'RoomZE35', null, 1, 3);
insert into Room (RoomId, RoomName, Note, RoomStatus, RoomTypeId) values (795, 'RoomLV84', null, 2, 3);
insert into Room (RoomId, RoomName, Note, RoomStatus, RoomTypeId) values (796, 'RoomYA68', null, 2, 2);
insert into Room (RoomId, RoomName, Note, RoomStatus, RoomTypeId) values (797, 'RoomAR36', null, 2, 2);
insert into Room (RoomId, RoomName, Note, RoomStatus, RoomTypeId) values (798, 'RoomMY22', null, 2, 2);
insert into Room (RoomId, RoomName, Note, RoomStatus, RoomTypeId) values (799, 'RoomIF01', null, 2, 3);
insert into Room (RoomId, RoomName, Note, RoomStatus, RoomTypeId) values (800, 'RoomBM22', null, 2, 1);
insert into Room (RoomId, RoomName, Note, RoomStatus, RoomTypeId) values (801, 'RoomAT43', null, 2, 1);
insert into Room (RoomId, RoomName, Note, RoomStatus, RoomTypeId) values (802, 'RoomVU68', null, 2, 3);
insert into Room (RoomId, RoomName, Note, RoomStatus, RoomTypeId) values (803, 'RoomVX41', null, 2, 1);
insert into Room (RoomId, RoomName, Note, RoomStatus, RoomTypeId) values (804, 'RoomIN19', null, 1, 1);
insert into Room (RoomId, RoomName, Note, RoomStatus, RoomTypeId) values (805, 'RoomRB33', null, 2, 3);
insert into Room (RoomId, RoomName, Note, RoomStatus, RoomTypeId) values (806, 'RoomRR31', null, 1, 2);
insert into Room (RoomId, RoomName, Note, RoomStatus, RoomTypeId) values (807, 'RoomGD73', null, 1, 1);
insert into Room (RoomId, RoomName, Note, RoomStatus, RoomTypeId) values (808, 'RoomNH55', null, 2, 3);
insert into Room (RoomId, RoomName, Note, RoomStatus, RoomTypeId) values (809, 'RoomYR20', null, 1, 1);
insert into Room (RoomId, RoomName, Note, RoomStatus, RoomTypeId) values (810, 'RoomAY51', null, 2, 1);
insert into Room (RoomId, RoomName, Note, RoomStatus, RoomTypeId) values (811, 'RoomMD01', null, 2, 2);
insert into Room (RoomId, RoomName, Note, RoomStatus, RoomTypeId) values (812, 'RoomOU77', null, 1, 1);
insert into Room (RoomId, RoomName, Note, RoomStatus, RoomTypeId) values (813, 'RoomRI09', null, 1, 1);
insert into Room (RoomId, RoomName, Note, RoomStatus, RoomTypeId) values (814, 'RoomLR36', null, 1, 2);
insert into Room (RoomId, RoomName, Note, RoomStatus, RoomTypeId) values (815, 'RoomDG19', null, 1, 2);
insert into Room (RoomId, RoomName, Note, RoomStatus, RoomTypeId) values (816, 'RoomOJ86', null, 1, 3);
insert into Room (RoomId, RoomName, Note, RoomStatus, RoomTypeId) values (817, 'RoomHW43', null, 2, 2);
insert into Room (RoomId, RoomName, Note, RoomStatus, RoomTypeId) values (818, 'RoomLH97', null, 1, 2);
insert into Room (RoomId, RoomName, Note, RoomStatus, RoomTypeId) values (819, 'RoomBK28', null, 1, 1);
insert into Room (RoomId, RoomName, Note, RoomStatus, RoomTypeId) values (820, 'RoomZV90', null, 1, 3);
insert into Room (RoomId, RoomName, Note, RoomStatus, RoomTypeId) values (821, 'RoomNN86', null, 2, 1);
insert into Room (RoomId, RoomName, Note, RoomStatus, RoomTypeId) values (822, 'RoomAT49', null, 2, 2);
insert into Room (RoomId, RoomName, Note, RoomStatus, RoomTypeId) values (823, 'RoomGO53', null, 1, 1);
insert into Room (RoomId, RoomName, Note, RoomStatus, RoomTypeId) values (824, 'RoomEB52', null, 2, 2);
insert into Room (RoomId, RoomName, Note, RoomStatus, RoomTypeId) values (825, 'RoomAY55', null, 1, 2);
insert into Room (RoomId, RoomName, Note, RoomStatus, RoomTypeId) values (826, 'RoomHY42', null, 2, 2);
insert into Room (RoomId, RoomName, Note, RoomStatus, RoomTypeId) values (827, 'RoomAU90', null, 2, 2);
insert into Room (RoomId, RoomName, Note, RoomStatus, RoomTypeId) values (828, 'RoomAH32', null, 1, 3);
insert into Room (RoomId, RoomName, Note, RoomStatus, RoomTypeId) values (829, 'RoomXC58', null, 2, 1);
insert into Room (RoomId, RoomName, Note, RoomStatus, RoomTypeId) values (830, 'RoomZY38', null, 2, 3);
insert into Room (RoomId, RoomName, Note, RoomStatus, RoomTypeId) values (831, 'RoomML38', null, 2, 3);
insert into Room (RoomId, RoomName, Note, RoomStatus, RoomTypeId) values (832, 'RoomVT03', null, 1, 1);
insert into Room (RoomId, RoomName, Note, RoomStatus, RoomTypeId) values (833, 'RoomQI50', null, 2, 1);
insert into Room (RoomId, RoomName, Note, RoomStatus, RoomTypeId) values (834, 'RoomND65', null, 2, 2);
insert into Room (RoomId, RoomName, Note, RoomStatus, RoomTypeId) values (835, 'RoomOM43', null, 1, 3);
insert into Room (RoomId, RoomName, Note, RoomStatus, RoomTypeId) values (836, 'RoomUL06', null, 1, 1);
insert into Room (RoomId, RoomName, Note, RoomStatus, RoomTypeId) values (837, 'RoomJG11', null, 1, 1);
insert into Room (RoomId, RoomName, Note, RoomStatus, RoomTypeId) values (838, 'RoomPU48', null, 1, 2);
insert into Room (RoomId, RoomName, Note, RoomStatus, RoomTypeId) values (839, 'RoomHY35', null, 1, 2);
insert into Room (RoomId, RoomName, Note, RoomStatus, RoomTypeId) values (840, 'RoomTW28', null, 2, 3);
insert into Room (RoomId, RoomName, Note, RoomStatus, RoomTypeId) values (841, 'RoomER46', null, 1, 1);
insert into Room (RoomId, RoomName, Note, RoomStatus, RoomTypeId) values (842, 'RoomMP89', null, 1, 2);
insert into Room (RoomId, RoomName, Note, RoomStatus, RoomTypeId) values (843, 'RoomVH93', null, 2, 2);
insert into Room (RoomId, RoomName, Note, RoomStatus, RoomTypeId) values (844, 'RoomXM15', null, 2, 2);
insert into Room (RoomId, RoomName, Note, RoomStatus, RoomTypeId) values (845, 'RoomAD71', null, 2, 3);
insert into Room (RoomId, RoomName, Note, RoomStatus, RoomTypeId) values (846, 'RoomLH07', null, 2, 3);
insert into Room (RoomId, RoomName, Note, RoomStatus, RoomTypeId) values (847, 'RoomAA37', null, 1, 1);
insert into Room (RoomId, RoomName, Note, RoomStatus, RoomTypeId) values (848, 'RoomNH70', null, 1, 3);
insert into Room (RoomId, RoomName, Note, RoomStatus, RoomTypeId) values (849, 'RoomXN08', null, 1, 1);
insert into Room (RoomId, RoomName, Note, RoomStatus, RoomTypeId) values (850, 'RoomHT23', null, 1, 3);
insert into Room (RoomId, RoomName, Note, RoomStatus, RoomTypeId) values (851, 'RoomDC37', null, 2, 3);
insert into Room (RoomId, RoomName, Note, RoomStatus, RoomTypeId) values (852, 'RoomFE36', null, 2, 3);
insert into Room (RoomId, RoomName, Note, RoomStatus, RoomTypeId) values (853, 'RoomBV46', null, 2, 1);
insert into Room (RoomId, RoomName, Note, RoomStatus, RoomTypeId) values (854, 'RoomLN41', null, 1, 1);
insert into Room (RoomId, RoomName, Note, RoomStatus, RoomTypeId) values (855, 'RoomXN03', null, 2, 2);
insert into Room (RoomId, RoomName, Note, RoomStatus, RoomTypeId) values (856, 'RoomLH20', null, 1, 1);
insert into Room (RoomId, RoomName, Note, RoomStatus, RoomTypeId) values (857, 'RoomLM83', null, 2, 2);
insert into Room (RoomId, RoomName, Note, RoomStatus, RoomTypeId) values (858, 'RoomLD71', null, 1, 2);
insert into Room (RoomId, RoomName, Note, RoomStatus, RoomTypeId) values (859, 'RoomDQ31', null, 2, 3);
insert into Room (RoomId, RoomName, Note, RoomStatus, RoomTypeId) values (860, 'RoomSG27', null, 1, 2);
insert into Room (RoomId, RoomName, Note, RoomStatus, RoomTypeId) values (861, 'RoomHC28', null, 1, 1);
insert into Room (RoomId, RoomName, Note, RoomStatus, RoomTypeId) values (862, 'RoomSW72', null, 1, 1);
insert into Room (RoomId, RoomName, Note, RoomStatus, RoomTypeId) values (863, 'RoomTY49', null, 1, 3);
insert into Room (RoomId, RoomName, Note, RoomStatus, RoomTypeId) values (864, 'RoomTW86', null, 2, 2);
insert into Room (RoomId, RoomName, Note, RoomStatus, RoomTypeId) values (865, 'RoomZE76', null, 1, 2);
insert into Room (RoomId, RoomName, Note, RoomStatus, RoomTypeId) values (866, 'RoomAK20', null, 1, 2);
insert into Room (RoomId, RoomName, Note, RoomStatus, RoomTypeId) values (867, 'RoomCX75', null, 1, 1);
insert into Room (RoomId, RoomName, Note, RoomStatus, RoomTypeId) values (868, 'RoomRG79', null, 2, 2);
insert into Room (RoomId, RoomName, Note, RoomStatus, RoomTypeId) values (869, 'RoomBS68', null, 2, 2);
insert into Room (RoomId, RoomName, Note, RoomStatus, RoomTypeId) values (870, 'RoomGC93', null, 1, 2);
insert into Room (RoomId, RoomName, Note, RoomStatus, RoomTypeId) values (871, 'RoomVV27', null, 2, 2);
insert into Room (RoomId, RoomName, Note, RoomStatus, RoomTypeId) values (872, 'RoomXB73', null, 1, 2);
insert into Room (RoomId, RoomName, Note, RoomStatus, RoomTypeId) values (873, 'RoomSK19', null, 1, 3);
insert into Room (RoomId, RoomName, Note, RoomStatus, RoomTypeId) values (874, 'RoomRT64', null, 1, 3);
insert into Room (RoomId, RoomName, Note, RoomStatus, RoomTypeId) values (875, 'RoomEP84', null, 2, 2);
insert into Room (RoomId, RoomName, Note, RoomStatus, RoomTypeId) values (876, 'RoomZY89', null, 2, 3);
insert into Room (RoomId, RoomName, Note, RoomStatus, RoomTypeId) values (877, 'RoomPV99', null, 2, 3);
insert into Room (RoomId, RoomName, Note, RoomStatus, RoomTypeId) values (878, 'RoomVW01', null, 2, 1);
insert into Room (RoomId, RoomName, Note, RoomStatus, RoomTypeId) values (879, 'RoomWK17', null, 1, 2);
insert into Room (RoomId, RoomName, Note, RoomStatus, RoomTypeId) values (880, 'RoomES54', null, 1, 1);
insert into Room (RoomId, RoomName, Note, RoomStatus, RoomTypeId) values (881, 'RoomIV56', null, 2, 1);
insert into Room (RoomId, RoomName, Note, RoomStatus, RoomTypeId) values (882, 'RoomXH44', null, 1, 1);
insert into Room (RoomId, RoomName, Note, RoomStatus, RoomTypeId) values (883, 'RoomCC81', null, 2, 1);
insert into Room (RoomId, RoomName, Note, RoomStatus, RoomTypeId) values (884, 'RoomKE61', null, 1, 2);
insert into Room (RoomId, RoomName, Note, RoomStatus, RoomTypeId) values (885, 'RoomNG27', null, 1, 3);
insert into Room (RoomId, RoomName, Note, RoomStatus, RoomTypeId) values (886, 'RoomXF70', null, 1, 3);
insert into Room (RoomId, RoomName, Note, RoomStatus, RoomTypeId) values (887, 'RoomCW13', null, 2, 1);
insert into Room (RoomId, RoomName, Note, RoomStatus, RoomTypeId) values (888, 'RoomSK35', null, 2, 3);
insert into Room (RoomId, RoomName, Note, RoomStatus, RoomTypeId) values (889, 'RoomLD61', null, 2, 1);
insert into Room (RoomId, RoomName, Note, RoomStatus, RoomTypeId) values (890, 'RoomIV12', null, 1, 2);
insert into Room (RoomId, RoomName, Note, RoomStatus, RoomTypeId) values (891, 'RoomOK02', null, 2, 2);
insert into Room (RoomId, RoomName, Note, RoomStatus, RoomTypeId) values (892, 'RoomEG03', null, 2, 2);
insert into Room (RoomId, RoomName, Note, RoomStatus, RoomTypeId) values (893, 'RoomEJ71', null, 2, 2);
insert into Room (RoomId, RoomName, Note, RoomStatus, RoomTypeId) values (894, 'RoomPJ80', null, 1, 1);
insert into Room (RoomId, RoomName, Note, RoomStatus, RoomTypeId) values (895, 'RoomEQ07', null, 2, 3);
insert into Room (RoomId, RoomName, Note, RoomStatus, RoomTypeId) values (896, 'RoomYN21', null, 2, 1);
insert into Room (RoomId, RoomName, Note, RoomStatus, RoomTypeId) values (897, 'RoomMU00', null, 2, 2);
insert into Room (RoomId, RoomName, Note, RoomStatus, RoomTypeId) values (898, 'RoomDJ31', null, 1, 2);
insert into Room (RoomId, RoomName, Note, RoomStatus, RoomTypeId) values (899, 'RoomCZ38', null, 2, 3);
insert into Room (RoomId, RoomName, Note, RoomStatus, RoomTypeId) values (900, 'RoomEF22', null, 2, 2);
insert into Room (RoomId, RoomName, Note, RoomStatus, RoomTypeId) values (901, 'RoomDB19', null, 2, 1);
insert into Room (RoomId, RoomName, Note, RoomStatus, RoomTypeId) values (902, 'RoomII84', null, 1, 2);
insert into Room (RoomId, RoomName, Note, RoomStatus, RoomTypeId) values (903, 'RoomEE11', null, 1, 2);
insert into Room (RoomId, RoomName, Note, RoomStatus, RoomTypeId) values (904, 'RoomWI67', null, 1, 3);
insert into Room (RoomId, RoomName, Note, RoomStatus, RoomTypeId) values (905, 'RoomSC39', null, 1, 2);
insert into Room (RoomId, RoomName, Note, RoomStatus, RoomTypeId) values (906, 'RoomOR22', null, 2, 3);
insert into Room (RoomId, RoomName, Note, RoomStatus, RoomTypeId) values (907, 'RoomVW90', null, 1, 2);
insert into Room (RoomId, RoomName, Note, RoomStatus, RoomTypeId) values (908, 'RoomSH19', null, 2, 2);
insert into Room (RoomId, RoomName, Note, RoomStatus, RoomTypeId) values (909, 'RoomSD70', null, 2, 3);
insert into Room (RoomId, RoomName, Note, RoomStatus, RoomTypeId) values (910, 'RoomJD47', null, 2, 3);
insert into Room (RoomId, RoomName, Note, RoomStatus, RoomTypeId) values (911, 'RoomVE82', null, 1, 1);
insert into Room (RoomId, RoomName, Note, RoomStatus, RoomTypeId) values (912, 'RoomII68', null, 1, 2);
insert into Room (RoomId, RoomName, Note, RoomStatus, RoomTypeId) values (913, 'RoomLJ88', null, 2, 3);
insert into Room (RoomId, RoomName, Note, RoomStatus, RoomTypeId) values (914, 'RoomNY54', null, 2, 3);
insert into Room (RoomId, RoomName, Note, RoomStatus, RoomTypeId) values (915, 'RoomHI24', null, 2, 2);
insert into Room (RoomId, RoomName, Note, RoomStatus, RoomTypeId) values (916, 'RoomNM56', null, 1, 3);
insert into Room (RoomId, RoomName, Note, RoomStatus, RoomTypeId) values (917, 'RoomLX55', null, 1, 2);
insert into Room (RoomId, RoomName, Note, RoomStatus, RoomTypeId) values (918, 'RoomYK11', null, 1, 2);
insert into Room (RoomId, RoomName, Note, RoomStatus, RoomTypeId) values (919, 'RoomQV38', null, 1, 2);
insert into Room (RoomId, RoomName, Note, RoomStatus, RoomTypeId) values (920, 'RoomTM06', null, 1, 2);
insert into Room (RoomId, RoomName, Note, RoomStatus, RoomTypeId) values (921, 'RoomOD62', null, 2, 1);
insert into Room (RoomId, RoomName, Note, RoomStatus, RoomTypeId) values (922, 'RoomXP52', null, 1, 1);
insert into Room (RoomId, RoomName, Note, RoomStatus, RoomTypeId) values (923, 'RoomLW96', null, 1, 2);
insert into Room (RoomId, RoomName, Note, RoomStatus, RoomTypeId) values (924, 'RoomYO54', null, 2, 1);
insert into Room (RoomId, RoomName, Note, RoomStatus, RoomTypeId) values (925, 'RoomTF64', null, 1, 3);
insert into Room (RoomId, RoomName, Note, RoomStatus, RoomTypeId) values (926, 'RoomVH10', null, 2, 1);
insert into Room (RoomId, RoomName, Note, RoomStatus, RoomTypeId) values (927, 'RoomSW95', null, 2, 3);
insert into Room (RoomId, RoomName, Note, RoomStatus, RoomTypeId) values (928, 'RoomOP14', null, 1, 3);
insert into Room (RoomId, RoomName, Note, RoomStatus, RoomTypeId) values (929, 'RoomPR79', null, 2, 1);
insert into Room (RoomId, RoomName, Note, RoomStatus, RoomTypeId) values (930, 'RoomZX35', null, 2, 1);
insert into Room (RoomId, RoomName, Note, RoomStatus, RoomTypeId) values (931, 'RoomSQ39', null, 1, 1);
insert into Room (RoomId, RoomName, Note, RoomStatus, RoomTypeId) values (932, 'RoomKX50', null, 1, 1);
insert into Room (RoomId, RoomName, Note, RoomStatus, RoomTypeId) values (933, 'RoomCY20', null, 2, 2);
insert into Room (RoomId, RoomName, Note, RoomStatus, RoomTypeId) values (934, 'RoomXE04', null, 1, 1);
insert into Room (RoomId, RoomName, Note, RoomStatus, RoomTypeId) values (935, 'RoomIS15', null, 1, 3);
insert into Room (RoomId, RoomName, Note, RoomStatus, RoomTypeId) values (936, 'RoomKX25', null, 2, 2);
insert into Room (RoomId, RoomName, Note, RoomStatus, RoomTypeId) values (937, 'RoomMN58', null, 1, 3);
insert into Room (RoomId, RoomName, Note, RoomStatus, RoomTypeId) values (938, 'RoomFW39', null, 1, 3);
insert into Room (RoomId, RoomName, Note, RoomStatus, RoomTypeId) values (939, 'RoomMI55', null, 1, 2);
insert into Room (RoomId, RoomName, Note, RoomStatus, RoomTypeId) values (940, 'RoomJM22', null, 2, 2);
insert into Room (RoomId, RoomName, Note, RoomStatus, RoomTypeId) values (941, 'RoomMQ68', null, 1, 3);
insert into Room (RoomId, RoomName, Note, RoomStatus, RoomTypeId) values (942, 'RoomKF22', null, 1, 3);
insert into Room (RoomId, RoomName, Note, RoomStatus, RoomTypeId) values (943, 'RoomPY89', null, 1, 2);
insert into Room (RoomId, RoomName, Note, RoomStatus, RoomTypeId) values (944, 'RoomCS45', null, 1, 3);
insert into Room (RoomId, RoomName, Note, RoomStatus, RoomTypeId) values (945, 'RoomXU99', null, 2, 3);
insert into Room (RoomId, RoomName, Note, RoomStatus, RoomTypeId) values (946, 'RoomGL11', null, 1, 3);
insert into Room (RoomId, RoomName, Note, RoomStatus, RoomTypeId) values (947, 'RoomNO89', null, 1, 2);
insert into Room (RoomId, RoomName, Note, RoomStatus, RoomTypeId) values (948, 'RoomZE88', null, 2, 2);
insert into Room (RoomId, RoomName, Note, RoomStatus, RoomTypeId) values (949, 'RoomER85', null, 2, 1);
insert into Room (RoomId, RoomName, Note, RoomStatus, RoomTypeId) values (950, 'RoomNZ24', null, 2, 2);
insert into Room (RoomId, RoomName, Note, RoomStatus, RoomTypeId) values (951, 'RoomBM19', null, 2, 3);
insert into Room (RoomId, RoomName, Note, RoomStatus, RoomTypeId) values (952, 'RoomKP70', null, 2, 3);
insert into Room (RoomId, RoomName, Note, RoomStatus, RoomTypeId) values (953, 'RoomPZ59', null, 1, 2);
insert into Room (RoomId, RoomName, Note, RoomStatus, RoomTypeId) values (954, 'RoomGQ63', null, 1, 1);
insert into Room (RoomId, RoomName, Note, RoomStatus, RoomTypeId) values (955, 'RoomGH00', null, 2, 2);
insert into Room (RoomId, RoomName, Note, RoomStatus, RoomTypeId) values (956, 'RoomNR64', null, 2, 2);
insert into Room (RoomId, RoomName, Note, RoomStatus, RoomTypeId) values (957, 'RoomFC02', null, 2, 1);
insert into Room (RoomId, RoomName, Note, RoomStatus, RoomTypeId) values (958, 'RoomQQ19', null, 2, 1);
insert into Room (RoomId, RoomName, Note, RoomStatus, RoomTypeId) values (959, 'RoomJE78', null, 1, 2);
insert into Room (RoomId, RoomName, Note, RoomStatus, RoomTypeId) values (960, 'RoomZM85', null, 1, 3);
insert into Room (RoomId, RoomName, Note, RoomStatus, RoomTypeId) values (961, 'RoomMR04', null, 2, 2);
insert into Room (RoomId, RoomName, Note, RoomStatus, RoomTypeId) values (962, 'RoomYB14', null, 1, 2);
insert into Room (RoomId, RoomName, Note, RoomStatus, RoomTypeId) values (963, 'RoomYC38', null, 2, 1);
insert into Room (RoomId, RoomName, Note, RoomStatus, RoomTypeId) values (964, 'RoomFK27', null, 1, 2);
insert into Room (RoomId, RoomName, Note, RoomStatus, RoomTypeId) values (965, 'RoomDZ07', null, 2, 3);
insert into Room (RoomId, RoomName, Note, RoomStatus, RoomTypeId) values (966, 'RoomUG24', null, 1, 2);
insert into Room (RoomId, RoomName, Note, RoomStatus, RoomTypeId) values (967, 'RoomYM67', null, 2, 2);
insert into Room (RoomId, RoomName, Note, RoomStatus, RoomTypeId) values (968, 'RoomGT24', null, 2, 2);
insert into Room (RoomId, RoomName, Note, RoomStatus, RoomTypeId) values (969, 'RoomJJ70', null, 2, 2);
insert into Room (RoomId, RoomName, Note, RoomStatus, RoomTypeId) values (970, 'RoomHA19', null, 1, 3);
insert into Room (RoomId, RoomName, Note, RoomStatus, RoomTypeId) values (971, 'RoomUL39', null, 2, 3);
insert into Room (RoomId, RoomName, Note, RoomStatus, RoomTypeId) values (972, 'RoomTM04', null, 1, 3);
insert into Room (RoomId, RoomName, Note, RoomStatus, RoomTypeId) values (973, 'RoomLC05', null, 1, 2);
insert into Room (RoomId, RoomName, Note, RoomStatus, RoomTypeId) values (974, 'RoomKP46', null, 1, 1);
insert into Room (RoomId, RoomName, Note, RoomStatus, RoomTypeId) values (975, 'RoomIV46', null, 1, 1);
insert into Room (RoomId, RoomName, Note, RoomStatus, RoomTypeId) values (976, 'RoomKA41', null, 1, 2);
insert into Room (RoomId, RoomName, Note, RoomStatus, RoomTypeId) values (977, 'RoomHZ25', null, 1, 3);
insert into Room (RoomId, RoomName, Note, RoomStatus, RoomTypeId) values (978, 'RoomQS46', null, 1, 3);
insert into Room (RoomId, RoomName, Note, RoomStatus, RoomTypeId) values (979, 'RoomFB91', null, 1, 3);
insert into Room (RoomId, RoomName, Note, RoomStatus, RoomTypeId) values (980, 'RoomAO47', null, 2, 2);
insert into Room (RoomId, RoomName, Note, RoomStatus, RoomTypeId) values (981, 'RoomSE97', null, 1, 2);
insert into Room (RoomId, RoomName, Note, RoomStatus, RoomTypeId) values (982, 'RoomAK35', null, 2, 3);
insert into Room (RoomId, RoomName, Note, RoomStatus, RoomTypeId) values (983, 'RoomPV02', null, 2, 1);
insert into Room (RoomId, RoomName, Note, RoomStatus, RoomTypeId) values (984, 'RoomRF88', null, 1, 1);
insert into Room (RoomId, RoomName, Note, RoomStatus, RoomTypeId) values (985, 'RoomGR91', null, 1, 1);
insert into Room (RoomId, RoomName, Note, RoomStatus, RoomTypeId) values (986, 'RoomHR53', null, 1, 1);
insert into Room (RoomId, RoomName, Note, RoomStatus, RoomTypeId) values (987, 'RoomBO57', null, 2, 1);
insert into Room (RoomId, RoomName, Note, RoomStatus, RoomTypeId) values (988, 'RoomOD92', null, 2, 3);
insert into Room (RoomId, RoomName, Note, RoomStatus, RoomTypeId) values (989, 'RoomVF20', null, 2, 2);
insert into Room (RoomId, RoomName, Note, RoomStatus, RoomTypeId) values (990, 'RoomZI07', null, 2, 1);
insert into Room (RoomId, RoomName, Note, RoomStatus, RoomTypeId) values (991, 'RoomTE86', null, 2, 2);
insert into Room (RoomId, RoomName, Note, RoomStatus, RoomTypeId) values (992, 'RoomYF79', null, 1, 2);
insert into Room (RoomId, RoomName, Note, RoomStatus, RoomTypeId) values (993, 'RoomTC68', null, 2, 1);
insert into Room (RoomId, RoomName, Note, RoomStatus, RoomTypeId) values (994, 'RoomUR08', null, 1, 2);
insert into Room (RoomId, RoomName, Note, RoomStatus, RoomTypeId) values (995, 'RoomHV50', null, 1, 2);
insert into Room (RoomId, RoomName, Note, RoomStatus, RoomTypeId) values (996, 'RoomNB03', null, 1, 2);
insert into Room (RoomId, RoomName, Note, RoomStatus, RoomTypeId) values (997, 'RoomQS73', null, 1, 1);
insert into Room (RoomId, RoomName, Note, RoomStatus, RoomTypeId) values (998, 'RoomOI40', null, 1, 3);
insert into Room (RoomId, RoomName, Note, RoomStatus, RoomTypeId) values (999, 'RoomLV04', null, 1, 1);
insert into Room (RoomId, RoomName, Note, RoomStatus, RoomTypeId) values (1000, 'RoomPZ71', null, 2, 2);

--seed data guest---------------------------

insert into Guest (GuestId, GuestName, GuestAddress, IdentityCard, GuestType, UserName, PassWord) values (1, 'Filia Kunisch', '12617 Mallard Pass', '75-5192441', 0, 'fkunisch0', 'W2Li0cbDj');
insert into Guest (GuestId, GuestName, GuestAddress, IdentityCard, GuestType, UserName, PassWord) values (2, 'Beryl Dries', '8 Sunfield Drive', '04-3156684', 1, 'bdries1', '47qdaA');
insert into Guest (GuestId, GuestName, GuestAddress, IdentityCard, GuestType, UserName, PassWord) values (3, 'Alexi Yourell', '662 Crescent Oaks Point', '65-0975856', 0, 'ayourell2', 'YK0YOa5A');
insert into Guest (GuestId, GuestName, GuestAddress, IdentityCard, GuestType, UserName, PassWord) values (4, 'Colleen Pilcher', '2941 Division Pass', '35-4746117', 1, 'cpilcher3', 'F4qHG1M');
insert into Guest (GuestId, GuestName, GuestAddress, IdentityCard, GuestType, UserName, PassWord) values (5, 'Gwenny Anfosso', '649 Forest Dale Parkway', '89-6337339', 1, 'ganfosso4', 'FYbh66mAffrf');
insert into Guest (GuestId, GuestName, GuestAddress, IdentityCard, GuestType, UserName, PassWord) values (6, 'Georges Merring', '50351 Iowa Pass', '17-5564888', 0, 'gmerring5', 'pLeAcZyoi6u');
insert into Guest (GuestId, GuestName, GuestAddress, IdentityCard, GuestType, UserName, PassWord) values (7, 'Jermaine Vennard', '4761 Grim Avenue', '40-8572117', 0, 'jvennard6', 'l3BDFKyY');
insert into Guest (GuestId, GuestName, GuestAddress, IdentityCard, GuestType, UserName, PassWord) values (8, 'Hetti Newhouse', '8127 Heffernan Way', '93-1653750', 1, 'hnewhouse7', '454fxzhKt');
insert into Guest (GuestId, GuestName, GuestAddress, IdentityCard, GuestType, UserName, PassWord) values (9, 'Pam Willoughby', '81 Buena Vista Avenue', '85-8838040', 0, 'pwilloughby8', '6fq4Bp9JbAj5');
insert into Guest (GuestId, GuestName, GuestAddress, IdentityCard, GuestType, UserName, PassWord) values (10, 'Remington Smoth', '53969 Anthes Drive', '67-5619915', 0, 'rsmoth9', 'hFdIpqM7u');
insert into Guest (GuestId, GuestName, GuestAddress, IdentityCard, GuestType, UserName, PassWord) values (11, 'Othilie Fleg', '48627 Fremont Road', '47-8061884', 0, 'oflega', 'ne3iOB');
insert into Guest (GuestId, GuestName, GuestAddress, IdentityCard, GuestType, UserName, PassWord) values (12, 'Tommie Chivers', '85420 Scoville Hill', '21-9941648', 1, 'tchiversb', '3LukGdAf');
insert into Guest (GuestId, GuestName, GuestAddress, IdentityCard, GuestType, UserName, PassWord) values (13, 'Gael Huby', '24 Amoth Avenue', '72-6954262', 0, 'ghubyc', 'clOaG3Q');
insert into Guest (GuestId, GuestName, GuestAddress, IdentityCard, GuestType, UserName, PassWord) values (14, 'Appolonia Gerbi', '384 Bowman Lane', '70-8703790', 1, 'agerbid', 'nSwskDExP');
insert into Guest (GuestId, GuestName, GuestAddress, IdentityCard, GuestType, UserName, PassWord) values (15, 'Joye Dartnell', '60 Charing Cross Point', '73-8468333', 0, 'jdartnelle', 'hnTBSDgIhfUR');
insert into Guest (GuestId, GuestName, GuestAddress, IdentityCard, GuestType, UserName, PassWord) values (16, 'Dexter Stollen', '80 Hauk Lane', '62-5810719', 0, 'dstollenf', 'PngdPs');
insert into Guest (GuestId, GuestName, GuestAddress, IdentityCard, GuestType, UserName, PassWord) values (17, 'Orland Casali', '2 Veith Alley', '53-4306880', 0, 'ocasalig', 'qFhh4HO4ebVZ');
insert into Guest (GuestId, GuestName, GuestAddress, IdentityCard, GuestType, UserName, PassWord) values (18, 'Carmine Witton', '1 Carey Place', '41-9777338', 1, 'cwittonh', 'Cv2woqxrb2a');
insert into Guest (GuestId, GuestName, GuestAddress, IdentityCard, GuestType, UserName, PassWord) values (19, 'Row Mullaly', '1869 Warbler Circle', '89-1653865', 1, 'rmullalyi', 'eSHhxEOZK0');
insert into Guest (GuestId, GuestName, GuestAddress, IdentityCard, GuestType, UserName, PassWord) values (20, 'Deeyn Ivanusyev', '0 3rd Street', '80-6522837', 1, 'divanusyevj', 'NKI0Bu1');
insert into Guest (GuestId, GuestName, GuestAddress, IdentityCard, GuestType, UserName, PassWord) values (21, 'Viviana Feore', '6939 West Circle', '12-9087604', 1, 'vfeorek', '7tkejNA');
insert into Guest (GuestId, GuestName, GuestAddress, IdentityCard, GuestType, UserName, PassWord) values (22, 'Vivie Yuryshev', '24 Fisk Lane', '40-3947116', 0, 'vyuryshevl', 'CsrEL7gPcRUw');
insert into Guest (GuestId, GuestName, GuestAddress, IdentityCard, GuestType, UserName, PassWord) values (23, 'Stephannie Sperring', '79916 Kim Lane', '17-2650095', 1, 'ssperringm', '9VObie6c8J');
insert into Guest (GuestId, GuestName, GuestAddress, IdentityCard, GuestType, UserName, PassWord) values (24, 'Sonny Dumingos', '5652 Merrick Junction', '35-6043431', 0, 'sdumingosn', 'g3hjIi8E');
insert into Guest (GuestId, GuestName, GuestAddress, IdentityCard, GuestType, UserName, PassWord) values (25, 'Peterus Pettet', '8 Troy Alley', '86-7124193', 1, 'ppetteto', 'qGOl5KJaLW');
insert into Guest (GuestId, GuestName, GuestAddress, IdentityCard, GuestType, UserName, PassWord) values (26, 'Lou Domleo', '4 Ruskin Road', '54-9727622', 0, 'ldomleop', 'uqo06JY3');
insert into Guest (GuestId, GuestName, GuestAddress, IdentityCard, GuestType, UserName, PassWord) values (27, 'Filip Steffan', '9217 Crest Line Park', '12-4575313', 1, 'fsteffanq', 'v6Eu932wuQ');
insert into Guest (GuestId, GuestName, GuestAddress, IdentityCard, GuestType, UserName, PassWord) values (28, 'Bertram Ding', '2 Memorial Crossing', '15-3887953', 1, 'bdingr', 'Dc5JWIE80');
insert into Guest (GuestId, GuestName, GuestAddress, IdentityCard, GuestType, UserName, PassWord) values (29, 'Blondelle Jaszczak', '8 Sauthoff Junction', '01-4633655', 1, 'bjaszczaks', 'P6Gz0s5FJkt');
insert into Guest (GuestId, GuestName, GuestAddress, IdentityCard, GuestType, UserName, PassWord) values (30, 'Maridel Cree', '02 High Crossing Lane', '16-1788226', 1, 'mcreet', 'OMlIMf');
insert into Guest (GuestId, GuestName, GuestAddress, IdentityCard, GuestType, UserName, PassWord) values (31, 'Dorena Starie', '95 Almo Drive', '02-6777089', 1, 'dstarieu', 'fumSZNZieF');
insert into Guest (GuestId, GuestName, GuestAddress, IdentityCard, GuestType, UserName, PassWord) values (32, 'Hephzibah Tupman', '65 Katie Way', '94-2136805', 1, 'htupmanv', '7zq2PC8IFH25');
insert into Guest (GuestId, GuestName, GuestAddress, IdentityCard, GuestType, UserName, PassWord) values (33, 'Thorn Croci', '07 Bay Trail', '01-3731727', 0, 'tcrociw', 'kVgH8jiBG');
insert into Guest (GuestId, GuestName, GuestAddress, IdentityCard, GuestType, UserName, PassWord) values (34, 'Jeanna Markham', '7656 Mendota Alley', '07-2768078', 1, 'jmarkhamx', 'GUcQmI2Er');
insert into Guest (GuestId, GuestName, GuestAddress, IdentityCard, GuestType, UserName, PassWord) values (35, 'Amy Sheers', '147 Rutledge Point', '03-2368749', 1, 'asheersy', 'Ev50BE4bZLT');
insert into Guest (GuestId, GuestName, GuestAddress, IdentityCard, GuestType, UserName, PassWord) values (36, 'Delphine Jeaffreson', '16478 Thierer Terrace', '35-0681335', 1, 'djeaffresonz', 'U55hi6C');
insert into Guest (GuestId, GuestName, GuestAddress, IdentityCard, GuestType, UserName, PassWord) values (37, 'Jacquenette Sedwick', '1871 Oxford Trail', '10-7356101', 0, 'jsedwick10', '3c64qNzTKcs');
insert into Guest (GuestId, GuestName, GuestAddress, IdentityCard, GuestType, UserName, PassWord) values (38, 'Stevy Paynter', '6 Barby Road', '01-6411212', 0, 'spaynter11', '4K1jgxbl8q');
insert into Guest (GuestId, GuestName, GuestAddress, IdentityCard, GuestType, UserName, PassWord) values (39, 'Myrna Maryska', '10646 Haas Trail', '00-3403669', 0, 'mmaryska12', '0QWQHGXPCgZ');
insert into Guest (GuestId, GuestName, GuestAddress, IdentityCard, GuestType, UserName, PassWord) values (40, 'Merrill Waszkiewicz', '33925 Truax Lane', '92-0660841', 1, 'mwaszkiewicz13', 'gQFrqBn');
insert into Guest (GuestId, GuestName, GuestAddress, IdentityCard, GuestType, UserName, PassWord) values (41, 'Ainslie Krop', '296 Dottie Center', '97-4074918', 0, 'akrop14', '5XG7hW');
insert into Guest (GuestId, GuestName, GuestAddress, IdentityCard, GuestType, UserName, PassWord) values (42, 'Julieta Melesk', '6 Eliot Street', '35-9467764', 1, 'jmelesk15', 'Na5a6uWHIFoK');
insert into Guest (GuestId, GuestName, GuestAddress, IdentityCard, GuestType, UserName, PassWord) values (43, 'Fredrika Episcopi', '875 Tomscot Point', '45-1948917', 0, 'fepiscopi16', 'IGfpo0T2Np');
insert into Guest (GuestId, GuestName, GuestAddress, IdentityCard, GuestType, UserName, PassWord) values (44, 'Bernadette Stalf', '3 Washington Road', '31-2919042', 1, 'bstalf17', 'b3IlPdSL1W');
insert into Guest (GuestId, GuestName, GuestAddress, IdentityCard, GuestType, UserName, PassWord) values (45, 'Diannne Dun', '913 Longview Trail', '98-5479485', 0, 'ddun18', '1JIba1q1');
insert into Guest (GuestId, GuestName, GuestAddress, IdentityCard, GuestType, UserName, PassWord) values (46, 'Evelyn Doumer', '92 Manitowish Pass', '74-6939297', 0, 'edoumer19', 'iAkeXygh');
insert into Guest (GuestId, GuestName, GuestAddress, IdentityCard, GuestType, UserName, PassWord) values (47, 'Ricki Collinwood', '48 Russell Drive', '36-7658880', 1, 'rcollinwood1a', '6bXyuNRMEv1');
insert into Guest (GuestId, GuestName, GuestAddress, IdentityCard, GuestType, UserName, PassWord) values (48, 'Gare Onion', '0 Shopko Place', '44-7068583', 0, 'gonion1b', 'w1u2vr');
insert into Guest (GuestId, GuestName, GuestAddress, IdentityCard, GuestType, UserName, PassWord) values (49, 'Nanette Duckitt', '771 Crowley Parkway', '22-6186336', 0, 'nduckitt1c', 'rv7ZWrSWqtcz');
insert into Guest (GuestId, GuestName, GuestAddress, IdentityCard, GuestType, UserName, PassWord) values (50, 'Courtnay Alibone', '26 Vera Drive', '43-6369977', 0, 'calibone1d', 'J5hss1m49gm');
insert into Guest (GuestId, GuestName, GuestAddress, IdentityCard, GuestType, UserName, PassWord) values (51, 'Lawry Quiddihy', '1 Glacier Hill Court', '66-8905980', 1, 'lquiddihy1e', 'cibsECbTn');
insert into Guest (GuestId, GuestName, GuestAddress, IdentityCard, GuestType, UserName, PassWord) values (52, 'Bryn Slaymaker', '68590 Forest Run Trail', '35-5961047', 0, 'bslaymaker1f', '4t998FqHb0Kh');
insert into Guest (GuestId, GuestName, GuestAddress, IdentityCard, GuestType, UserName, PassWord) values (53, 'Karim Wiersma', '187 Crest Line Lane', '72-3871386', 1, 'kwiersma1g', 'Qh4HTsi');
insert into Guest (GuestId, GuestName, GuestAddress, IdentityCard, GuestType, UserName, PassWord) values (54, 'Elladine Douglass', '2747 Dawn Court', '61-5270513', 1, 'edouglass1h', 'KVVvy5');
insert into Guest (GuestId, GuestName, GuestAddress, IdentityCard, GuestType, UserName, PassWord) values (55, 'Nannie Boulton', '78401 Bellgrove Park', '59-2486649', 1, 'nboulton1i', '65rDWWbAuv');
insert into Guest (GuestId, GuestName, GuestAddress, IdentityCard, GuestType, UserName, PassWord) values (56, 'Melva Arboine', '3171 Waxwing Street', '54-0357091', 1, 'marboine1j', 'cY3BUSScBfsU');
insert into Guest (GuestId, GuestName, GuestAddress, IdentityCard, GuestType, UserName, PassWord) values (57, 'Teddie Coley', '9085 Banding Park', '15-0031460', 1, 'tcoley1k', 'UAYcxiMceG');
insert into Guest (GuestId, GuestName, GuestAddress, IdentityCard, GuestType, UserName, PassWord) values (58, 'Holly-anne Garmanson', '4604 Eliot Point', '77-9592532', 1, 'hgarmanson1l', 'CSuHrZwioXf');
insert into Guest (GuestId, GuestName, GuestAddress, IdentityCard, GuestType, UserName, PassWord) values (59, 'Crissy Roux', '0 2nd Drive', '11-2500200', 0, 'croux1m', 'Obfbabbx1nNX');
insert into Guest (GuestId, GuestName, GuestAddress, IdentityCard, GuestType, UserName, PassWord) values (60, 'Julianne Limbrick', '45 Warrior Terrace', '67-9977388', 0, 'jlimbrick1n', 'po9lfD');
insert into Guest (GuestId, GuestName, GuestAddress, IdentityCard, GuestType, UserName, PassWord) values (61, 'Boote Emmanuel', '26127 Elmside Terrace', '51-7269793', 0, 'bemmanuel1o', 'dxhMpAHX0a39');
insert into Guest (GuestId, GuestName, GuestAddress, IdentityCard, GuestType, UserName, PassWord) values (62, 'Norman Jacklings', '0 Chive Way', '21-1714674', 0, 'njacklings1p', 'UOJKIuU');
insert into Guest (GuestId, GuestName, GuestAddress, IdentityCard, GuestType, UserName, PassWord) values (63, 'Mair Whannel', '2 Butterfield Circle', '94-7722976', 1, 'mwhannel1q', '6f0P6w');
insert into Guest (GuestId, GuestName, GuestAddress, IdentityCard, GuestType, UserName, PassWord) values (64, 'Flemming Coventry', '5 Mitchell Avenue', '17-2292626', 0, 'fcoventry1r', '4VNR8m0');
insert into Guest (GuestId, GuestName, GuestAddress, IdentityCard, GuestType, UserName, PassWord) values (65, 'Ailsun Harmstone', '3 Center Hill', '96-9924927', 1, 'aharmstone1s', 'oaEN3ZdC7g');
insert into Guest (GuestId, GuestName, GuestAddress, IdentityCard, GuestType, UserName, PassWord) values (66, 'Camel O''Keevan', '36178 Carey Drive', '38-4216231', 0, 'cokeevan1t', 'FmgLdUv4');
insert into Guest (GuestId, GuestName, GuestAddress, IdentityCard, GuestType, UserName, PassWord) values (67, 'Durant Learie', '14327 Hanover Avenue', '01-2501339', 1, 'dlearie1u', '1xbkfSO');
insert into Guest (GuestId, GuestName, GuestAddress, IdentityCard, GuestType, UserName, PassWord) values (68, 'Shellysheldon Bellany', '05 Clemons Terrace', '86-5994971', 0, 'sbellany1v', 'QNZsxPecRf');
insert into Guest (GuestId, GuestName, GuestAddress, IdentityCard, GuestType, UserName, PassWord) values (69, 'Matilde Berthelet', '03 Golden Leaf Junction', '11-8022676', 1, 'mberthelet1w', 'sZZVv4u0Jxn');
insert into Guest (GuestId, GuestName, GuestAddress, IdentityCard, GuestType, UserName, PassWord) values (70, 'Paola Beckinsale', '13419 Kipling Crossing', '77-3436070', 1, 'pbeckinsale1x', 'fL1tR2Ep');
insert into Guest (GuestId, GuestName, GuestAddress, IdentityCard, GuestType, UserName, PassWord) values (71, 'Lotti Franzelini', '56346 Namekagon Lane', '08-1438678', 0, 'lfranzelini1y', 'sN1BkG0');
insert into Guest (GuestId, GuestName, GuestAddress, IdentityCard, GuestType, UserName, PassWord) values (72, 'Lannie Ambrogelli', '97197 Ramsey Junction', '43-2412918', 0, 'lambrogelli1z', 'bqVGL0OYI0');
insert into Guest (GuestId, GuestName, GuestAddress, IdentityCard, GuestType, UserName, PassWord) values (73, 'Gallagher Turfs', '778 Grayhawk Avenue', '48-5104413', 1, 'gturfs20', '5gWxy4r8s7ZN');
insert into Guest (GuestId, GuestName, GuestAddress, IdentityCard, GuestType, UserName, PassWord) values (74, 'Fritz Hibling', '74621 Lakeland Plaza', '65-9405206', 1, 'fhibling21', '6awQy7i');
insert into Guest (GuestId, GuestName, GuestAddress, IdentityCard, GuestType, UserName, PassWord) values (75, 'Bertrando Whitemarsh', '3017 Forest Dale Park', '36-2807784', 0, 'bwhitemarsh22', 'ud5k1uiwkP4');
insert into Guest (GuestId, GuestName, GuestAddress, IdentityCard, GuestType, UserName, PassWord) values (76, 'Aaren Twentyman', '9 Gale Alley', '67-7568131', 1, 'atwentyman23', '9J8xL9HpS');
insert into Guest (GuestId, GuestName, GuestAddress, IdentityCard, GuestType, UserName, PassWord) values (77, 'Weston Ickowics', '4085 Haas Drive', '91-4945400', 0, 'wickowics24', 'Gye4wJuQo7');
insert into Guest (GuestId, GuestName, GuestAddress, IdentityCard, GuestType, UserName, PassWord) values (78, 'Stormie Tadgell', '9 Mockingbird Alley', '71-3471426', 0, 'stadgell25', 'JVHja3');
insert into Guest (GuestId, GuestName, GuestAddress, IdentityCard, GuestType, UserName, PassWord) values (79, 'Lowe Venour', '043 Barby Crossing', '43-3701489', 0, 'lvenour26', 'PReg2pjQ94l');
insert into Guest (GuestId, GuestName, GuestAddress, IdentityCard, GuestType, UserName, PassWord) values (80, 'Anastasia Balston', '9326 Rowland Hill', '45-9677568', 0, 'abalston27', 'lO5wn0bohfh');
insert into Guest (GuestId, GuestName, GuestAddress, IdentityCard, GuestType, UserName, PassWord) values (81, 'Linea Nickols', '8 East Alley', '69-7610666', 1, 'lnickols28', 'fsNEru33cb');
insert into Guest (GuestId, GuestName, GuestAddress, IdentityCard, GuestType, UserName, PassWord) values (82, 'Urbanus Fain', '41657 Dunning Point', '71-3820157', 0, 'ufain29', 'dFkhxAFH');
insert into Guest (GuestId, GuestName, GuestAddress, IdentityCard, GuestType, UserName, PassWord) values (83, 'Urson Pethick', '7261 Rigney Place', '82-4506336', 1, 'upethick2a', 'vchO13pDsQv');
insert into Guest (GuestId, GuestName, GuestAddress, IdentityCard, GuestType, UserName, PassWord) values (84, 'Glenine Scotson', '0848 Maple Wood Drive', '93-3703160', 1, 'gscotson2b', '7Vvc1qdR');
insert into Guest (GuestId, GuestName, GuestAddress, IdentityCard, GuestType, UserName, PassWord) values (85, 'Deni Cisec', '06586 Meadow Ridge Hill', '38-4342475', 1, 'dcisec2c', 'nuotynyDgTL');
insert into Guest (GuestId, GuestName, GuestAddress, IdentityCard, GuestType, UserName, PassWord) values (86, 'Shelagh De Hoogh', '0527 Ohio Way', '08-5336376', 0, 'sde2d', 'ROCpT55OH');
insert into Guest (GuestId, GuestName, GuestAddress, IdentityCard, GuestType, UserName, PassWord) values (87, 'Ardra Januszkiewicz', '821 Evergreen Road', '83-2494027', 0, 'ajanuszkiewicz2e', 'btzK9YU1PP');
insert into Guest (GuestId, GuestName, GuestAddress, IdentityCard, GuestType, UserName, PassWord) values (88, 'Madelyn Antusch', '5103 Thompson Junction', '10-1481078', 1, 'mantusch2f', 'MJetwX');
insert into Guest (GuestId, GuestName, GuestAddress, IdentityCard, GuestType, UserName, PassWord) values (89, 'Esma Linskill', '82 Barby Point', '51-4775021', 0, 'elinskill2g', 'HV6wQp7J4');
insert into Guest (GuestId, GuestName, GuestAddress, IdentityCard, GuestType, UserName, PassWord) values (90, 'Patrizio Bulstrode', '3120 Harbort Circle', '48-8998177', 1, 'pbulstrode2h', 'ikEShEw54');
insert into Guest (GuestId, GuestName, GuestAddress, IdentityCard, GuestType, UserName, PassWord) values (91, 'Kelley Wastell', '889 Ludington Street', '78-1239041', 0, 'kwastell2i', 'b9OjkXbZWyq');
insert into Guest (GuestId, GuestName, GuestAddress, IdentityCard, GuestType, UserName, PassWord) values (92, 'Billie D''Costa', '639 Transport Road', '57-8306346', 0, 'bdcosta2j', 'BRVi4ERfr');
insert into Guest (GuestId, GuestName, GuestAddress, IdentityCard, GuestType, UserName, PassWord) values (93, 'Tim Cary', '33 Dryden Alley', '54-9564537', 1, 'tcary2k', 'M8B2KYv6m81b');
insert into Guest (GuestId, GuestName, GuestAddress, IdentityCard, GuestType, UserName, PassWord) values (94, 'Correy Gratten', '4404 Pierstorff Terrace', '34-9229659', 0, 'cgratten2l', 'MWwbQzE');
insert into Guest (GuestId, GuestName, GuestAddress, IdentityCard, GuestType, UserName, PassWord) values (95, 'Ardella Simester', '583 Buhler Street', '31-3728711', 1, 'asimester2m', 'g3h9nayAv');
insert into Guest (GuestId, GuestName, GuestAddress, IdentityCard, GuestType, UserName, PassWord) values (96, 'Dulcie Mechi', '6 Melvin Trail', '64-5772311', 1, 'dmechi2n', 'yOnVV8QpnBa');
insert into Guest (GuestId, GuestName, GuestAddress, IdentityCard, GuestType, UserName, PassWord) values (97, 'Faustine Ladloe', '67548 Coolidge Plaza', '08-7752490', 0, 'fladloe2o', '2qEfvoIN');
insert into Guest (GuestId, GuestName, GuestAddress, IdentityCard, GuestType, UserName, PassWord) values (98, 'Dacia Gooderson', '12773 Kipling Parkway', '60-0102496', 1, 'dgooderson2p', 'fvwq2cD3');
insert into Guest (GuestId, GuestName, GuestAddress, IdentityCard, GuestType, UserName, PassWord) values (99, 'Prince Bogue', '5955 Sachs Point', '44-3463789', 1, 'pbogue2q', 'NdTZST4pBxE');
insert into Guest (GuestId, GuestName, GuestAddress, IdentityCard, GuestType, UserName, PassWord) values (100, 'Chance Eefting', '39076 Forster Trail', '80-6020848', 0, 'ceefting2r', 'inFBMg');
insert into Guest (GuestId, GuestName, GuestAddress, IdentityCard, GuestType, UserName, PassWord) values (101, 'Gibb Lintill', '307 Lindbergh Crossing', '53-9960325', 0, 'glintill2s', 'ehFLQWsRlmx');
insert into Guest (GuestId, GuestName, GuestAddress, IdentityCard, GuestType, UserName, PassWord) values (102, 'Muhammad Sweatman', '7 Talisman Circle', '61-1493580', 1, 'msweatman2t', 'fuxO8Jp');
insert into Guest (GuestId, GuestName, GuestAddress, IdentityCard, GuestType, UserName, PassWord) values (103, 'Essie Cleworth', '56 Milwaukee Lane', '64-7033866', 0, 'ecleworth2u', 'u9woIEjYKY');
insert into Guest (GuestId, GuestName, GuestAddress, IdentityCard, GuestType, UserName, PassWord) values (104, 'Licha MacDermand', '96 Old Gate Avenue', '93-8977760', 0, 'lmacdermand2v', 'E2sdCeeSkNxu');
insert into Guest (GuestId, GuestName, GuestAddress, IdentityCard, GuestType, UserName, PassWord) values (105, 'Mirilla Sunderland', '19 Roth Court', '71-9223666', 0, 'msunderland2w', 'VVKoU26gZ');
insert into Guest (GuestId, GuestName, GuestAddress, IdentityCard, GuestType, UserName, PassWord) values (106, 'Caesar Billinge', '3 Jenna Lane', '92-5174193', 1, 'cbillinge2x', '1Ns7v9JRwn');
insert into Guest (GuestId, GuestName, GuestAddress, IdentityCard, GuestType, UserName, PassWord) values (107, 'Ashley Lowther', '9 Lerdahl Lane', '79-3751291', 0, 'alowther2y', 'ROzotOfmF7Fo');
insert into Guest (GuestId, GuestName, GuestAddress, IdentityCard, GuestType, UserName, PassWord) values (108, 'Adam Wardley', '95607 Londonderry Drive', '32-7729023', 0, 'awardley2z', 'j3KegUJ2FM48');
insert into Guest (GuestId, GuestName, GuestAddress, IdentityCard, GuestType, UserName, PassWord) values (109, 'Kim Twiddell', '239 Forest Run Way', '22-6005060', 0, 'ktwiddell30', 'hZGMkl3');
insert into Guest (GuestId, GuestName, GuestAddress, IdentityCard, GuestType, UserName, PassWord) values (110, 'Jamey Vian', '00156 Rusk Junction', '55-1871505', 1, 'jvian31', 'NsYSGVNIVg');
insert into Guest (GuestId, GuestName, GuestAddress, IdentityCard, GuestType, UserName, PassWord) values (111, 'Kirstin Kroch', '04935 Sutteridge Road', '92-4541785', 0, 'kkroch32', 'DCxvkc');
insert into Guest (GuestId, GuestName, GuestAddress, IdentityCard, GuestType, UserName, PassWord) values (112, 'Benedicto Taffley', '741 Harper Center', '75-4156815', 0, 'btaffley33', 'QrbDpzkNt');
insert into Guest (GuestId, GuestName, GuestAddress, IdentityCard, GuestType, UserName, PassWord) values (113, 'Pascal Walczak', '372 Lindbergh Plaza', '71-1145434', 0, 'pwalczak34', 'z3EUML7xyFgg');
insert into Guest (GuestId, GuestName, GuestAddress, IdentityCard, GuestType, UserName, PassWord) values (114, 'Roseanna McEwan', '0 Ramsey Circle', '17-5356028', 0, 'rmcewan35', 'pAjRHwbcKdS7');
insert into Guest (GuestId, GuestName, GuestAddress, IdentityCard, GuestType, UserName, PassWord) values (115, 'Rachel Dutteridge', '3676 Graceland Court', '34-0019907', 0, 'rdutteridge36', 'siq6hzs');
insert into Guest (GuestId, GuestName, GuestAddress, IdentityCard, GuestType, UserName, PassWord) values (116, 'Bruce Rignold', '877 Magdeline Alley', '29-9875569', 0, 'brignold37', 'zD5Li3');
insert into Guest (GuestId, GuestName, GuestAddress, IdentityCard, GuestType, UserName, PassWord) values (117, 'Irwinn Kirimaa', '9835 Erie Pass', '69-4600803', 0, 'ikirimaa38', 'TgD8AnnnaF');
insert into Guest (GuestId, GuestName, GuestAddress, IdentityCard, GuestType, UserName, PassWord) values (118, 'Lyndel Gerbi', '5637 Kedzie Circle', '35-0946748', 1, 'lgerbi39', 'Oz7Urn');
insert into Guest (GuestId, GuestName, GuestAddress, IdentityCard, GuestType, UserName, PassWord) values (119, 'Saraann Peirone', '00 Moland Way', '10-6590902', 0, 'speirone3a', 'oIlwU02618');
insert into Guest (GuestId, GuestName, GuestAddress, IdentityCard, GuestType, UserName, PassWord) values (120, 'Maegan Morando', '67345 Reindahl Hill', '42-6872022', 1, 'mmorando3b', 'VO0Q3F');
insert into Guest (GuestId, GuestName, GuestAddress, IdentityCard, GuestType, UserName, PassWord) values (121, 'Gothart Kohtler', '8 Merchant Plaza', '34-5838121', 0, 'gkohtler3c', 'jcvg9G2');
insert into Guest (GuestId, GuestName, GuestAddress, IdentityCard, GuestType, UserName, PassWord) values (122, 'Nanine Ridde', '03 Declaration Street', '31-2444370', 0, 'nridde3d', '8N3eeY5VK');
insert into Guest (GuestId, GuestName, GuestAddress, IdentityCard, GuestType, UserName, PassWord) values (123, 'Tirrell Fronczak', '94 Eastlawn Crossing', '16-5321807', 1, 'tfronczak3e', 'zzyWqTh');
insert into Guest (GuestId, GuestName, GuestAddress, IdentityCard, GuestType, UserName, PassWord) values (124, 'Krisha Viscovi', '07212 Anthes Hill', '56-6914332', 0, 'kviscovi3f', 'WEfpAIwDJf');
insert into Guest (GuestId, GuestName, GuestAddress, IdentityCard, GuestType, UserName, PassWord) values (125, 'Lorelle Spiaggia', '9096 Coleman Pass', '96-7825316', 1, 'lspiaggia3g', 'WP3B9b0r9');
insert into Guest (GuestId, GuestName, GuestAddress, IdentityCard, GuestType, UserName, PassWord) values (126, 'Orin Conrard', '97 Sauthoff Way', '08-8483745', 0, 'oconrard3h', 'WKA8iwUU');
insert into Guest (GuestId, GuestName, GuestAddress, IdentityCard, GuestType, UserName, PassWord) values (127, 'Eugenius Arnett', '84 Grim Lane', '26-6147338', 1, 'earnett3i', 'BjfNaZhj');
insert into Guest (GuestId, GuestName, GuestAddress, IdentityCard, GuestType, UserName, PassWord) values (128, 'Brockie Pinnere', '2 Shelley Point', '34-4355049', 0, 'bpinnere3j', 'jrVAuDw4');
insert into Guest (GuestId, GuestName, GuestAddress, IdentityCard, GuestType, UserName, PassWord) values (129, 'Mandel Hawthorne', '4 Alpine Place', '88-6098346', 1, 'mhawthorne3k', 'VU5K8gSAZJUS');
insert into Guest (GuestId, GuestName, GuestAddress, IdentityCard, GuestType, UserName, PassWord) values (130, 'Jules Powdrill', '19010 Leroy Lane', '78-8866318', 1, 'jpowdrill3l', '8VdXx9PcsA');
insert into Guest (GuestId, GuestName, GuestAddress, IdentityCard, GuestType, UserName, PassWord) values (131, 'Noel Schulze', '9 Sutherland Street', '40-6122394', 1, 'nschulze3m', 'yuLjK7inFV1J');
insert into Guest (GuestId, GuestName, GuestAddress, IdentityCard, GuestType, UserName, PassWord) values (132, 'Sheeree Sinclair', '2 Mockingbird Alley', '98-8994109', 0, 'ssinclair3n', 'TxCqwo');
insert into Guest (GuestId, GuestName, GuestAddress, IdentityCard, GuestType, UserName, PassWord) values (133, 'Joli Marsland', '6776 Oxford Parkway', '26-8201448', 1, 'jmarsland3o', 'KLQEMzKK1z');
insert into Guest (GuestId, GuestName, GuestAddress, IdentityCard, GuestType, UserName, PassWord) values (134, 'Stacee Gauche', '1 Carioca Center', '27-7885441', 0, 'sgauche3p', 'A96hmkm');
insert into Guest (GuestId, GuestName, GuestAddress, IdentityCard, GuestType, UserName, PassWord) values (135, 'Astra Nund', '9 South Park', '41-3877831', 0, 'anund3q', 'sWMsrzTZB');
insert into Guest (GuestId, GuestName, GuestAddress, IdentityCard, GuestType, UserName, PassWord) values (136, 'Meta Dmitrienko', '419 Cherokee Court', '82-8742616', 1, 'mdmitrienko3r', 'pNX2YMvNT');
insert into Guest (GuestId, GuestName, GuestAddress, IdentityCard, GuestType, UserName, PassWord) values (137, 'Ysabel Souter', '13215 Marquette Junction', '50-7591562', 1, 'ysouter3s', 'XDkA1R');
insert into Guest (GuestId, GuestName, GuestAddress, IdentityCard, GuestType, UserName, PassWord) values (138, 'Arlie Dimbleby', '583 Bonner Street', '39-0320490', 0, 'adimbleby3t', '8R47Wg7j');
insert into Guest (GuestId, GuestName, GuestAddress, IdentityCard, GuestType, UserName, PassWord) values (139, 'Rodi Kubach', '30 Shopko Place', '83-3460886', 1, 'rkubach3u', 'i4Rb6Mklr');
insert into Guest (GuestId, GuestName, GuestAddress, IdentityCard, GuestType, UserName, PassWord) values (140, 'Freddy Steers', '595 Paget Place', '47-4395302', 1, 'fsteers3v', 'BX0BRk2NG');
insert into Guest (GuestId, GuestName, GuestAddress, IdentityCard, GuestType, UserName, PassWord) values (141, 'Clement Geany', '7 Clemons Circle', '26-4108166', 0, 'cgeany3w', 'XwikTBqgzoV');
insert into Guest (GuestId, GuestName, GuestAddress, IdentityCard, GuestType, UserName, PassWord) values (142, 'Hephzibah Dunnet', '82 Pennsylvania Terrace', '94-8049253', 0, 'hdunnet3x', 'hDnLhn');
insert into Guest (GuestId, GuestName, GuestAddress, IdentityCard, GuestType, UserName, PassWord) values (143, 'Anna-maria Redit', '37 Sherman Point', '44-8168474', 0, 'aredit3y', 'r2WcqW');
insert into Guest (GuestId, GuestName, GuestAddress, IdentityCard, GuestType, UserName, PassWord) values (144, 'Spike McMoyer', '6778 Grover Alley', '15-1157506', 1, 'smcmoyer3z', 'pLmq50ok3w0V');
insert into Guest (GuestId, GuestName, GuestAddress, IdentityCard, GuestType, UserName, PassWord) values (145, 'Isabeau Geyton', '50554 Mifflin Terrace', '64-0493717', 0, 'igeyton40', 'pofuB7');
insert into Guest (GuestId, GuestName, GuestAddress, IdentityCard, GuestType, UserName, PassWord) values (146, 'Farah Searston', '485 Bunker Hill Avenue', '59-3086257', 1, 'fsearston41', 'Q2yaIaSMF3t');
insert into Guest (GuestId, GuestName, GuestAddress, IdentityCard, GuestType, UserName, PassWord) values (147, 'Terri-jo Bavin', '57594 Basil Crossing', '39-5600259', 0, 'tbavin42', 'zamidbC5lWi');
insert into Guest (GuestId, GuestName, GuestAddress, IdentityCard, GuestType, UserName, PassWord) values (148, 'Brandi Kipling', '190 Monica Way', '31-5297666', 0, 'bkipling43', 'eFcu3n');
insert into Guest (GuestId, GuestName, GuestAddress, IdentityCard, GuestType, UserName, PassWord) values (149, 'Linnie Georgelin', '7 Schmedeman Road', '69-2816271', 0, 'lgeorgelin44', 'A7JlZCIkPfM');
insert into Guest (GuestId, GuestName, GuestAddress, IdentityCard, GuestType, UserName, PassWord) values (150, 'Wood Faint', '395 Clyde Gallagher Parkway', '98-6088502', 0, 'wfaint45', 'lhbrmboX');
insert into Guest (GuestId, GuestName, GuestAddress, IdentityCard, GuestType, UserName, PassWord) values (151, 'Sonnie Millican', '109 Russell Trail', '27-9123519', 1, 'smillican46', 'tR3NLHkj9df');
insert into Guest (GuestId, GuestName, GuestAddress, IdentityCard, GuestType, UserName, PassWord) values (152, 'Zandra Batterson', '538 Vahlen Road', '65-4482733', 0, 'zbatterson47', 'hlpSBc');
insert into Guest (GuestId, GuestName, GuestAddress, IdentityCard, GuestType, UserName, PassWord) values (153, 'Maximilian Gaitskill', '06783 Grover Crossing', '10-8188358', 0, 'mgaitskill48', 'gJPMt3Nfu58G');
insert into Guest (GuestId, GuestName, GuestAddress, IdentityCard, GuestType, UserName, PassWord) values (154, 'Jocelin Crombie', '732 Larry Terrace', '35-5400451', 0, 'jcrombie49', 'Uk9zp63pu');
insert into Guest (GuestId, GuestName, GuestAddress, IdentityCard, GuestType, UserName, PassWord) values (155, 'Nara Perigoe', '39412 Burning Wood Place', '11-1601863', 0, 'nperigoe4a', 'sQ7jrNP2h');
insert into Guest (GuestId, GuestName, GuestAddress, IdentityCard, GuestType, UserName, PassWord) values (156, 'Raina Atton', '418 Fieldstone Parkway', '56-5254706', 0, 'ratton4b', 'IR76YSEO');
insert into Guest (GuestId, GuestName, GuestAddress, IdentityCard, GuestType, UserName, PassWord) values (157, 'Garwin Bertomeu', '76 Rowland Point', '12-9029602', 0, 'gbertomeu4c', 'H1TdwaxKv');
insert into Guest (GuestId, GuestName, GuestAddress, IdentityCard, GuestType, UserName, PassWord) values (158, 'Caron Flescher', '811 Hooker Alley', '23-0550068', 0, 'cflescher4d', 'OeGuiNFzepv');
insert into Guest (GuestId, GuestName, GuestAddress, IdentityCard, GuestType, UserName, PassWord) values (159, 'Eunice Gravie', '5506 Lighthouse Bay Parkway', '79-6857613', 1, 'egravie4e', 'I2B7IodPr3cn');
insert into Guest (GuestId, GuestName, GuestAddress, IdentityCard, GuestType, UserName, PassWord) values (160, 'Bunnie Lorenzetto', '68121 Mcguire Avenue', '68-3988029', 0, 'blorenzetto4f', 'qt4OuwocWXsw');
insert into Guest (GuestId, GuestName, GuestAddress, IdentityCard, GuestType, UserName, PassWord) values (161, 'Llywellyn Bridgen', '327 Hansons Way', '28-7110768', 0, 'lbridgen4g', '3O916mqv');
insert into Guest (GuestId, GuestName, GuestAddress, IdentityCard, GuestType, UserName, PassWord) values (162, 'Earle Birwhistle', '39 Grover Drive', '46-3889191', 1, 'ebirwhistle4h', 'FfKU955bIu');
insert into Guest (GuestId, GuestName, GuestAddress, IdentityCard, GuestType, UserName, PassWord) values (163, 'Brigid McGraith', '12 Dapin Point', '61-6770820', 1, 'bmcgraith4i', 'PxetQjIeJ');
insert into Guest (GuestId, GuestName, GuestAddress, IdentityCard, GuestType, UserName, PassWord) values (164, 'Letti Northin', '742 Walton Parkway', '10-6101359', 0, 'lnorthin4j', 'ROqLBOkv');
insert into Guest (GuestId, GuestName, GuestAddress, IdentityCard, GuestType, UserName, PassWord) values (165, 'Sibeal Vanns', '74882 Heath Crossing', '65-6956781', 0, 'svanns4k', 'aZoqYwc0oFHS');
insert into Guest (GuestId, GuestName, GuestAddress, IdentityCard, GuestType, UserName, PassWord) values (166, 'Jasper Goneau', '0966 Northview Lane', '12-3826603', 0, 'jgoneau4l', 'DbUI0PjoPqH');
insert into Guest (GuestId, GuestName, GuestAddress, IdentityCard, GuestType, UserName, PassWord) values (167, 'Konstantine Brockbank', '81817 Lakewood Gardens Way', '12-3604288', 0, 'kbrockbank4m', '2TfzVhYEBq');
insert into Guest (GuestId, GuestName, GuestAddress, IdentityCard, GuestType, UserName, PassWord) values (168, 'Carlynne Gornar', '2460 Fieldstone Road', '51-2741046', 1, 'cgornar4n', 'Vdic7o6R7A');
insert into Guest (GuestId, GuestName, GuestAddress, IdentityCard, GuestType, UserName, PassWord) values (169, 'Cherianne Kerr', '230 Logan Drive', '75-0659164', 0, 'ckerr4o', 'ihcZftuiF7');
insert into Guest (GuestId, GuestName, GuestAddress, IdentityCard, GuestType, UserName, PassWord) values (170, 'Fred Giacoppo', '1 Pennsylvania Pass', '39-5613331', 1, 'fgiacoppo4p', 'BUcuelm');
insert into Guest (GuestId, GuestName, GuestAddress, IdentityCard, GuestType, UserName, PassWord) values (171, 'Kennett Philippeaux', '5420 2nd Pass', '12-4459856', 0, 'kphilippeaux4q', 'jNPaPj4T');
insert into Guest (GuestId, GuestName, GuestAddress, IdentityCard, GuestType, UserName, PassWord) values (172, 'Huberto Kirkhouse', '51 Tony Plaza', '34-0355086', 0, 'hkirkhouse4r', 'GBAb0WD');
insert into Guest (GuestId, GuestName, GuestAddress, IdentityCard, GuestType, UserName, PassWord) values (173, 'Joyan Bassilashvili', '4 Knutson Avenue', '13-2945899', 1, 'jbassilashvili4s', 'hOIeVZC');
insert into Guest (GuestId, GuestName, GuestAddress, IdentityCard, GuestType, UserName, PassWord) values (174, 'Joni Grundle', '08 Golf Park', '81-5031873', 0, 'jgrundle4t', '8xlY6d5j');
insert into Guest (GuestId, GuestName, GuestAddress, IdentityCard, GuestType, UserName, PassWord) values (175, 'Lorilee Pococke', '3 Rigney Parkway', '23-5328880', 0, 'lpococke4u', 'q5U1pG');
insert into Guest (GuestId, GuestName, GuestAddress, IdentityCard, GuestType, UserName, PassWord) values (176, 'Yevette Croot', '0 Vermont Junction', '11-1348205', 1, 'ycroot4v', 'pbHV0g');
insert into Guest (GuestId, GuestName, GuestAddress, IdentityCard, GuestType, UserName, PassWord) values (177, 'Gerardo Beddow', '13402 Fair Oaks Hill', '15-4928211', 1, 'gbeddow4w', 'qdCvAZf5E9gR');
insert into Guest (GuestId, GuestName, GuestAddress, IdentityCard, GuestType, UserName, PassWord) values (178, 'Heinrick Costerd', '859 Steensland Crossing', '83-5483787', 0, 'hcosterd4x', 'jzi8bM');
insert into Guest (GuestId, GuestName, GuestAddress, IdentityCard, GuestType, UserName, PassWord) values (179, 'Christie McLoney', '36 Judy Way', '20-3599365', 0, 'cmcloney4y', '27bueUB');
insert into Guest (GuestId, GuestName, GuestAddress, IdentityCard, GuestType, UserName, PassWord) values (180, 'Vanya Sone', '281 Scofield Parkway', '34-9492119', 1, 'vsone4z', 'qx8ly7iK6F');
insert into Guest (GuestId, GuestName, GuestAddress, IdentityCard, GuestType, UserName, PassWord) values (181, 'Silvie Rooson', '0 Westridge Plaza', '92-1850251', 1, 'srooson50', 'faIQljlwxbx');
insert into Guest (GuestId, GuestName, GuestAddress, IdentityCard, GuestType, UserName, PassWord) values (182, 'Sawyere Woof', '6926 Mifflin Parkway', '11-1335889', 1, 'swoof51', 'evI6FYKTWSE');
insert into Guest (GuestId, GuestName, GuestAddress, IdentityCard, GuestType, UserName, PassWord) values (183, 'Colby Dredge', '376 Columbus Park', '79-7197218', 1, 'cdredge52', 'EsWvVJNi9');
insert into Guest (GuestId, GuestName, GuestAddress, IdentityCard, GuestType, UserName, PassWord) values (184, 'Alina McIlmorie', '91583 Southridge Parkway', '20-8811348', 0, 'amcilmorie53', '9lUM6F5QlIJ2');
insert into Guest (GuestId, GuestName, GuestAddress, IdentityCard, GuestType, UserName, PassWord) values (185, 'Red Cloney', '85 Division Pass', '78-4274348', 0, 'rcloney54', 'LzVCouj');
insert into Guest (GuestId, GuestName, GuestAddress, IdentityCard, GuestType, UserName, PassWord) values (186, 'Izak Padwick', '36 Knutson Crossing', '89-3576691', 1, 'ipadwick55', 'gGCcYI7tRiI7');
insert into Guest (GuestId, GuestName, GuestAddress, IdentityCard, GuestType, UserName, PassWord) values (187, 'Frazier Pinnock', '99 Buena Vista Pass', '38-6286813', 1, 'fpinnock56', 'SHqXbmxy');
insert into Guest (GuestId, GuestName, GuestAddress, IdentityCard, GuestType, UserName, PassWord) values (188, 'Paten Masselin', '74689 Prentice Court', '17-5190974', 1, 'pmasselin57', 'OIEUxqohEqT5');
insert into Guest (GuestId, GuestName, GuestAddress, IdentityCard, GuestType, UserName, PassWord) values (189, 'Leonie Mayling', '625 Roth Avenue', '22-1346362', 0, 'lmayling58', '4TdyYDg');
insert into Guest (GuestId, GuestName, GuestAddress, IdentityCard, GuestType, UserName, PassWord) values (190, 'Colan Tunno', '34 Ridgeview Parkway', '58-3861720', 0, 'ctunno59', 'MaGG0liEu');
insert into Guest (GuestId, GuestName, GuestAddress, IdentityCard, GuestType, UserName, PassWord) values (191, 'Viviana Mohammed', '91 Maple Circle', '43-0918760', 0, 'vmohammed5a', 'VUFVLO');
insert into Guest (GuestId, GuestName, GuestAddress, IdentityCard, GuestType, UserName, PassWord) values (192, 'Livvie Krollmann', '01124 Bobwhite Plaza', '38-1103130', 0, 'lkrollmann5b', 'd0bsWocA8gY');
insert into Guest (GuestId, GuestName, GuestAddress, IdentityCard, GuestType, UserName, PassWord) values (193, 'Herby Quigley', '2287 Del Sol Terrace', '57-7241884', 0, 'hquigley5c', 'lBGW42cG0VqN');
insert into Guest (GuestId, GuestName, GuestAddress, IdentityCard, GuestType, UserName, PassWord) values (194, 'Mikol Pietrasik', '9010 Buell Plaza', '25-9941703', 1, 'mpietrasik5d', 'RBnttJXB');
insert into Guest (GuestId, GuestName, GuestAddress, IdentityCard, GuestType, UserName, PassWord) values (195, 'Fransisco Chandler', '2223 Columbus Lane', '38-2736248', 0, 'fchandler5e', 'kiz5USkXY');
insert into Guest (GuestId, GuestName, GuestAddress, IdentityCard, GuestType, UserName, PassWord) values (196, 'Kathy Petracci', '72 Michigan Road', '37-3464664', 0, 'kpetracci5f', '2yef7O6lvzn9');
insert into Guest (GuestId, GuestName, GuestAddress, IdentityCard, GuestType, UserName, PassWord) values (197, 'Crawford McCarlie', '17 Arizona Plaza', '32-8015045', 1, 'cmccarlie5g', 'iavLJQ');
insert into Guest (GuestId, GuestName, GuestAddress, IdentityCard, GuestType, UserName, PassWord) values (198, 'Tabina Godon', '7 Columbus Junction', '21-5263181', 1, 'tgodon5h', '8oaIafDc1Q');
insert into Guest (GuestId, GuestName, GuestAddress, IdentityCard, GuestType, UserName, PassWord) values (199, 'Hope Wilsey', '74862 Warbler Park', '31-4213872', 1, 'hwilsey5i', 'NIVd4SMj');
insert into Guest (GuestId, GuestName, GuestAddress, IdentityCard, GuestType, UserName, PassWord) values (200, 'Teador Binns', '78915 Victoria Point', '65-7646294', 0, 'tbinns5j', 'pFtOhMdccYm');
insert into Guest (GuestId, GuestName, GuestAddress, IdentityCard, GuestType, UserName, PassWord) values (201, 'Culver Khoter', '694 Roxbury Junction', '34-4571902', 1, 'ckhoter5k', 'Lpf1drcdCO');
insert into Guest (GuestId, GuestName, GuestAddress, IdentityCard, GuestType, UserName, PassWord) values (202, 'Heywood Gounin', '6633 Blaine Junction', '29-0337640', 1, 'hgounin5l', 'hle6CHS7aJM3');
insert into Guest (GuestId, GuestName, GuestAddress, IdentityCard, GuestType, UserName, PassWord) values (203, 'Morgan Keoghane', '18558 Brentwood Center', '11-6396995', 1, 'mkeoghane5m', 'sakr6W');
insert into Guest (GuestId, GuestName, GuestAddress, IdentityCard, GuestType, UserName, PassWord) values (204, 'Ole Parmley', '8 Loomis Street', '94-6891209', 0, 'oparmley5n', 'kvgyeTr01A37');
insert into Guest (GuestId, GuestName, GuestAddress, IdentityCard, GuestType, UserName, PassWord) values (205, 'Daren Harkins', '63511 Oakridge Place', '39-4433055', 0, 'dharkins5o', 'db94Wd');
insert into Guest (GuestId, GuestName, GuestAddress, IdentityCard, GuestType, UserName, PassWord) values (206, 'Llewellyn Popland', '613 Hansons Crossing', '18-4557381', 1, 'lpopland5p', 'okVOFP9');
insert into Guest (GuestId, GuestName, GuestAddress, IdentityCard, GuestType, UserName, PassWord) values (207, 'Aloysia Daggett', '5409 Arizona Court', '46-7230782', 1, 'adaggett5q', 'uSZvQU');
insert into Guest (GuestId, GuestName, GuestAddress, IdentityCard, GuestType, UserName, PassWord) values (208, 'Silvester Demelt', '51 Michigan Trail', '01-7848561', 1, 'sdemelt5r', 'hokq3iCLJI1e');
insert into Guest (GuestId, GuestName, GuestAddress, IdentityCard, GuestType, UserName, PassWord) values (209, 'Hildegarde Apted', '04109 Heffernan Circle', '19-3067073', 1, 'hapted5s', 'lHXfKStY');
insert into Guest (GuestId, GuestName, GuestAddress, IdentityCard, GuestType, UserName, PassWord) values (210, 'Etty Tuminelli', '3 Rockefeller Avenue', '11-7313899', 0, 'etuminelli5t', '346T5YpTW');
insert into Guest (GuestId, GuestName, GuestAddress, IdentityCard, GuestType, UserName, PassWord) values (211, 'Bernarr Brockhouse', '098 Green Lane', '41-3806214', 1, 'bbrockhouse5u', 'TyHskMy1qK8p');
insert into Guest (GuestId, GuestName, GuestAddress, IdentityCard, GuestType, UserName, PassWord) values (212, 'Caryl Aery', '479 Comanche Street', '31-7894440', 1, 'caery5v', 'WBGZt6J');
insert into Guest (GuestId, GuestName, GuestAddress, IdentityCard, GuestType, UserName, PassWord) values (213, 'Orazio Hallford', '44511 Corscot Way', '12-8329729', 1, 'ohallford5w', 'pTZu0yFQ6');
insert into Guest (GuestId, GuestName, GuestAddress, IdentityCard, GuestType, UserName, PassWord) values (214, 'Kaye Notti', '135 Bonner Circle', '83-4756931', 0, 'knotti5x', 'sVN8iIfZnmy');
insert into Guest (GuestId, GuestName, GuestAddress, IdentityCard, GuestType, UserName, PassWord) values (215, 'Dirk Brade', '748 Ilene Street', '10-7323443', 1, 'dbrade5y', 'sJ8VDmKhWA');
insert into Guest (GuestId, GuestName, GuestAddress, IdentityCard, GuestType, UserName, PassWord) values (216, 'Gertrude Labro', '1 Oak Drive', '28-8841596', 1, 'glabro5z', 'lt3Iq2weLqt');
insert into Guest (GuestId, GuestName, GuestAddress, IdentityCard, GuestType, UserName, PassWord) values (217, 'Greggory Cromleholme', '4 Mayfield Plaza', '38-6446498', 0, 'gcromleholme60', '9ExTGNjtcI8n');
insert into Guest (GuestId, GuestName, GuestAddress, IdentityCard, GuestType, UserName, PassWord) values (218, 'Nadine Skea', '24645 Mayer Drive', '53-3293975', 0, 'nskea61', 'woPF3h4Dv');
insert into Guest (GuestId, GuestName, GuestAddress, IdentityCard, GuestType, UserName, PassWord) values (219, 'Charmaine Titcom', '487 Loomis Center', '56-5493897', 0, 'ctitcom62', 'dpSeif9Wfnz');
insert into Guest (GuestId, GuestName, GuestAddress, IdentityCard, GuestType, UserName, PassWord) values (220, 'Ossie O''Bradain', '2722 Old Gate Court', '50-9942686', 0, 'oobradain63', 'H7r3zG5x');
insert into Guest (GuestId, GuestName, GuestAddress, IdentityCard, GuestType, UserName, PassWord) values (221, 'Sharity Lingner', '5918 Menomonie Pass', '33-9044743', 0, 'slingner64', '971n6rmV47nb');
insert into Guest (GuestId, GuestName, GuestAddress, IdentityCard, GuestType, UserName, PassWord) values (222, 'Norah Jacob', '20451 Nevada Road', '80-4569362', 1, 'njacob65', 'qi9bN3k');
insert into Guest (GuestId, GuestName, GuestAddress, IdentityCard, GuestType, UserName, PassWord) values (223, 'Marinna McCathay', '7 Porter Way', '51-8467532', 0, 'mmccathay66', 'f7jlPXKYwkp');
insert into Guest (GuestId, GuestName, GuestAddress, IdentityCard, GuestType, UserName, PassWord) values (224, 'Rivy Gregh', '51 Kedzie Park', '43-9674729', 0, 'rgregh67', '9g0d7Gir');
insert into Guest (GuestId, GuestName, GuestAddress, IdentityCard, GuestType, UserName, PassWord) values (225, 'Alessandro Hickisson', '287 Pond Point', '21-8590953', 1, 'ahickisson68', 'M4zskD');
insert into Guest (GuestId, GuestName, GuestAddress, IdentityCard, GuestType, UserName, PassWord) values (226, 'Inga McNiven', '78 Loftsgordon Junction', '43-5712175', 1, 'imcniven69', 'SPZOuSgSs');
insert into Guest (GuestId, GuestName, GuestAddress, IdentityCard, GuestType, UserName, PassWord) values (227, 'Cornie Delacour', '3414 Moulton Avenue', '01-1698347', 0, 'cdelacour6a', '8Evg5b1J');
insert into Guest (GuestId, GuestName, GuestAddress, IdentityCard, GuestType, UserName, PassWord) values (228, 'Eryn Edes', '30258 Killdeer Junction', '80-5008538', 1, 'eedes6b', 'dluXelfhA4sS');
insert into Guest (GuestId, GuestName, GuestAddress, IdentityCard, GuestType, UserName, PassWord) values (229, 'Fergus Coetzee', '38019 Banding Pass', '25-6618471', 1, 'fcoetzee6c', '8bGaMk');
insert into Guest (GuestId, GuestName, GuestAddress, IdentityCard, GuestType, UserName, PassWord) values (230, 'Peggie Stothard', '47 Barnett Court', '53-9231613', 1, 'pstothard6d', 'uPwGZUBCI');
insert into Guest (GuestId, GuestName, GuestAddress, IdentityCard, GuestType, UserName, PassWord) values (231, 'Kellby Rosson', '5009 Algoma Point', '60-4010773', 1, 'krosson6e', '6Vfe75u2jd5');
insert into Guest (GuestId, GuestName, GuestAddress, IdentityCard, GuestType, UserName, PassWord) values (232, 'Elonore Duns', '970 Melvin Place', '37-6643039', 0, 'eduns6f', 'YtH7ILReH7P');
insert into Guest (GuestId, GuestName, GuestAddress, IdentityCard, GuestType, UserName, PassWord) values (233, 'Gussi Bennitt', '51 Kinsman Terrace', '33-4049849', 0, 'gbennitt6g', '86wiLi');
insert into Guest (GuestId, GuestName, GuestAddress, IdentityCard, GuestType, UserName, PassWord) values (234, 'Gisella Biagini', '16 New Castle Junction', '66-3593886', 0, 'gbiagini6h', 'yAtLoBwJQ');
insert into Guest (GuestId, GuestName, GuestAddress, IdentityCard, GuestType, UserName, PassWord) values (235, 'Paxton Toulmin', '32430 Clove Park', '68-6400992', 1, 'ptoulmin6i', '1eg8y4x');
insert into Guest (GuestId, GuestName, GuestAddress, IdentityCard, GuestType, UserName, PassWord) values (236, 'Giordano Episcopio', '0 Washington Crossing', '00-3937503', 1, 'gepiscopio6j', 'DtmSo3WNGW');
insert into Guest (GuestId, GuestName, GuestAddress, IdentityCard, GuestType, UserName, PassWord) values (237, 'Loutitia Timberlake', '948 Del Mar Pass', '81-6686344', 0, 'ltimberlake6k', '7IHD9OU');
insert into Guest (GuestId, GuestName, GuestAddress, IdentityCard, GuestType, UserName, PassWord) values (238, 'Natty Dallas', '98270 Bonner Avenue', '82-0287344', 1, 'ndallas6l', 'QCMlxVg');
insert into Guest (GuestId, GuestName, GuestAddress, IdentityCard, GuestType, UserName, PassWord) values (239, 'Lay McCutheon', '96319 Park Meadow Road', '05-2789851', 0, 'lmccutheon6m', 'O92qMhP8DOEl');
insert into Guest (GuestId, GuestName, GuestAddress, IdentityCard, GuestType, UserName, PassWord) values (240, 'Melody Cicchelli', '9 Dakota Pass', '66-3962652', 1, 'mcicchelli6n', '6MS2qfseJdc');
insert into Guest (GuestId, GuestName, GuestAddress, IdentityCard, GuestType, UserName, PassWord) values (241, 'Weber Guillotin', '1 Florence Junction', '36-3409724', 1, 'wguillotin6o', 'XQFZHQVdI');
insert into Guest (GuestId, GuestName, GuestAddress, IdentityCard, GuestType, UserName, PassWord) values (242, 'Dorie Bumpas', '4523 Fisk Circle', '02-7749474', 0, 'dbumpas6p', '3q8VcHjdEYIV');
insert into Guest (GuestId, GuestName, GuestAddress, IdentityCard, GuestType, UserName, PassWord) values (243, 'Maribeth Jesteco', '97 Emmet Street', '04-3911035', 0, 'mjesteco6q', 'YUhj0vmF4cR');
insert into Guest (GuestId, GuestName, GuestAddress, IdentityCard, GuestType, UserName, PassWord) values (244, 'Giselbert Culwen', '38 Londonderry Center', '68-0755345', 1, 'gculwen6r', 'NmtACVBhVNIc');
insert into Guest (GuestId, GuestName, GuestAddress, IdentityCard, GuestType, UserName, PassWord) values (245, 'Kinny Buddington', '3905 Cardinal Trail', '32-9666744', 1, 'kbuddington6s', '4ndyxOBk3');
insert into Guest (GuestId, GuestName, GuestAddress, IdentityCard, GuestType, UserName, PassWord) values (246, 'Bill Basant', '811 Magdeline Hill', '10-4130361', 0, 'bbasant6t', 'HD7K6d');
insert into Guest (GuestId, GuestName, GuestAddress, IdentityCard, GuestType, UserName, PassWord) values (247, 'Kevon Skillington', '05 Oxford Parkway', '09-4278959', 1, 'kskillington6u', 'Xw67XScA');
insert into Guest (GuestId, GuestName, GuestAddress, IdentityCard, GuestType, UserName, PassWord) values (248, 'Gianna Pech', '1 Dahle Point', '60-9090754', 0, 'gpech6v', 'R5Im7Av');
insert into Guest (GuestId, GuestName, GuestAddress, IdentityCard, GuestType, UserName, PassWord) values (249, 'Roxine Fontin', '0302 Sutteridge Way', '16-0404893', 1, 'rfontin6w', 'BzwPHciS9XD');
insert into Guest (GuestId, GuestName, GuestAddress, IdentityCard, GuestType, UserName, PassWord) values (250, 'Dave Sykora', '7383 Becker Court', '00-8437575', 0, 'dsykora6x', 'z7X3ePKZ');
insert into Guest (GuestId, GuestName, GuestAddress, IdentityCard, GuestType, UserName, PassWord) values (251, 'Goddard Stonard', '27690 Dahle Trail', '33-1287797', 1, 'gstonard6y', 'eRul9prX0e1');
insert into Guest (GuestId, GuestName, GuestAddress, IdentityCard, GuestType, UserName, PassWord) values (252, 'Roderich Cordon', '9 Mallory Street', '67-3453375', 0, 'rcordon6z', 'AKJDdhO');
insert into Guest (GuestId, GuestName, GuestAddress, IdentityCard, GuestType, UserName, PassWord) values (253, 'Alva Kloster', '19314 Summerview Court', '04-3837610', 1, 'akloster70', '3rwppABt');
insert into Guest (GuestId, GuestName, GuestAddress, IdentityCard, GuestType, UserName, PassWord) values (254, 'Elfreda Mounce', '0876 Burrows Junction', '60-5083908', 1, 'emounce71', 'jYPdJxWCt9');
insert into Guest (GuestId, GuestName, GuestAddress, IdentityCard, GuestType, UserName, PassWord) values (255, 'Camala McNevin', '04486 Westend Hill', '40-0569254', 1, 'cmcnevin72', 'ld493Ir');
insert into Guest (GuestId, GuestName, GuestAddress, IdentityCard, GuestType, UserName, PassWord) values (256, 'Paxon Ridgley', '986 Hallows Street', '26-9853072', 0, 'pridgley73', 'UP4UH8Z5rS');
insert into Guest (GuestId, GuestName, GuestAddress, IdentityCard, GuestType, UserName, PassWord) values (257, 'Gonzalo Hens', '31848 Kim Place', '34-9228972', 0, 'ghens74', 'CMuUzDGWaMdu');
insert into Guest (GuestId, GuestName, GuestAddress, IdentityCard, GuestType, UserName, PassWord) values (258, 'Hugh Casillis', '843 Anthes Pass', '75-0681868', 1, 'hcasillis75', 'iJqb46D5DZH');
insert into Guest (GuestId, GuestName, GuestAddress, IdentityCard, GuestType, UserName, PassWord) values (259, 'Danyelle Ginty', '61430 Claremont Parkway', '42-1795332', 0, 'dginty76', 'tgd6PsR');
insert into Guest (GuestId, GuestName, GuestAddress, IdentityCard, GuestType, UserName, PassWord) values (260, 'Anissa Dell Casa', '3421 Ohio Park', '45-2452753', 1, 'adell77', 'Rsv1IUj9V8');
insert into Guest (GuestId, GuestName, GuestAddress, IdentityCard, GuestType, UserName, PassWord) values (261, 'Tobe De Hooge', '586 Wayridge Circle', '63-2753996', 1, 'tde78', 'KREdYDz1');
insert into Guest (GuestId, GuestName, GuestAddress, IdentityCard, GuestType, UserName, PassWord) values (262, 'Donelle Satteford', '99954 Beilfuss Alley', '95-3104232', 0, 'dsatteford79', 'jzcFw6azH');
insert into Guest (GuestId, GuestName, GuestAddress, IdentityCard, GuestType, UserName, PassWord) values (263, 'Auria Stampfer', '3 Menomonie Terrace', '87-4545480', 1, 'astampfer7a', 'VeMJCB');
insert into Guest (GuestId, GuestName, GuestAddress, IdentityCard, GuestType, UserName, PassWord) values (264, 'Guendolen Davidovitz', '7610 Sutherland Road', '00-2246746', 0, 'gdavidovitz7b', 'XuJx1aGeQ1x');
insert into Guest (GuestId, GuestName, GuestAddress, IdentityCard, GuestType, UserName, PassWord) values (265, 'Reggy Wheeldon', '90375 Maple Way', '11-6195293', 1, 'rwheeldon7c', 'lbrDnoe');
insert into Guest (GuestId, GuestName, GuestAddress, IdentityCard, GuestType, UserName, PassWord) values (266, 'Hunfredo Cosser', '8701 South Hill', '38-0244932', 0, 'hcosser7d', 'I1kix5MSCg31');
insert into Guest (GuestId, GuestName, GuestAddress, IdentityCard, GuestType, UserName, PassWord) values (267, 'Alissa Attenborrow', '63758 Anderson Drive', '47-7282672', 0, 'aattenborrow7e', 'nREWzfrEZ');
insert into Guest (GuestId, GuestName, GuestAddress, IdentityCard, GuestType, UserName, PassWord) values (268, 'Willabella Lent', '04980 Dexter Center', '30-6161131', 1, 'wlent7f', 'zhZVsH0Gb');
insert into Guest (GuestId, GuestName, GuestAddress, IdentityCard, GuestType, UserName, PassWord) values (269, 'Tracie Leger', '7 Riverside Terrace', '94-2291263', 1, 'tleger7g', 'cX5qqOInuVaK');
insert into Guest (GuestId, GuestName, GuestAddress, IdentityCard, GuestType, UserName, PassWord) values (270, 'Stevena Di Domenico', '92880 Vera Street', '44-7765516', 1, 'sdi7h', 'VqEQEAsSPa5');
insert into Guest (GuestId, GuestName, GuestAddress, IdentityCard, GuestType, UserName, PassWord) values (271, 'Alverta Rasp', '0 Norway Maple Alley', '23-9870847', 0, 'arasp7i', 'Q8G81INy2y');
insert into Guest (GuestId, GuestName, GuestAddress, IdentityCard, GuestType, UserName, PassWord) values (272, 'Gwennie Garmey', '909 Eastwood Avenue', '84-8154491', 0, 'ggarmey7j', 'mleXjwyn');
insert into Guest (GuestId, GuestName, GuestAddress, IdentityCard, GuestType, UserName, PassWord) values (273, 'Abrahan Sydney', '5818 Dakota Junction', '92-4080925', 0, 'asydney7k', 'NQwxI3gm');
insert into Guest (GuestId, GuestName, GuestAddress, IdentityCard, GuestType, UserName, PassWord) values (274, 'Nadeen Macrow', '5 Leroy Road', '75-6325060', 1, 'nmacrow7l', 'JNl1kMH');
insert into Guest (GuestId, GuestName, GuestAddress, IdentityCard, GuestType, UserName, PassWord) values (275, 'Norman Basilone', '6811 Springview Alley', '11-0420062', 1, 'nbasilone7m', 'YVZ1gKypuJKh');
insert into Guest (GuestId, GuestName, GuestAddress, IdentityCard, GuestType, UserName, PassWord) values (276, 'Ailis Jonuzi', '433 Schurz Junction', '14-8928373', 0, 'ajonuzi7n', 'XnxEJm');
insert into Guest (GuestId, GuestName, GuestAddress, IdentityCard, GuestType, UserName, PassWord) values (277, 'Belicia Nouch', '900 Rowland Point', '63-5164290', 1, 'bnouch7o', 'LTOIYpFMR');
insert into Guest (GuestId, GuestName, GuestAddress, IdentityCard, GuestType, UserName, PassWord) values (278, 'Kimberlee Strudwick', '20807 Dennis Plaza', '28-4162159', 1, 'kstrudwick7p', 'AtZjFP');
insert into Guest (GuestId, GuestName, GuestAddress, IdentityCard, GuestType, UserName, PassWord) values (279, 'Tracee Betun', '9244 Oakridge Avenue', '42-7125165', 1, 'tbetun7q', 'JlHy69JyL');
insert into Guest (GuestId, GuestName, GuestAddress, IdentityCard, GuestType, UserName, PassWord) values (280, 'Lurleen Swinburne', '06 Dottie Terrace', '18-0537200', 0, 'lswinburne7r', 'oIeLM2');
insert into Guest (GuestId, GuestName, GuestAddress, IdentityCard, GuestType, UserName, PassWord) values (281, 'Penrod Elkin', '6278 Leroy Pass', '88-8511341', 0, 'pelkin7s', 'tP7pBmz');
insert into Guest (GuestId, GuestName, GuestAddress, IdentityCard, GuestType, UserName, PassWord) values (282, 'Belle Valentinuzzi', '7955 Norway Maple Hill', '78-2109913', 0, 'bvalentinuzzi7t', 'Z0PhUadNQ');
insert into Guest (GuestId, GuestName, GuestAddress, IdentityCard, GuestType, UserName, PassWord) values (283, 'Cos Pund', '49418 John Wall Court', '64-0413303', 1, 'cpund7u', 'OIy2yO9R');
insert into Guest (GuestId, GuestName, GuestAddress, IdentityCard, GuestType, UserName, PassWord) values (284, 'Annette Keemar', '2 Westridge Alley', '30-6728324', 0, 'akeemar7v', 'RHxLqE1A');
insert into Guest (GuestId, GuestName, GuestAddress, IdentityCard, GuestType, UserName, PassWord) values (285, 'Trefor Luten', '25 Novick Point', '99-4689348', 0, 'tluten7w', 'AuohGzWnkJV');
insert into Guest (GuestId, GuestName, GuestAddress, IdentityCard, GuestType, UserName, PassWord) values (286, 'Nikolai Wynes', '074 Drewry Alley', '50-4913853', 0, 'nwynes7x', 'IECRf9');
insert into Guest (GuestId, GuestName, GuestAddress, IdentityCard, GuestType, UserName, PassWord) values (287, 'Noe Champagne', '436 Hagan Center', '00-4382069', 1, 'nchampagne7y', 'GfFcvdqyZUm8');
insert into Guest (GuestId, GuestName, GuestAddress, IdentityCard, GuestType, UserName, PassWord) values (288, 'Nevil Ivatt', '61 Warbler Way', '78-3960206', 0, 'nivatt7z', 'YQTjqUvrbC');
insert into Guest (GuestId, GuestName, GuestAddress, IdentityCard, GuestType, UserName, PassWord) values (289, 'Gussy Yeeles', '996 Hooker Crossing', '55-4709221', 1, 'gyeeles80', 'WKOa0Ak');
insert into Guest (GuestId, GuestName, GuestAddress, IdentityCard, GuestType, UserName, PassWord) values (290, 'Clifford Stife', '14236 Harper Place', '99-7442121', 0, 'cstife81', '6UVeFYczbz');
insert into Guest (GuestId, GuestName, GuestAddress, IdentityCard, GuestType, UserName, PassWord) values (291, 'Karalynn Niccols', '33 Sutteridge Way', '92-4622037', 0, 'kniccols82', '1fMySc');
insert into Guest (GuestId, GuestName, GuestAddress, IdentityCard, GuestType, UserName, PassWord) values (292, 'Clea Chuck', '1 International Crossing', '50-1380522', 1, 'cchuck83', '4ZdqgQix');
insert into Guest (GuestId, GuestName, GuestAddress, IdentityCard, GuestType, UserName, PassWord) values (293, 'Shannen Rannells', '14 Mifflin Street', '41-1492342', 0, 'srannells84', 'SzLgljQjyoII');
insert into Guest (GuestId, GuestName, GuestAddress, IdentityCard, GuestType, UserName, PassWord) values (294, 'Carolyne Gravett', '1 Spaight Lane', '06-4273934', 0, 'cgravett85', '4e4DeU');
insert into Guest (GuestId, GuestName, GuestAddress, IdentityCard, GuestType, UserName, PassWord) values (295, 'Leopold Shambrooke', '0461 Meadow Ridge Terrace', '34-8974692', 1, 'lshambrooke86', 'x7KQ10b8');
insert into Guest (GuestId, GuestName, GuestAddress, IdentityCard, GuestType, UserName, PassWord) values (296, 'Maryanne Cuchey', '09 Northwestern Hill', '78-0050489', 0, 'mcuchey87', 'qPV4Tnso7b');
insert into Guest (GuestId, GuestName, GuestAddress, IdentityCard, GuestType, UserName, PassWord) values (297, 'Koren Craigie', '0 Hudson Place', '66-8072782', 0, 'kcraigie88', 'zA4yY2');
insert into Guest (GuestId, GuestName, GuestAddress, IdentityCard, GuestType, UserName, PassWord) values (298, 'Wini Kobpac', '18 Straubel Junction', '95-3461420', 0, 'wkobpac89', 'GNLctXvl1vg');
insert into Guest (GuestId, GuestName, GuestAddress, IdentityCard, GuestType, UserName, PassWord) values (299, 'Anabel Palmar', '569 Birchwood Plaza', '51-8121201', 1, 'apalmar8a', 'E8KwxKi');
insert into Guest (GuestId, GuestName, GuestAddress, IdentityCard, GuestType, UserName, PassWord) values (300, 'Ode Scarsbrooke', '8 Quincy Terrace', '68-1065174', 0, 'oscarsbrooke8b', 'rW7UNKyn');
insert into Guest (GuestId, GuestName, GuestAddress, IdentityCard, GuestType, UserName, PassWord) values (301, 'Rossy Deaville', '2809 Norway Maple Hill', '30-8657740', 1, 'rdeaville8c', 'c8u0N2uB');
insert into Guest (GuestId, GuestName, GuestAddress, IdentityCard, GuestType, UserName, PassWord) values (302, 'Esra Castri', '6266 Gulseth Circle', '82-0746516', 0, 'ecastri8d', 'LG5Q1VY7A6x');
insert into Guest (GuestId, GuestName, GuestAddress, IdentityCard, GuestType, UserName, PassWord) values (303, 'Franzen Morris', '1292 Emmet Court', '89-9630685', 0, 'fmorris8e', '2fb8BF');
insert into Guest (GuestId, GuestName, GuestAddress, IdentityCard, GuestType, UserName, PassWord) values (304, 'Cyril Beazley', '345 Mcguire Place', '29-2371826', 1, 'cbeazley8f', 'Vdh6PcL6Wvh6');
insert into Guest (GuestId, GuestName, GuestAddress, IdentityCard, GuestType, UserName, PassWord) values (305, 'Matty Quenell', '62437 Stephen Center', '78-4428391', 1, 'mquenell8g', 'UyLrGZmD9gVv');
insert into Guest (GuestId, GuestName, GuestAddress, IdentityCard, GuestType, UserName, PassWord) values (306, 'Gunter Haddow', '1 Pleasure Plaza', '99-2749499', 1, 'ghaddow8h', 't9hAUQA132b');
insert into Guest (GuestId, GuestName, GuestAddress, IdentityCard, GuestType, UserName, PassWord) values (307, 'Orel Ellissen', '4 Orin Junction', '86-2132874', 0, 'oellissen8i', 'A0NjlG');
insert into Guest (GuestId, GuestName, GuestAddress, IdentityCard, GuestType, UserName, PassWord) values (308, 'Kalie Bentzen', '696 Macpherson Court', '62-4867738', 1, 'kbentzen8j', 'xwURIG5qNk1');
insert into Guest (GuestId, GuestName, GuestAddress, IdentityCard, GuestType, UserName, PassWord) values (309, 'Maxi La Grange', '397 Parkside Point', '10-3669850', 0, 'mla8k', 'xgZVj57Pua');
insert into Guest (GuestId, GuestName, GuestAddress, IdentityCard, GuestType, UserName, PassWord) values (310, 'Burch Verring', '1 Messerschmidt Junction', '92-1468523', 0, 'bverring8l', 'wL2saqQAA');
insert into Guest (GuestId, GuestName, GuestAddress, IdentityCard, GuestType, UserName, PassWord) values (311, 'Chantalle Francino', '97748 Carberry Terrace', '61-8343851', 0, 'cfrancino8m', 'sJhpZ9dGyl');
insert into Guest (GuestId, GuestName, GuestAddress, IdentityCard, GuestType, UserName, PassWord) values (312, 'Herman MacAvddy', '35321 Melby Crossing', '62-4435642', 1, 'hmacavddy8n', 'IhX241SgNFKF');
insert into Guest (GuestId, GuestName, GuestAddress, IdentityCard, GuestType, UserName, PassWord) values (313, 'Ennis Rayman', '20 Roxbury Avenue', '47-1011191', 0, 'erayman8o', 'T1IZswimRmD');
insert into Guest (GuestId, GuestName, GuestAddress, IdentityCard, GuestType, UserName, PassWord) values (314, 'Felipe McComb', '362 Spaight Trail', '83-4929909', 0, 'fmccomb8p', 'w3feHjEh1H');
insert into Guest (GuestId, GuestName, GuestAddress, IdentityCard, GuestType, UserName, PassWord) values (315, 'Oswell Siddaley', '6 Everett Crossing', '20-7189426', 1, 'osiddaley8q', 'omC0ky');
insert into Guest (GuestId, GuestName, GuestAddress, IdentityCard, GuestType, UserName, PassWord) values (316, 'Schuyler Rosenfrucht', '60291 Melby Street', '91-6638583', 0, 'srosenfrucht8r', 'KIf04Ylmc');
insert into Guest (GuestId, GuestName, GuestAddress, IdentityCard, GuestType, UserName, PassWord) values (317, 'Rhea Cassin', '63808 Portage Drive', '79-8440991', 1, 'rcassin8s', 'crydpX8RV');
insert into Guest (GuestId, GuestName, GuestAddress, IdentityCard, GuestType, UserName, PassWord) values (318, 'Darill Giff', '3 Stephen Street', '52-8601610', 1, 'dgiff8t', 'x1xd63');
insert into Guest (GuestId, GuestName, GuestAddress, IdentityCard, GuestType, UserName, PassWord) values (319, 'Sharyl Horick', '060 Oakridge Hill', '41-7371963', 0, 'shorick8u', 'b0n0UCs0');
insert into Guest (GuestId, GuestName, GuestAddress, IdentityCard, GuestType, UserName, PassWord) values (320, 'Blisse Frood', '841 Kedzie Point', '81-3496380', 1, 'bfrood8v', 'lSIv4HdECn');
insert into Guest (GuestId, GuestName, GuestAddress, IdentityCard, GuestType, UserName, PassWord) values (321, 'Cosette Goater', '1397 Dapin Hill', '63-4633078', 0, 'cgoater8w', 'r8oDYpCI');
insert into Guest (GuestId, GuestName, GuestAddress, IdentityCard, GuestType, UserName, PassWord) values (322, 'Tyler Antunez', '8355 Cody Park', '20-1214652', 0, 'tantunez8x', 'dL4TA8nK');
insert into Guest (GuestId, GuestName, GuestAddress, IdentityCard, GuestType, UserName, PassWord) values (323, 'Burton Lindenblatt', '38 Caliangt Center', '46-2373076', 1, 'blindenblatt8y', 'w6AlJcZc');
insert into Guest (GuestId, GuestName, GuestAddress, IdentityCard, GuestType, UserName, PassWord) values (324, 'Waneta Wormald', '72 Upham Terrace', '47-1485163', 1, 'wwormald8z', 'MgUfehcabYY');
insert into Guest (GuestId, GuestName, GuestAddress, IdentityCard, GuestType, UserName, PassWord) values (325, 'Sergeant Frankiss', '81 Del Sol Circle', '40-6304801', 1, 'sfrankiss90', 'Gb14cZ');
insert into Guest (GuestId, GuestName, GuestAddress, IdentityCard, GuestType, UserName, PassWord) values (326, 'Hillel Klisch', '91325 Village Green Road', '23-1891612', 0, 'hklisch91', 'RtwQA9vGXi');
insert into Guest (GuestId, GuestName, GuestAddress, IdentityCard, GuestType, UserName, PassWord) values (327, 'Sigfried Blinckhorne', '8 Magdeline Parkway', '89-5910959', 1, 'sblinckhorne92', 'ehVgnopSF6x');
insert into Guest (GuestId, GuestName, GuestAddress, IdentityCard, GuestType, UserName, PassWord) values (328, 'Hanson Barrowcliff', '95 Lake View Park', '05-7426158', 1, 'hbarrowcliff93', 'V2gEhfC');
insert into Guest (GuestId, GuestName, GuestAddress, IdentityCard, GuestType, UserName, PassWord) values (329, 'Gardy Wrankmore', '9 Bartillon Crossing', '12-6916436', 1, 'gwrankmore94', 'ceetE2');
insert into Guest (GuestId, GuestName, GuestAddress, IdentityCard, GuestType, UserName, PassWord) values (330, 'Alasteir Bantham', '1924 Dixon Junction', '10-5393057', 1, 'abantham95', 'M58IsP');
insert into Guest (GuestId, GuestName, GuestAddress, IdentityCard, GuestType, UserName, PassWord) values (331, 'Britta Shapcote', '70 Linden Crossing', '12-5192504', 0, 'bshapcote96', 'vkMIclXtJ9pm');
insert into Guest (GuestId, GuestName, GuestAddress, IdentityCard, GuestType, UserName, PassWord) values (332, 'Danny De La Haye', '9 Crest Line Way', '04-6254086', 1, 'dde97', 'HNH9GALFjiz');
insert into Guest (GuestId, GuestName, GuestAddress, IdentityCard, GuestType, UserName, PassWord) values (333, 'Blisse Cerie', '4102 Steensland Park', '73-4523910', 1, 'bcerie98', 'OgavA9HMT');
insert into Guest (GuestId, GuestName, GuestAddress, IdentityCard, GuestType, UserName, PassWord) values (334, 'Brigham Jenkison', '9954 Arkansas Junction', '46-6013991', 1, 'bjenkison99', 'k2Cv6mPtbt2t');
insert into Guest (GuestId, GuestName, GuestAddress, IdentityCard, GuestType, UserName, PassWord) values (335, 'Derby Rama', '07 Forest Lane', '93-5524796', 1, 'drama9a', 'F3hDpopov1');
insert into Guest (GuestId, GuestName, GuestAddress, IdentityCard, GuestType, UserName, PassWord) values (336, 'Dyana Cloney', '8125 Nevada Hill', '76-1397709', 1, 'dcloney9b', 'HmWpZBfdyb1');
insert into Guest (GuestId, GuestName, GuestAddress, IdentityCard, GuestType, UserName, PassWord) values (337, 'Ronnie Unsworth', '62 Oriole Avenue', '61-3072802', 0, 'runsworth9c', 'OefWaU');
insert into Guest (GuestId, GuestName, GuestAddress, IdentityCard, GuestType, UserName, PassWord) values (338, 'Marnia Dofty', '2826 Kenwood Way', '80-5792864', 0, 'mdofty9d', '4693gF4Dcr');
insert into Guest (GuestId, GuestName, GuestAddress, IdentityCard, GuestType, UserName, PassWord) values (339, 'Franklyn Mankor', '751 Mallory Road', '16-0078321', 0, 'fmankor9e', 'JRH6P0t');
insert into Guest (GuestId, GuestName, GuestAddress, IdentityCard, GuestType, UserName, PassWord) values (340, 'Zsa zsa Kermit', '951 Ryan Road', '27-6749044', 1, 'zzsa9f', 'RNscbFYRY');
insert into Guest (GuestId, GuestName, GuestAddress, IdentityCard, GuestType, UserName, PassWord) values (341, 'Raf Kurten', '7259 Prairie Rose Pass', '53-3107381', 0, 'rkurten9g', 'BiUaOkOC2G');
insert into Guest (GuestId, GuestName, GuestAddress, IdentityCard, GuestType, UserName, PassWord) values (342, 'Salmon Chyuerton', '5 Artisan Crossing', '43-4343223', 0, 'schyuerton9h', 'Ukg7wst');
insert into Guest (GuestId, GuestName, GuestAddress, IdentityCard, GuestType, UserName, PassWord) values (343, 'April Appleford', '5 North Alley', '83-1896127', 0, 'aappleford9i', 'wZiMMJDm');
insert into Guest (GuestId, GuestName, GuestAddress, IdentityCard, GuestType, UserName, PassWord) values (344, 'Shepperd Treace', '38 Oakridge Way', '56-4255570', 0, 'streace9j', 'wZl9BNI');
insert into Guest (GuestId, GuestName, GuestAddress, IdentityCard, GuestType, UserName, PassWord) values (345, 'Nikolaus Edlyne', '63 Coleman Park', '19-2366465', 0, 'nedlyne9k', 'LIo6uLg');
insert into Guest (GuestId, GuestName, GuestAddress, IdentityCard, GuestType, UserName, PassWord) values (346, 'Holli Juggins', '7105 Hoepker Plaza', '76-7448350', 0, 'hjuggins9l', '39F6qtfSwqCQ');
insert into Guest (GuestId, GuestName, GuestAddress, IdentityCard, GuestType, UserName, PassWord) values (347, 'Carr Macbeth', '276 Twin Pines Hill', '21-8470596', 0, 'cmacbeth9m', 'v8VHj1WEaSk');
insert into Guest (GuestId, GuestName, GuestAddress, IdentityCard, GuestType, UserName, PassWord) values (348, 'Binni Turmel', '628 Lien Junction', '27-2458706', 0, 'bturmel9n', 'm63dJhE8j');
insert into Guest (GuestId, GuestName, GuestAddress, IdentityCard, GuestType, UserName, PassWord) values (349, 'Cyrille Cortez', '665 High Crossing Parkway', '78-4541838', 1, 'ccortez9o', '4omZcss');
insert into Guest (GuestId, GuestName, GuestAddress, IdentityCard, GuestType, UserName, PassWord) values (350, 'Jozef Pomeroy', '3 Manley Street', '75-9099872', 1, 'jpomeroy9p', 'CWUYdP');
insert into Guest (GuestId, GuestName, GuestAddress, IdentityCard, GuestType, UserName, PassWord) values (351, 'Denni Buckley', '8 Buena Vista Junction', '54-7874056', 1, 'dbuckley9q', 'mVL4F8S6');
insert into Guest (GuestId, GuestName, GuestAddress, IdentityCard, GuestType, UserName, PassWord) values (352, 'Waverley Skrines', '330 Eagle Crest Street', '13-2114677', 0, 'wskrines9r', 'tM1OVwp9W6');
insert into Guest (GuestId, GuestName, GuestAddress, IdentityCard, GuestType, UserName, PassWord) values (353, 'Harmony Heathfield', '37651 Brentwood Avenue', '25-1360229', 1, 'hheathfield9s', 'xvTmpLj5CgQ');
insert into Guest (GuestId, GuestName, GuestAddress, IdentityCard, GuestType, UserName, PassWord) values (354, 'Carissa Dunabie', '934 Morning Way', '95-9970043', 0, 'cdunabie9t', 'dONoT8OTOQb');
insert into Guest (GuestId, GuestName, GuestAddress, IdentityCard, GuestType, UserName, PassWord) values (355, 'Gilemette Rawlyns', '1 Lunder Park', '98-6485942', 1, 'grawlyns9u', 'AMsjQg');
insert into Guest (GuestId, GuestName, GuestAddress, IdentityCard, GuestType, UserName, PassWord) values (356, 'Rodina Matous', '92580 Coolidge Plaza', '03-3317619', 0, 'rmatous9v', '5LAJfDMB');
insert into Guest (GuestId, GuestName, GuestAddress, IdentityCard, GuestType, UserName, PassWord) values (357, 'Parnell Harradence', '63 Talmadge Plaza', '27-7139916', 1, 'pharradence9w', 'ZiKNLrh');
insert into Guest (GuestId, GuestName, GuestAddress, IdentityCard, GuestType, UserName, PassWord) values (358, 'Berkly Courtonne', '7559 Kensington Street', '94-5315149', 0, 'bcourtonne9x', 'pJJvDI520jKV');
insert into Guest (GuestId, GuestName, GuestAddress, IdentityCard, GuestType, UserName, PassWord) values (359, 'Oralie Mulderrig', '3 Rutledge Terrace', '79-1681586', 0, 'omulderrig9y', 'tetInLe');
insert into Guest (GuestId, GuestName, GuestAddress, IdentityCard, GuestType, UserName, PassWord) values (360, 'Dru Hamer', '9 Reindahl Place', '19-2643068', 1, 'dhamer9z', '4KpKiEFv7');
insert into Guest (GuestId, GuestName, GuestAddress, IdentityCard, GuestType, UserName, PassWord) values (361, 'Tammy Emig', '9 Bay Crossing', '94-1283570', 1, 'temiga0', 'sOMTwoSg2F3');
insert into Guest (GuestId, GuestName, GuestAddress, IdentityCard, GuestType, UserName, PassWord) values (362, 'Melisent MacAfee', '40 Glacier Hill Way', '45-3450088', 0, 'mmacafeea1', 'Aok6FduqDu');
insert into Guest (GuestId, GuestName, GuestAddress, IdentityCard, GuestType, UserName, PassWord) values (363, 'Kimberlee Nand', '7460 Summit Plaza', '76-1713614', 1, 'knanda2', '0OndRMkY');
insert into Guest (GuestId, GuestName, GuestAddress, IdentityCard, GuestType, UserName, PassWord) values (364, 'Galen Presslee', '72 Heffernan Pass', '95-3933387', 1, 'gpressleea3', 'WuRj4qd1');
insert into Guest (GuestId, GuestName, GuestAddress, IdentityCard, GuestType, UserName, PassWord) values (365, 'Bevan Czaple', '9 Haas Parkway', '14-4785113', 1, 'bczaplea4', 'HHb9YFR');
insert into Guest (GuestId, GuestName, GuestAddress, IdentityCard, GuestType, UserName, PassWord) values (366, 'Oren Smickle', '6208 Green Drive', '02-1385731', 1, 'osmicklea5', '4fwMM9399u9s');
insert into Guest (GuestId, GuestName, GuestAddress, IdentityCard, GuestType, UserName, PassWord) values (367, 'Prentiss Cordaroy', '89 Wayridge Crossing', '08-5691633', 1, 'pcordaroya6', 'uSOGX2');
insert into Guest (GuestId, GuestName, GuestAddress, IdentityCard, GuestType, UserName, PassWord) values (368, 'Adena Troman', '3 Ridgeway Junction', '50-5685563', 1, 'atromana7', '0St3wHE0p');
insert into Guest (GuestId, GuestName, GuestAddress, IdentityCard, GuestType, UserName, PassWord) values (369, 'Rufus Ferronier', '5 Hoard Park', '67-6600061', 1, 'rferroniera8', 'dlqNnd4');
insert into Guest (GuestId, GuestName, GuestAddress, IdentityCard, GuestType, UserName, PassWord) values (370, 'Harmony Woolham', '2970 Troy Lane', '70-7878358', 0, 'hwoolhama9', 'd5GIq3elIGo');
insert into Guest (GuestId, GuestName, GuestAddress, IdentityCard, GuestType, UserName, PassWord) values (371, 'Elnar Ramsby', '9 Hoffman Center', '54-1249002', 0, 'eramsbyaa', 'lcgXgblaG');
insert into Guest (GuestId, GuestName, GuestAddress, IdentityCard, GuestType, UserName, PassWord) values (372, 'Barrett Ferres', '1067 Gale Terrace', '18-9813460', 1, 'bferresab', 'r0LA31KUry9E');
insert into Guest (GuestId, GuestName, GuestAddress, IdentityCard, GuestType, UserName, PassWord) values (373, 'Aubrie Dinjes', '7417 Mayfield Plaza', '55-9078106', 0, 'adinjesac', 'XIcQt6MMQZ');
insert into Guest (GuestId, GuestName, GuestAddress, IdentityCard, GuestType, UserName, PassWord) values (374, 'Taddeo Haking', '409 Messerschmidt Plaza', '65-0020162', 0, 'thakingad', 'AvmMidc');
insert into Guest (GuestId, GuestName, GuestAddress, IdentityCard, GuestType, UserName, PassWord) values (375, 'Fiann Westcarr', '54 Mockingbird Plaza', '58-3588763', 0, 'fwestcarrae', 'qC5bau');
insert into Guest (GuestId, GuestName, GuestAddress, IdentityCard, GuestType, UserName, PassWord) values (376, 'Robinette Walling', '552 Haas Junction', '10-5154928', 0, 'rwallingaf', '97DwQXMpAeQ');
insert into Guest (GuestId, GuestName, GuestAddress, IdentityCard, GuestType, UserName, PassWord) values (377, 'Darcy Bowley', '3 Bunting Avenue', '82-1614224', 1, 'dbowleyag', 'PvUhuSo');
insert into Guest (GuestId, GuestName, GuestAddress, IdentityCard, GuestType, UserName, PassWord) values (378, 'Garik Cheetham', '065 Maryland Court', '54-0983377', 0, 'gcheethamah', '40cOBNB9dn');
insert into Guest (GuestId, GuestName, GuestAddress, IdentityCard, GuestType, UserName, PassWord) values (379, 'Meryl Reeday', '45739 Schiller Lane', '04-6062357', 0, 'mreedayai', 'lzN6WSjxb9T');
insert into Guest (GuestId, GuestName, GuestAddress, IdentityCard, GuestType, UserName, PassWord) values (380, 'Tera Marshall', '9860 Moland Road', '15-8963080', 1, 'tmarshallaj', 'KL0LT2C');
insert into Guest (GuestId, GuestName, GuestAddress, IdentityCard, GuestType, UserName, PassWord) values (381, 'Pamella Cordon', '165 Ramsey Junction', '33-9705080', 1, 'pcordonak', 'MDzHW0t');
insert into Guest (GuestId, GuestName, GuestAddress, IdentityCard, GuestType, UserName, PassWord) values (382, 'Chelsae Tredwell', '93 Debs Pass', '00-3611482', 1, 'ctredwellal', '2qpR0o');
insert into Guest (GuestId, GuestName, GuestAddress, IdentityCard, GuestType, UserName, PassWord) values (383, 'Rhianna O''Dee', '4 Blackbird Place', '48-5932358', 1, 'rodeeam', 'Oc73KMkx0Jj');
insert into Guest (GuestId, GuestName, GuestAddress, IdentityCard, GuestType, UserName, PassWord) values (384, 'Maiga Weadick', '335 Center Street', '23-6196495', 1, 'mweadickan', 't3xtqeZ17oiW');
insert into Guest (GuestId, GuestName, GuestAddress, IdentityCard, GuestType, UserName, PassWord) values (385, 'Gretchen Haskur', '13778 Spohn Way', '68-9329544', 1, 'ghaskurao', 'ghGuklJmTn');
insert into Guest (GuestId, GuestName, GuestAddress, IdentityCard, GuestType, UserName, PassWord) values (386, 'Desiree Pudden', '9 Prairie Rose Crossing', '57-8303194', 0, 'dpuddenap', 'EHemz87');
insert into Guest (GuestId, GuestName, GuestAddress, IdentityCard, GuestType, UserName, PassWord) values (387, 'Isabeau Spaldin', '5 Prentice Way', '22-1244841', 1, 'ispaldinaq', 'JFzd3FW2');
insert into Guest (GuestId, GuestName, GuestAddress, IdentityCard, GuestType, UserName, PassWord) values (388, 'Claudina Pendrid', '461 Chive Crossing', '80-6344516', 0, 'cpendridar', 'hh3WqECY2');
insert into Guest (GuestId, GuestName, GuestAddress, IdentityCard, GuestType, UserName, PassWord) values (389, 'Roxanna Colegrove', '9065 Russell Park', '03-5848960', 0, 'rcolegroveas', 'a3hRTGFLr73a');
insert into Guest (GuestId, GuestName, GuestAddress, IdentityCard, GuestType, UserName, PassWord) values (390, 'Price Maunder', '75289 Montana Plaza', '58-9573804', 0, 'pmaunderat', 'Klq22OtA');
insert into Guest (GuestId, GuestName, GuestAddress, IdentityCard, GuestType, UserName, PassWord) values (391, 'Keefer Wase', '8 Kedzie Court', '50-4968372', 0, 'kwaseau', 'TkeMDp1afSvE');
insert into Guest (GuestId, GuestName, GuestAddress, IdentityCard, GuestType, UserName, PassWord) values (392, 'Cymbre Briscoe', '74679 Maryland Trail', '58-5993975', 0, 'cbriscoeav', 'ORkhWulmU');
insert into Guest (GuestId, GuestName, GuestAddress, IdentityCard, GuestType, UserName, PassWord) values (393, 'Antonius Batters', '2261 Elmside Junction', '17-5603486', 0, 'abattersaw', 'rB34nEJXp');
insert into Guest (GuestId, GuestName, GuestAddress, IdentityCard, GuestType, UserName, PassWord) values (394, 'Arabelle Mycock', '7750 Lotheville Court', '16-2036706', 0, 'amycockax', 'daFiQ1mF');
insert into Guest (GuestId, GuestName, GuestAddress, IdentityCard, GuestType, UserName, PassWord) values (395, 'Goober Zarb', '114 Barby Junction', '01-7610389', 1, 'gzarbay', 'BkZumsdXviP');
insert into Guest (GuestId, GuestName, GuestAddress, IdentityCard, GuestType, UserName, PassWord) values (396, 'Kandy Whitley', '02 4th Junction', '10-8702555', 0, 'kwhitleyaz', 'T282qk2T');
insert into Guest (GuestId, GuestName, GuestAddress, IdentityCard, GuestType, UserName, PassWord) values (397, 'Susana Di Biaggi', '9572 Sugar Plaza', '59-0401244', 1, 'sdib0', 'kLKvNGXWMT');
insert into Guest (GuestId, GuestName, GuestAddress, IdentityCard, GuestType, UserName, PassWord) values (398, 'Sherye Boldra', '6179 Bellgrove Pass', '11-3526516', 0, 'sboldrab1', 'YiSNk5UZLjHA');
insert into Guest (GuestId, GuestName, GuestAddress, IdentityCard, GuestType, UserName, PassWord) values (399, 'Liuka MacFadyen', '36179 Kingsford Center', '93-1920985', 0, 'lmacfadyenb2', 'PGnnzM8Oyx1h');
insert into Guest (GuestId, GuestName, GuestAddress, IdentityCard, GuestType, UserName, PassWord) values (400, 'Emmit Philippault', '845 Fulton Drive', '56-9617076', 0, 'ephilippaultb3', 'SOnLkOI6a');
insert into Guest (GuestId, GuestName, GuestAddress, IdentityCard, GuestType, UserName, PassWord) values (401, 'Erinn William', '02 Novick Center', '88-2326885', 0, 'ewilliamb4', 'zML0eXDW');
insert into Guest (GuestId, GuestName, GuestAddress, IdentityCard, GuestType, UserName, PassWord) values (402, 'Celka Colomb', '480 West Junction', '32-4167129', 0, 'ccolombb5', 'OBWCh66Gci9');
insert into Guest (GuestId, GuestName, GuestAddress, IdentityCard, GuestType, UserName, PassWord) values (403, 'Tomlin Keefe', '314 Helena Drive', '86-9790979', 1, 'tkeefeb6', 'K7AQo9');
insert into Guest (GuestId, GuestName, GuestAddress, IdentityCard, GuestType, UserName, PassWord) values (404, 'Madalyn Filan', '3 Ridgeway Road', '94-0484316', 0, 'mfilanb7', 'c7nwLYGgi');
insert into Guest (GuestId, GuestName, GuestAddress, IdentityCard, GuestType, UserName, PassWord) values (405, 'Rivy Feldbaum', '0 Havey Pass', '50-0106968', 0, 'rfeldbaumb8', 'qSVkh2E1FSc6');
insert into Guest (GuestId, GuestName, GuestAddress, IdentityCard, GuestType, UserName, PassWord) values (406, 'Malvina Breakwell', '86883 Messerschmidt Alley', '22-1431280', 0, 'mbreakwellb9', 'fe0f43hunhK');
insert into Guest (GuestId, GuestName, GuestAddress, IdentityCard, GuestType, UserName, PassWord) values (407, 'Heddie Lovitt', '54042 Victoria Terrace', '05-5957430', 0, 'hlovittba', 'OjbyD9');
insert into Guest (GuestId, GuestName, GuestAddress, IdentityCard, GuestType, UserName, PassWord) values (408, 'Friedrich Anwell', '4200 Alpine Parkway', '57-8789941', 0, 'fanwellbb', 'A09pWDxBeA6');
insert into Guest (GuestId, GuestName, GuestAddress, IdentityCard, GuestType, UserName, PassWord) values (409, 'Elbertine Corzon', '04 Muir Terrace', '77-3455588', 0, 'ecorzonbc', '4CCIhYmqQuxG');
insert into Guest (GuestId, GuestName, GuestAddress, IdentityCard, GuestType, UserName, PassWord) values (410, 'Jodi De La Salle', '1 Johnson Plaza', '45-9424384', 0, 'jdebd', 'rc9j4V9M6');
insert into Guest (GuestId, GuestName, GuestAddress, IdentityCard, GuestType, UserName, PassWord) values (411, 'Rafi Katt', '5987 Tennessee Court', '62-5349654', 0, 'rkattbe', 'ex364RZ');
insert into Guest (GuestId, GuestName, GuestAddress, IdentityCard, GuestType, UserName, PassWord) values (412, 'Hal Archdeckne', '31252 Dexter Plaza', '31-8474005', 0, 'harchdecknebf', 'PTNSb0Tptr');
insert into Guest (GuestId, GuestName, GuestAddress, IdentityCard, GuestType, UserName, PassWord) values (413, 'Jere Kilgour', '71 Shasta Hill', '05-4609967', 1, 'jkilgourbg', 'TdBIot7hDOz');
insert into Guest (GuestId, GuestName, GuestAddress, IdentityCard, GuestType, UserName, PassWord) values (414, 'Dwayne Kohrsen', '93597 Duke Alley', '32-6594297', 1, 'dkohrsenbh', 'GpYQOr31T');
insert into Guest (GuestId, GuestName, GuestAddress, IdentityCard, GuestType, UserName, PassWord) values (415, 'Crissie Padefield', '16 Sachtjen Crossing', '74-2786296', 0, 'cpadefieldbi', 'GNbPG11Y');
insert into Guest (GuestId, GuestName, GuestAddress, IdentityCard, GuestType, UserName, PassWord) values (416, 'Brigit Perello', '3 Loeprich Road', '47-8459901', 1, 'bperellobj', '11KSdfPtSXh3');
insert into Guest (GuestId, GuestName, GuestAddress, IdentityCard, GuestType, UserName, PassWord) values (417, 'Goldi Blench', '18 Judy Place', '81-3633923', 1, 'gblenchbk', 'ToJUcS2hTiLO');
insert into Guest (GuestId, GuestName, GuestAddress, IdentityCard, GuestType, UserName, PassWord) values (418, 'Galvin Lichfield', '66 Kingsford Junction', '64-5159671', 0, 'glichfieldbl', 'lOa0dlOwka');
insert into Guest (GuestId, GuestName, GuestAddress, IdentityCard, GuestType, UserName, PassWord) values (419, 'Ethe Bletso', '7539 Granby Place', '47-9531925', 1, 'ebletsobm', '9hLaX7E0');
insert into Guest (GuestId, GuestName, GuestAddress, IdentityCard, GuestType, UserName, PassWord) values (420, 'Jeremy Bremner', '4655 Golf View Terrace', '81-1333300', 0, 'jbremnerbn', 'sHQKZ3St');
insert into Guest (GuestId, GuestName, GuestAddress, IdentityCard, GuestType, UserName, PassWord) values (421, 'Ira McDuffy', '321 Fallview Center', '96-0847727', 0, 'imcduffybo', 'YQQVPETpE');
insert into Guest (GuestId, GuestName, GuestAddress, IdentityCard, GuestType, UserName, PassWord) values (422, 'Bartholomeo Klimus', '2 Roth Pass', '94-2899653', 1, 'bklimusbp', 'NO9C1wBUt');
insert into Guest (GuestId, GuestName, GuestAddress, IdentityCard, GuestType, UserName, PassWord) values (423, 'Raquel Ivanitsa', '26 Schmedeman Place', '82-7495571', 0, 'rivanitsabq', 'FtppjO3PEf7');
insert into Guest (GuestId, GuestName, GuestAddress, IdentityCard, GuestType, UserName, PassWord) values (424, 'Emelda Vanes', '9 Garrison Center', '69-0352509', 1, 'evanesbr', '3XH1aI3SFE');
insert into Guest (GuestId, GuestName, GuestAddress, IdentityCard, GuestType, UserName, PassWord) values (425, 'Valida Sales', '62483 Brickson Park Trail', '96-6163281', 1, 'vsalesbs', 'a48VFoEu0');
insert into Guest (GuestId, GuestName, GuestAddress, IdentityCard, GuestType, UserName, PassWord) values (426, 'Nickola Sambles', '815 Oak Valley Junction', '50-1372872', 0, 'nsamblesbt', '3kj21Y5GBQ5');
insert into Guest (GuestId, GuestName, GuestAddress, IdentityCard, GuestType, UserName, PassWord) values (427, 'Bennie Hellcat', '7800 Roxbury Crossing', '80-7987986', 1, 'bhellcatbu', 'Nqj3WvXJ');
insert into Guest (GuestId, GuestName, GuestAddress, IdentityCard, GuestType, UserName, PassWord) values (428, 'Martie Luxford', '0 Amoth Parkway', '83-4062392', 0, 'mluxfordbv', 'EbC1zWJQe');
insert into Guest (GuestId, GuestName, GuestAddress, IdentityCard, GuestType, UserName, PassWord) values (429, 'Charleen Emburey', '2463 Lake View Plaza', '06-1213398', 1, 'cembureybw', 'SaF2Oy');
insert into Guest (GuestId, GuestName, GuestAddress, IdentityCard, GuestType, UserName, PassWord) values (430, 'Ralph Chatainier', '72394 Waubesa Way', '90-8968746', 1, 'rchatainierbx', 'Ng4eRKrX');
insert into Guest (GuestId, GuestName, GuestAddress, IdentityCard, GuestType, UserName, PassWord) values (431, 'Jecho Eyles', '217 Londonderry Parkway', '73-1265298', 1, 'jeylesby', 'FoERfomtPd0');
insert into Guest (GuestId, GuestName, GuestAddress, IdentityCard, GuestType, UserName, PassWord) values (432, 'Doreen Kinchin', '126 Eastlawn Way', '64-6231266', 1, 'dkinchinbz', '8xrp80W7W');
insert into Guest (GuestId, GuestName, GuestAddress, IdentityCard, GuestType, UserName, PassWord) values (433, 'Heather Pirdy', '97 Oak Valley Drive', '88-2680948', 0, 'hpirdyc0', 'SeJ0BGZ9f');
insert into Guest (GuestId, GuestName, GuestAddress, IdentityCard, GuestType, UserName, PassWord) values (434, 'Denis Davydoch', '22178 Trailsway Parkway', '61-9374637', 1, 'ddavydochc1', 'wOKUGK');
insert into Guest (GuestId, GuestName, GuestAddress, IdentityCard, GuestType, UserName, PassWord) values (435, 'Elane Kleynen', '27 Morning Point', '70-3892848', 1, 'ekleynenc2', 'eObvpDng9jx');
insert into Guest (GuestId, GuestName, GuestAddress, IdentityCard, GuestType, UserName, PassWord) values (436, 'Marcia Kilrow', '83 Sachs Junction', '71-6589459', 1, 'mkilrowc3', '81O0nXl9IDMR');
insert into Guest (GuestId, GuestName, GuestAddress, IdentityCard, GuestType, UserName, PassWord) values (437, 'Derrick Ohm', '96110 Milwaukee Terrace', '94-6748491', 1, 'dohmc4', 'ndJR2NBCJSO');
insert into Guest (GuestId, GuestName, GuestAddress, IdentityCard, GuestType, UserName, PassWord) values (438, 'Elisa M''Barron', '185 Grayhawk Crossing', '92-6851633', 0, 'embarronc5', 'rlErC7RPM8');
insert into Guest (GuestId, GuestName, GuestAddress, IdentityCard, GuestType, UserName, PassWord) values (439, 'Tudor Pyper', '558 Tennessee Way', '54-1642409', 0, 'tpyperc6', 'u9BICA');
insert into Guest (GuestId, GuestName, GuestAddress, IdentityCard, GuestType, UserName, PassWord) values (440, 'Dede Jarad', '6981 Scofield Parkway', '18-8272720', 0, 'djaradc7', 'u4PTkuh');
insert into Guest (GuestId, GuestName, GuestAddress, IdentityCard, GuestType, UserName, PassWord) values (441, 'Matty McKevitt', '385 Park Meadow Pass', '38-5127694', 0, 'mmckevittc8', 'FIy1VX9');
insert into Guest (GuestId, GuestName, GuestAddress, IdentityCard, GuestType, UserName, PassWord) values (442, 'Dion Langhorne', '393 Summer Ridge Street', '67-1070917', 0, 'dlanghornec9', 'wZ1VKDqDGT');
insert into Guest (GuestId, GuestName, GuestAddress, IdentityCard, GuestType, UserName, PassWord) values (443, 'Megan Pallent', '6 Nobel Drive', '29-5836464', 0, 'mpallentca', 'yw84DbrCLe');
insert into Guest (GuestId, GuestName, GuestAddress, IdentityCard, GuestType, UserName, PassWord) values (444, 'Davey MacAdam', '496 Arkansas Way', '91-4833891', 0, 'dmacadamcb', 'hbJ9SCQWMuO');
insert into Guest (GuestId, GuestName, GuestAddress, IdentityCard, GuestType, UserName, PassWord) values (445, 'Dwain Dallmann', '8 Veith Crossing', '33-8504673', 0, 'ddallmanncc', 'ngJ0ZbO');
insert into Guest (GuestId, GuestName, GuestAddress, IdentityCard, GuestType, UserName, PassWord) values (446, 'Donnell Gisburne', '79 Superior Pass', '28-3144457', 0, 'dgisburnecd', 'pP9Tprw3NcG');
insert into Guest (GuestId, GuestName, GuestAddress, IdentityCard, GuestType, UserName, PassWord) values (447, 'Ceciley Gutridge', '6849 Sycamore Street', '05-0874930', 0, 'cgutridgece', '4XZv59KM8');
insert into Guest (GuestId, GuestName, GuestAddress, IdentityCard, GuestType, UserName, PassWord) values (448, 'Connor Barrable', '094 La Follette Road', '34-8366822', 0, 'cbarrablecf', '4Di9i3vcEdad');
insert into Guest (GuestId, GuestName, GuestAddress, IdentityCard, GuestType, UserName, PassWord) values (449, 'Kacie Huzzay', '872 Truax Trail', '36-1762802', 0, 'khuzzaycg', 'L9v5ua');
insert into Guest (GuestId, GuestName, GuestAddress, IdentityCard, GuestType, UserName, PassWord) values (450, 'Von Stummeyer', '80 Johnson Place', '29-3838875', 1, 'vstummeyerch', '7YzGDUc');
insert into Guest (GuestId, GuestName, GuestAddress, IdentityCard, GuestType, UserName, PassWord) values (451, 'Pierrette Stonham', '010 Claremont Park', '19-4276620', 0, 'pstonhamci', 'XcfpCBQI0a');
insert into Guest (GuestId, GuestName, GuestAddress, IdentityCard, GuestType, UserName, PassWord) values (452, 'Leif Henrichs', '503 Shelley Terrace', '36-4131841', 1, 'lhenrichscj', 'ZylAMy2PWq');
insert into Guest (GuestId, GuestName, GuestAddress, IdentityCard, GuestType, UserName, PassWord) values (453, 'Chen Ughini', '32466 Browning Center', '82-5298890', 0, 'cughinick', '5sMrz7moj');
insert into Guest (GuestId, GuestName, GuestAddress, IdentityCard, GuestType, UserName, PassWord) values (454, 'Sibeal Luna', '8 Algoma Circle', '39-6726484', 0, 'slunacl', 'hFlHHWqo8');
insert into Guest (GuestId, GuestName, GuestAddress, IdentityCard, GuestType, UserName, PassWord) values (455, 'Maire Wartnaby', '47769 Corben Court', '97-8014472', 1, 'mwartnabycm', 'NJt6FYRUG');
insert into Guest (GuestId, GuestName, GuestAddress, IdentityCard, GuestType, UserName, PassWord) values (456, 'Jolyn Maryon', '5717 Hauk Alley', '53-8864987', 0, 'jmaryoncn', 'S5p7q2zV');
insert into Guest (GuestId, GuestName, GuestAddress, IdentityCard, GuestType, UserName, PassWord) values (457, 'Ev Chasteau', '40 Colorado Circle', '42-5241812', 1, 'echasteauco', '4hw3HzmOgR');
insert into Guest (GuestId, GuestName, GuestAddress, IdentityCard, GuestType, UserName, PassWord) values (458, 'Livvy Welbourn', '08075 Kennedy Circle', '23-5904326', 0, 'lwelbourncp', 'N9djOmZpxy');
insert into Guest (GuestId, GuestName, GuestAddress, IdentityCard, GuestType, UserName, PassWord) values (459, 'Shayna Etock', '163 Rusk Circle', '49-2368845', 0, 'setockcq', 'iJKQLp98y7');
insert into Guest (GuestId, GuestName, GuestAddress, IdentityCard, GuestType, UserName, PassWord) values (460, 'Mia Hodges', '02688 Annamark Terrace', '36-4977650', 1, 'mhodgescr', 'KF5Mc6');
insert into Guest (GuestId, GuestName, GuestAddress, IdentityCard, GuestType, UserName, PassWord) values (461, 'Sabrina Massinger', '5 Lindbergh Parkway', '18-8175542', 0, 'smassingercs', 'NrU6Or');
insert into Guest (GuestId, GuestName, GuestAddress, IdentityCard, GuestType, UserName, PassWord) values (462, 'Law Whinney', '6 Blaine Pass', '16-3186611', 0, 'lwhinneyct', 'SRvzVt95L0H');
insert into Guest (GuestId, GuestName, GuestAddress, IdentityCard, GuestType, UserName, PassWord) values (463, 'Rosalind Seymer', '68185 Bunting Park', '72-5748679', 0, 'rseymercu', '3INqUl');
insert into Guest (GuestId, GuestName, GuestAddress, IdentityCard, GuestType, UserName, PassWord) values (464, 'Kendra Reditt', '1774 Debra Court', '46-4055847', 1, 'kredittcv', 'bVMNS1Xj');
insert into Guest (GuestId, GuestName, GuestAddress, IdentityCard, GuestType, UserName, PassWord) values (465, 'Pete Skull', '4 Pennsylvania Hill', '40-5617895', 1, 'pskullcw', 'jZov3ISu');
insert into Guest (GuestId, GuestName, GuestAddress, IdentityCard, GuestType, UserName, PassWord) values (466, 'Shoshanna Evenett', '70 Ohio Avenue', '69-5353388', 1, 'sevenettcx', 'jWG84Q');
insert into Guest (GuestId, GuestName, GuestAddress, IdentityCard, GuestType, UserName, PassWord) values (467, 'Jaynell Ghost', '91056 Truax Hill', '60-5828907', 0, 'jghostcy', 'i8e1HmuVvL');
insert into Guest (GuestId, GuestName, GuestAddress, IdentityCard, GuestType, UserName, PassWord) values (468, 'Biddy Leeb', '6296 Johnson Pass', '92-3079093', 0, 'bleebcz', 'ORqcMkB');
insert into Guest (GuestId, GuestName, GuestAddress, IdentityCard, GuestType, UserName, PassWord) values (469, 'Wendel Heak', '6248 Summerview Drive', '07-1198726', 0, 'wheakd0', 'bCpKlwxx');
insert into Guest (GuestId, GuestName, GuestAddress, IdentityCard, GuestType, UserName, PassWord) values (470, 'Fernande Domek', '4332 Marcy Lane', '62-7168260', 0, 'fdomekd1', '8caP7Dc');
insert into Guest (GuestId, GuestName, GuestAddress, IdentityCard, GuestType, UserName, PassWord) values (471, 'Kalli Squier', '78290 Hallows Place', '16-9265977', 0, 'ksquierd2', 'rEZkF3J');
insert into Guest (GuestId, GuestName, GuestAddress, IdentityCard, GuestType, UserName, PassWord) values (472, 'Adi Danher', '5 1st Parkway', '27-1914784', 1, 'adanherd3', 'VLD3QY');
insert into Guest (GuestId, GuestName, GuestAddress, IdentityCard, GuestType, UserName, PassWord) values (473, 'Jarib Pedro', '86 Declaration Court', '67-2272111', 0, 'jpedrod4', 'P2ov4Q');
insert into Guest (GuestId, GuestName, GuestAddress, IdentityCard, GuestType, UserName, PassWord) values (474, 'Audrey Budden', '467 Hanson Plaza', '24-0809621', 1, 'abuddend5', 'H3Jh3a');
insert into Guest (GuestId, GuestName, GuestAddress, IdentityCard, GuestType, UserName, PassWord) values (475, 'Thedrick Vivien', '91441 Grim Road', '58-0162205', 0, 'tviviend6', 'lPYk8R');
insert into Guest (GuestId, GuestName, GuestAddress, IdentityCard, GuestType, UserName, PassWord) values (476, 'Esther Reyna', '302 Schiller Trail', '26-8013146', 1, 'ereynad7', '64MYNw');
insert into Guest (GuestId, GuestName, GuestAddress, IdentityCard, GuestType, UserName, PassWord) values (477, 'Gilberta Freiberg', '9 Goodland Street', '88-1484565', 0, 'gfreibergd8', 'tewZEVPoYo');
insert into Guest (GuestId, GuestName, GuestAddress, IdentityCard, GuestType, UserName, PassWord) values (478, 'Angus Faithfull', '4 Hallows Center', '78-4836556', 0, 'afaithfulld9', 'RkySQQz9bq');
insert into Guest (GuestId, GuestName, GuestAddress, IdentityCard, GuestType, UserName, PassWord) values (479, 'Randal Hearson', '17332 Hagan Circle', '13-6519965', 1, 'rhearsonda', 'pK3PxB');
insert into Guest (GuestId, GuestName, GuestAddress, IdentityCard, GuestType, UserName, PassWord) values (480, 'Geno Patemore', '8368 Sugar Park', '24-3025772', 1, 'gpatemoredb', 'lpx63D');
insert into Guest (GuestId, GuestName, GuestAddress, IdentityCard, GuestType, UserName, PassWord) values (481, 'Trix Cassells', '2843 Bunker Hill Way', '60-5739535', 1, 'tcassellsdc', '3AK4Uu');
insert into Guest (GuestId, GuestName, GuestAddress, IdentityCard, GuestType, UserName, PassWord) values (482, 'Sarine Aloshechkin', '09843 Maryland Way', '03-0518408', 0, 'saloshechkindd', 'ZT0M5xtTnUlr');
insert into Guest (GuestId, GuestName, GuestAddress, IdentityCard, GuestType, UserName, PassWord) values (483, 'Siegfried O''Loughane', '86604 Kipling Drive', '15-1348977', 0, 'soloughanede', 'vlYm1uiQr');
insert into Guest (GuestId, GuestName, GuestAddress, IdentityCard, GuestType, UserName, PassWord) values (484, 'Leon Boundy', '42970 Valley Edge Circle', '22-3988608', 1, 'lboundydf', 'UmzJAiod8m');
insert into Guest (GuestId, GuestName, GuestAddress, IdentityCard, GuestType, UserName, PassWord) values (485, 'Cammi Gerauld', '80 Dennis Drive', '58-5608219', 0, 'cgeraulddg', '9WyOaXspde');
insert into Guest (GuestId, GuestName, GuestAddress, IdentityCard, GuestType, UserName, PassWord) values (486, 'Nikki Daniau', '97 Lawn Terrace', '92-0549262', 0, 'ndaniaudh', 'dOPlJ6RbfHIv');
insert into Guest (GuestId, GuestName, GuestAddress, IdentityCard, GuestType, UserName, PassWord) values (487, 'Amber Leyburn', '11646 Lerdahl Plaza', '91-7880482', 0, 'aleyburndi', 'HFrTZDWyEW');
insert into Guest (GuestId, GuestName, GuestAddress, IdentityCard, GuestType, UserName, PassWord) values (488, 'Latia Allicock', '4 Continental Pass', '29-4189660', 1, 'lallicockdj', 'lJIghz8d');
insert into Guest (GuestId, GuestName, GuestAddress, IdentityCard, GuestType, UserName, PassWord) values (489, 'Harris More', '23492 Stone Corner Junction', '37-7586591', 0, 'hmoredk', 'S7JHHW6a47');
insert into Guest (GuestId, GuestName, GuestAddress, IdentityCard, GuestType, UserName, PassWord) values (490, 'Lee Wessing', '57 Westerfield Point', '09-7076773', 1, 'lwessingdl', 'vGk9nf');
insert into Guest (GuestId, GuestName, GuestAddress, IdentityCard, GuestType, UserName, PassWord) values (491, 'Joelie Reddish', '0 Granby Trail', '08-3800636', 1, 'jreddishdm', 'KCHKDTG');
insert into Guest (GuestId, GuestName, GuestAddress, IdentityCard, GuestType, UserName, PassWord) values (492, 'Loreen Rickcord', '4580 North Circle', '93-5610795', 0, 'lrickcorddn', 'hm3VqLZxXero');
insert into Guest (GuestId, GuestName, GuestAddress, IdentityCard, GuestType, UserName, PassWord) values (493, 'Selene Grishukhin', '617 Scoville Center', '64-2927275', 1, 'sgrishukhindo', 'J8vTztfpQ');
insert into Guest (GuestId, GuestName, GuestAddress, IdentityCard, GuestType, UserName, PassWord) values (494, 'Cristin Beat', '86 Rowland Alley', '81-6282904', 1, 'cbeatdp', 'WjmdvMft8');
insert into Guest (GuestId, GuestName, GuestAddress, IdentityCard, GuestType, UserName, PassWord) values (495, 'Dietrich Skirvin', '9 Everett Plaza', '07-4796308', 1, 'dskirvindq', 'Vhop0cO16UF');
insert into Guest (GuestId, GuestName, GuestAddress, IdentityCard, GuestType, UserName, PassWord) values (496, 'Yovonnda Mahon', '82 Nancy Point', '52-8978641', 1, 'ymahondr', 'ZVQsfkdiX');
insert into Guest (GuestId, GuestName, GuestAddress, IdentityCard, GuestType, UserName, PassWord) values (497, 'Cordell Angell', '37580 Moulton Circle', '18-2551329', 0, 'cangellds', 'rZQUYGV0Eo');
insert into Guest (GuestId, GuestName, GuestAddress, IdentityCard, GuestType, UserName, PassWord) values (498, 'Anthony Blunsum', '914 Straubel Lane', '76-5117294', 0, 'ablunsumdt', 'suRLIODDSTzQ');
insert into Guest (GuestId, GuestName, GuestAddress, IdentityCard, GuestType, UserName, PassWord) values (499, 'Martita Povall', '0080 Corben Way', '92-2421550', 1, 'mpovalldu', 'qUlgvF');
insert into Guest (GuestId, GuestName, GuestAddress, IdentityCard, GuestType, UserName, PassWord) values (500, 'Bessy Coatham', '59 Jenna Hill', '77-1574722', 1, 'bcoathamdv', 'OocROZ9x');
insert into Guest (GuestId, GuestName, GuestAddress, IdentityCard, GuestType, UserName, PassWord) values (501, 'Fairleigh Trelease', '3 Kingsford Trail', '94-9352286', 1, 'ftreleasedw', 'tP7ImK7QfF');
insert into Guest (GuestId, GuestName, GuestAddress, IdentityCard, GuestType, UserName, PassWord) values (502, 'Bear Churcher', '3068 Anzinger Drive', '84-6117759', 0, 'bchurcherdx', 'rJaqrXtk3mf4');
insert into Guest (GuestId, GuestName, GuestAddress, IdentityCard, GuestType, UserName, PassWord) values (503, 'Joanne Blakeley', '17 Badeau Circle', '22-9262200', 1, 'jblakeleydy', 'Oxo3KIC0MGQJ');
insert into Guest (GuestId, GuestName, GuestAddress, IdentityCard, GuestType, UserName, PassWord) values (504, 'Felita Tidgewell', '7771 Delaware Road', '83-8699474', 0, 'ftidgewelldz', 'fyrrmeIzI');
insert into Guest (GuestId, GuestName, GuestAddress, IdentityCard, GuestType, UserName, PassWord) values (505, 'Townie McCreath', '6768 Merrick Point', '48-7555258', 1, 'tmccreathe0', '6GNUp9H8u9o');
insert into Guest (GuestId, GuestName, GuestAddress, IdentityCard, GuestType, UserName, PassWord) values (506, 'Allianora Trinkwon', '84427 Red Cloud Terrace', '31-0430418', 0, 'atrinkwone1', 'XOC9WMGg');
insert into Guest (GuestId, GuestName, GuestAddress, IdentityCard, GuestType, UserName, PassWord) values (507, 'Maryrose Corradi', '61 Paget Street', '13-2786369', 1, 'mcorradie2', 'zhlheYUG');
insert into Guest (GuestId, GuestName, GuestAddress, IdentityCard, GuestType, UserName, PassWord) values (508, 'Seymour Shakelade', '5 Kim Pass', '51-2127968', 1, 'sshakeladee3', 'XenD6GC');
insert into Guest (GuestId, GuestName, GuestAddress, IdentityCard, GuestType, UserName, PassWord) values (509, 'Carmelita Brizell', '98970 Bluestem Point', '27-6129665', 0, 'cbrizelle4', 'ZWxW4WOLNmNc');
insert into Guest (GuestId, GuestName, GuestAddress, IdentityCard, GuestType, UserName, PassWord) values (510, 'Edwina Faudrie', '9806 Valley Edge Avenue', '55-3717267', 0, 'efaudriee5', 'Nch1l7gjnq');
insert into Guest (GuestId, GuestName, GuestAddress, IdentityCard, GuestType, UserName, PassWord) values (511, 'Mile Harsent', '9372 Corben Circle', '49-0608397', 0, 'mharsente6', 'IZIQdTQC1MEi');
insert into Guest (GuestId, GuestName, GuestAddress, IdentityCard, GuestType, UserName, PassWord) values (512, 'Gun Klausen', '6291 Independence Center', '48-1933672', 1, 'gklausene7', 'yuM8FDKXnuPd');
insert into Guest (GuestId, GuestName, GuestAddress, IdentityCard, GuestType, UserName, PassWord) values (513, 'Rufe Gillingham', '32 Hooker Parkway', '34-0940192', 0, 'rgillinghame8', 'IgmWZnSsCk6V');
insert into Guest (GuestId, GuestName, GuestAddress, IdentityCard, GuestType, UserName, PassWord) values (514, 'Dulcy Hexham', '29654 Portage Pass', '91-5072519', 0, 'dhexhame9', '925xT4');
insert into Guest (GuestId, GuestName, GuestAddress, IdentityCard, GuestType, UserName, PassWord) values (515, 'Pen Hofler', '4960 Sachs Center', '88-1082183', 0, 'phoflerea', 'y9SRKc');
insert into Guest (GuestId, GuestName, GuestAddress, IdentityCard, GuestType, UserName, PassWord) values (516, 'Glyn Dimanche', '2719 Reindahl Circle', '68-8520732', 0, 'gdimancheeb', '7CQTCQhuZ5');
insert into Guest (GuestId, GuestName, GuestAddress, IdentityCard, GuestType, UserName, PassWord) values (517, 'Jeri Enterle', '23 High Crossing Road', '39-3444022', 1, 'jenterleec', 'n9heDNo');
insert into Guest (GuestId, GuestName, GuestAddress, IdentityCard, GuestType, UserName, PassWord) values (518, 'Scarface Nelissen', '23 Carberry Avenue', '69-0315434', 0, 'snelissened', '3Zdg1qQa');
insert into Guest (GuestId, GuestName, GuestAddress, IdentityCard, GuestType, UserName, PassWord) values (519, 'Tove Mozzetti', '89932 Morningstar Drive', '86-0803963', 1, 'tmozzettiee', '4GmtaT6');
insert into Guest (GuestId, GuestName, GuestAddress, IdentityCard, GuestType, UserName, PassWord) values (520, 'Brandtr Gillbey', '13 Onsgard Terrace', '49-2079946', 0, 'bgillbeyef', '84Fu8PqipRuI');
insert into Guest (GuestId, GuestName, GuestAddress, IdentityCard, GuestType, UserName, PassWord) values (521, 'Lynnelle D''Avaux', '69 Corry Junction', '57-4426319', 0, 'ldavauxeg', 'JrHQj5Dd6D');
insert into Guest (GuestId, GuestName, GuestAddress, IdentityCard, GuestType, UserName, PassWord) values (522, 'Emmaline Will', '533 Fremont Circle', '93-5192131', 1, 'ewilleh', 'QBIKbY8GGtt');
insert into Guest (GuestId, GuestName, GuestAddress, IdentityCard, GuestType, UserName, PassWord) values (523, 'Xylia Smidmoor', '80152 5th Avenue', '93-6737846', 1, 'xsmidmoorei', 'ussoVLOj');
insert into Guest (GuestId, GuestName, GuestAddress, IdentityCard, GuestType, UserName, PassWord) values (524, 'Meriel Khosa', '5 Red Cloud Place', '93-9183074', 1, 'mkhosaej', '5Qe330Z7w7b1');
insert into Guest (GuestId, GuestName, GuestAddress, IdentityCard, GuestType, UserName, PassWord) values (525, 'Reggi Balsom', '6 Doe Crossing Parkway', '84-9144518', 1, 'rbalsomek', 'j53IHaCJdGac');
insert into Guest (GuestId, GuestName, GuestAddress, IdentityCard, GuestType, UserName, PassWord) values (526, 'Lorrie Huie', '308 Eagan Crossing', '78-9784312', 1, 'lhuieel', 'vhH4pz');
insert into Guest (GuestId, GuestName, GuestAddress, IdentityCard, GuestType, UserName, PassWord) values (527, 'Kale Petracek', '5612 Union Point', '62-9221193', 1, 'kpetracekem', 'mA5GEfl');
insert into Guest (GuestId, GuestName, GuestAddress, IdentityCard, GuestType, UserName, PassWord) values (528, 'Benita Rapelli', '16606 Blackbird Hill', '78-4337700', 1, 'brapellien', 'blkbSFcQVxE');
insert into Guest (GuestId, GuestName, GuestAddress, IdentityCard, GuestType, UserName, PassWord) values (529, 'Collete Wardrope', '56026 Mosinee Circle', '65-8232253', 1, 'cwardropeeo', 'mfGoLe5kC');
insert into Guest (GuestId, GuestName, GuestAddress, IdentityCard, GuestType, UserName, PassWord) values (530, 'Walt Aviss', '4892 Montana Plaza', '81-1424464', 1, 'wavissep', 'rwYGGqqdQcXN');
insert into Guest (GuestId, GuestName, GuestAddress, IdentityCard, GuestType, UserName, PassWord) values (531, 'Rog McKendo', '91122 Sutherland Junction', '44-3840428', 1, 'rmckendoeq', 'tgkRO8oOUjo');
insert into Guest (GuestId, GuestName, GuestAddress, IdentityCard, GuestType, UserName, PassWord) values (532, 'Shae Bonney', '835 Prairie Rose Center', '68-0721837', 1, 'sbonneyer', 'f8KQKsP');
insert into Guest (GuestId, GuestName, GuestAddress, IdentityCard, GuestType, UserName, PassWord) values (533, 'Judah Isoldi', '19 Bunker Hill Crossing', '97-2126742', 1, 'jisoldies', '5JLLJi');
insert into Guest (GuestId, GuestName, GuestAddress, IdentityCard, GuestType, UserName, PassWord) values (534, 'Clarine Dunkerton', '44072 Jenna Trail', '20-4445662', 1, 'cdunkertonet', 'C8lKJw65');
insert into Guest (GuestId, GuestName, GuestAddress, IdentityCard, GuestType, UserName, PassWord) values (535, 'Elizabeth Gaymar', '798 Farwell Plaza', '93-7880125', 1, 'egaymareu', 'E9atubl');
insert into Guest (GuestId, GuestName, GuestAddress, IdentityCard, GuestType, UserName, PassWord) values (536, 'Ignaz Teodoro', '6375 Shopko Plaza', '92-9768631', 1, 'iteodoroev', '0LLKxuAA');
insert into Guest (GuestId, GuestName, GuestAddress, IdentityCard, GuestType, UserName, PassWord) values (537, 'Renaldo Farlow', '8 Buena Vista Pass', '13-6933359', 0, 'rfarlowew', 'PcJE5bLE1');
insert into Guest (GuestId, GuestName, GuestAddress, IdentityCard, GuestType, UserName, PassWord) values (538, 'Mil Burleton', '3518 Schmedeman Drive', '70-1278308', 1, 'mburletonex', 'xv0GwDUyZH');
insert into Guest (GuestId, GuestName, GuestAddress, IdentityCard, GuestType, UserName, PassWord) values (539, 'Cortney Veel', '29 Tony Park', '31-6319174', 0, 'cveeley', 'zqz9EVn5vcj');
insert into Guest (GuestId, GuestName, GuestAddress, IdentityCard, GuestType, UserName, PassWord) values (540, 'Arri Larne', '4583 Westridge Street', '58-4521219', 0, 'alarneez', '0iWpsTzhA');
insert into Guest (GuestId, GuestName, GuestAddress, IdentityCard, GuestType, UserName, PassWord) values (541, 'Inglebert Float', '0 School Parkway', '07-4893961', 1, 'ifloatf0', 'nB8lHFri');
insert into Guest (GuestId, GuestName, GuestAddress, IdentityCard, GuestType, UserName, PassWord) values (542, 'Emma Risbrough', '813 Atwood Trail', '25-7702626', 0, 'erisbroughf1', 'QuQDbc');
insert into Guest (GuestId, GuestName, GuestAddress, IdentityCard, GuestType, UserName, PassWord) values (543, 'Waylin McRavey', '54788 Nancy Junction', '61-3977844', 0, 'wmcraveyf2', 'kyOvKoByCU0');
insert into Guest (GuestId, GuestName, GuestAddress, IdentityCard, GuestType, UserName, PassWord) values (544, 'Conn Bacup', '31 Anhalt Parkway', '66-4001121', 0, 'cbacupf3', '3h9aT5p');
insert into Guest (GuestId, GuestName, GuestAddress, IdentityCard, GuestType, UserName, PassWord) values (545, 'Inessa Hartles', '1 Atwood Avenue', '05-8041232', 0, 'ihartlesf4', 'svj6UgsaH');
insert into Guest (GuestId, GuestName, GuestAddress, IdentityCard, GuestType, UserName, PassWord) values (546, 'Hedi Adamkiewicz', '2 Veith Terrace', '30-8255671', 1, 'hadamkiewiczf5', 'y1VnHs6');
insert into Guest (GuestId, GuestName, GuestAddress, IdentityCard, GuestType, UserName, PassWord) values (547, 'Elisabetta Philo', '649 Starling Road', '22-5956142', 1, 'ephilof6', 'ia2tAE3E');
insert into Guest (GuestId, GuestName, GuestAddress, IdentityCard, GuestType, UserName, PassWord) values (548, 'Alameda Abley', '70583 Golf Course Terrace', '33-4370906', 0, 'aableyf7', 'Hj7PYGB1');
insert into Guest (GuestId, GuestName, GuestAddress, IdentityCard, GuestType, UserName, PassWord) values (549, 'Opal Rentelll', '8220 Eggendart Circle', '73-1435961', 1, 'orentelllf8', 'sDg0sCMZFbsw');
insert into Guest (GuestId, GuestName, GuestAddress, IdentityCard, GuestType, UserName, PassWord) values (550, 'Wyndham Stanwix', '0 Waubesa Court', '16-2147901', 0, 'wstanwixf9', 'KEM833Fy');
insert into Guest (GuestId, GuestName, GuestAddress, IdentityCard, GuestType, UserName, PassWord) values (551, 'Duffie Coping', '7 Mcguire Center', '59-1939635', 1, 'dcopingfa', 'fTvBSWJZV9aR');
insert into Guest (GuestId, GuestName, GuestAddress, IdentityCard, GuestType, UserName, PassWord) values (552, 'Ede Tripcony', '3987 Rowland Junction', '30-5375505', 1, 'etripconyfb', 'LOiNld1Y');
insert into Guest (GuestId, GuestName, GuestAddress, IdentityCard, GuestType, UserName, PassWord) values (553, 'Sven Ockenden', '0 Anthes Terrace', '53-4732574', 0, 'sockendenfc', 'pbo5xWK80IU');
insert into Guest (GuestId, GuestName, GuestAddress, IdentityCard, GuestType, UserName, PassWord) values (554, 'Vanni Sinney', '1 Independence Crossing', '22-1592382', 1, 'vsinneyfd', 'nl3a9dX');
insert into Guest (GuestId, GuestName, GuestAddress, IdentityCard, GuestType, UserName, PassWord) values (555, 'Tobye Legion', '37774 Surrey Way', '38-0678996', 1, 'tlegionfe', '6QE5oTO');
insert into Guest (GuestId, GuestName, GuestAddress, IdentityCard, GuestType, UserName, PassWord) values (556, 'Haven Fossitt', '480 Arapahoe Center', '13-9868383', 1, 'hfossittff', 'LsWh6dcasELH');
insert into Guest (GuestId, GuestName, GuestAddress, IdentityCard, GuestType, UserName, PassWord) values (557, 'Anna-diana Couvet', '1043 Oriole Park', '70-0211741', 1, 'acouvetfg', 'mxSvvpSPiqZd');
insert into Guest (GuestId, GuestName, GuestAddress, IdentityCard, GuestType, UserName, PassWord) values (558, 'Alisander Tethacot', '1 Cardinal Drive', '48-0839651', 1, 'atethacotfh', '4xndeNabs');
insert into Guest (GuestId, GuestName, GuestAddress, IdentityCard, GuestType, UserName, PassWord) values (559, 'Salomone Kingerby', '87 Fremont Point', '13-2039441', 1, 'skingerbyfi', 'P0MofqHwS');
insert into Guest (GuestId, GuestName, GuestAddress, IdentityCard, GuestType, UserName, PassWord) values (560, 'Devlen Eccleston', '31 Kedzie Road', '58-6640241', 1, 'decclestonfj', 'MrtNJkw4sAP');
insert into Guest (GuestId, GuestName, GuestAddress, IdentityCard, GuestType, UserName, PassWord) values (561, 'Fitzgerald Gayforth', '99676 Waywood Lane', '95-1139738', 1, 'fgayforthfk', 'v36Nk2');
insert into Guest (GuestId, GuestName, GuestAddress, IdentityCard, GuestType, UserName, PassWord) values (562, 'Corbet Gorden', '663 Red Cloud Avenue', '97-2695783', 0, 'cgordenfl', 'G7MrD5C');
insert into Guest (GuestId, GuestName, GuestAddress, IdentityCard, GuestType, UserName, PassWord) values (563, 'Jule Jachimak', '37 Summerview Parkway', '88-7140130', 1, 'jjachimakfm', 'WAAfLpccsd7');
insert into Guest (GuestId, GuestName, GuestAddress, IdentityCard, GuestType, UserName, PassWord) values (564, 'Kassey Davisson', '47637 Old Gate Park', '11-3846121', 0, 'kdavissonfn', '4VDEPhK');
insert into Guest (GuestId, GuestName, GuestAddress, IdentityCard, GuestType, UserName, PassWord) values (565, 'Rollin Fontelles', '968 Esker Court', '22-8072900', 0, 'rfontellesfo', 'F7iaNj');
insert into Guest (GuestId, GuestName, GuestAddress, IdentityCard, GuestType, UserName, PassWord) values (566, 'Sauncho Shemmin', '38 Fisk Pass', '93-0652694', 1, 'sshemminfp', 'OG5eovyUi');
insert into Guest (GuestId, GuestName, GuestAddress, IdentityCard, GuestType, UserName, PassWord) values (567, 'Luis Whimper', '597 Mariners Cove Lane', '91-4877138', 0, 'lwhimperfq', 'OPuVJpxLD');
insert into Guest (GuestId, GuestName, GuestAddress, IdentityCard, GuestType, UserName, PassWord) values (568, 'Ricki Paddie', '8 Saint Paul Street', '12-6990659', 1, 'rpaddiefr', 'TPbk88PRhJ1Z');
insert into Guest (GuestId, GuestName, GuestAddress, IdentityCard, GuestType, UserName, PassWord) values (569, 'Patsy Roycroft', '7078 Colorado Center', '49-5813802', 0, 'proycroftfs', 'VpTn55');
insert into Guest (GuestId, GuestName, GuestAddress, IdentityCard, GuestType, UserName, PassWord) values (570, 'Flor Uttermare', '01356 Canary Lane', '73-6660053', 0, 'futtermareft', 'kQcJUAHczjp');
insert into Guest (GuestId, GuestName, GuestAddress, IdentityCard, GuestType, UserName, PassWord) values (571, 'Andras Humm', '49 Bunting Place', '45-7011478', 1, 'ahummfu', 'h4dPmtZ');
insert into Guest (GuestId, GuestName, GuestAddress, IdentityCard, GuestType, UserName, PassWord) values (572, 'Angelia Linsay', '07302 Sachs Hill', '17-1023078', 0, 'alinsayfv', 'KChVVw5U1y');
insert into Guest (GuestId, GuestName, GuestAddress, IdentityCard, GuestType, UserName, PassWord) values (573, 'Tori Huglin', '901 Lawn Pass', '48-7053916', 0, 'thuglinfw', '20fPppr0CSNT');
insert into Guest (GuestId, GuestName, GuestAddress, IdentityCard, GuestType, UserName, PassWord) values (574, 'Selie Dillingston', '72 Jay Terrace', '54-0089596', 1, 'sdillingstonfx', '8TKbFCs');
insert into Guest (GuestId, GuestName, GuestAddress, IdentityCard, GuestType, UserName, PassWord) values (575, 'Gannon Wraight', '77 Harbort Street', '20-9990897', 1, 'gwraightfy', 'kEB59KSl');
insert into Guest (GuestId, GuestName, GuestAddress, IdentityCard, GuestType, UserName, PassWord) values (576, 'Adam Yair', '0046 Helena Junction', '28-7159879', 0, 'ayairfz', 'DaL9pAf');
insert into Guest (GuestId, GuestName, GuestAddress, IdentityCard, GuestType, UserName, PassWord) values (577, 'Catlee Antonich', '9053 Gulseth Hill', '80-0385989', 0, 'cantonichg0', 'mXZb9yS');
insert into Guest (GuestId, GuestName, GuestAddress, IdentityCard, GuestType, UserName, PassWord) values (578, 'Candra Botwood', '77 Texas Lane', '74-2445169', 1, 'cbotwoodg1', 'McQFJl1Mmv');
insert into Guest (GuestId, GuestName, GuestAddress, IdentityCard, GuestType, UserName, PassWord) values (579, 'Myra Livingstone', '80 Oneill Trail', '10-8241389', 1, 'mlivingstoneg2', 'OQPhuk6yVyk');
insert into Guest (GuestId, GuestName, GuestAddress, IdentityCard, GuestType, UserName, PassWord) values (580, 'Marlene Gipps', '872 Melody Hill', '69-4443901', 1, 'mgippsg3', 'Nga3F0nLQ');
insert into Guest (GuestId, GuestName, GuestAddress, IdentityCard, GuestType, UserName, PassWord) values (581, 'Carmon Maestrini', '87747 8th Alley', '31-4615434', 1, 'cmaestrinig4', 'jQ3UW6t');
insert into Guest (GuestId, GuestName, GuestAddress, IdentityCard, GuestType, UserName, PassWord) values (582, 'Renard Wakes', '8 Northport Terrace', '04-1632725', 1, 'rwakesg5', 'acHhhHkH9uGG');
insert into Guest (GuestId, GuestName, GuestAddress, IdentityCard, GuestType, UserName, PassWord) values (583, 'Elka Morin', '8956 Dorton Park', '22-0916591', 1, 'emoring6', 'sE1JT56Ku');
insert into Guest (GuestId, GuestName, GuestAddress, IdentityCard, GuestType, UserName, PassWord) values (584, 'Em Somerset', '767 Mcguire Park', '63-1337894', 1, 'esomersetg7', '4uUlHE');
insert into Guest (GuestId, GuestName, GuestAddress, IdentityCard, GuestType, UserName, PassWord) values (585, 'Roley Antonomoli', '0 Fulton Way', '96-9751649', 1, 'rantonomolig8', 'NlYuV5SPr4L');
insert into Guest (GuestId, GuestName, GuestAddress, IdentityCard, GuestType, UserName, PassWord) values (586, 'Alexandros Pinchin', '70 Badeau Hill', '14-6455556', 1, 'apinching9', 'AXi9Zh');
insert into Guest (GuestId, GuestName, GuestAddress, IdentityCard, GuestType, UserName, PassWord) values (587, 'Colleen Demcik', '9 Cordelia Park', '63-8551620', 0, 'cdemcikga', 'YasQdjYh9lW');
insert into Guest (GuestId, GuestName, GuestAddress, IdentityCard, GuestType, UserName, PassWord) values (588, 'Fee Hefferon', '4 Scofield Alley', '90-2195569', 0, 'fhefferongb', 'tb6DzWvyMIVo');
insert into Guest (GuestId, GuestName, GuestAddress, IdentityCard, GuestType, UserName, PassWord) values (589, 'Daniele Davers', '446 Hermina Road', '34-5628326', 1, 'ddaversgc', 'DtocBPo5a');
insert into Guest (GuestId, GuestName, GuestAddress, IdentityCard, GuestType, UserName, PassWord) values (590, 'Yevette Batie', '9760 Mayfield Alley', '46-6757910', 0, 'ybatiegd', 'HvBTMWu8v');
insert into Guest (GuestId, GuestName, GuestAddress, IdentityCard, GuestType, UserName, PassWord) values (591, 'Mathe Musgrove', '19 Bay Court', '39-7658410', 1, 'mmusgrovege', '2iVKD6n');
insert into Guest (GuestId, GuestName, GuestAddress, IdentityCard, GuestType, UserName, PassWord) values (592, 'Sandye Fishpool', '7 Darwin Center', '38-9047721', 0, 'sfishpoolgf', 'kQdREqYFAB');
insert into Guest (GuestId, GuestName, GuestAddress, IdentityCard, GuestType, UserName, PassWord) values (593, 'Letta Imbrey', '01 Talmadge Parkway', '79-0278254', 1, 'limbreygg', 'oXMOV9Fcz');
insert into Guest (GuestId, GuestName, GuestAddress, IdentityCard, GuestType, UserName, PassWord) values (594, 'Ryann Coom', '816 Loftsgordon Alley', '77-7675187', 1, 'rcoomgh', 'pkJfktAHcIMh');
insert into Guest (GuestId, GuestName, GuestAddress, IdentityCard, GuestType, UserName, PassWord) values (595, 'Brad Malins', '07614 Burning Wood Trail', '97-5039072', 0, 'bmalinsgi', 'k0CLpJpnnuBD');
insert into Guest (GuestId, GuestName, GuestAddress, IdentityCard, GuestType, UserName, PassWord) values (596, 'Ibbie Ferrieri', '7966 Mandrake Pass', '83-5896175', 0, 'iferrierigj', 'jx64Nv');
insert into Guest (GuestId, GuestName, GuestAddress, IdentityCard, GuestType, UserName, PassWord) values (597, 'Madalena Wogan', '47018 Burning Wood Road', '69-1849157', 1, 'mwogangk', '6XPwHEbhpBY');
insert into Guest (GuestId, GuestName, GuestAddress, IdentityCard, GuestType, UserName, PassWord) values (598, 'Gilburt Krolle', '0400 Sloan Road', '45-8774832', 1, 'gkrollegl', 'i0f2qyy0CxdO');
insert into Guest (GuestId, GuestName, GuestAddress, IdentityCard, GuestType, UserName, PassWord) values (599, 'Brose Tambling', '567 Prairieview Trail', '96-6605561', 0, 'btamblinggm', 'sEOP1WK');
insert into Guest (GuestId, GuestName, GuestAddress, IdentityCard, GuestType, UserName, PassWord) values (600, 'Donn Kondrat', '453 Spaight Court', '68-6945451', 0, 'dkondratgn', 'E0GNMAACj');
insert into Guest (GuestId, GuestName, GuestAddress, IdentityCard, GuestType, UserName, PassWord) values (601, 'Milli Uttermare', '28 Pond Lane', '91-8186465', 0, 'muttermarego', 'ZQfsyCL0srr');
insert into Guest (GuestId, GuestName, GuestAddress, IdentityCard, GuestType, UserName, PassWord) values (602, 'Raynor Antunez', '7 Portage Street', '29-1082571', 1, 'rantunezgp', 'hbAKOlZ');
insert into Guest (GuestId, GuestName, GuestAddress, IdentityCard, GuestType, UserName, PassWord) values (603, 'Anne Ekins', '2100 Coleman Trail', '79-5514693', 1, 'aekinsgq', 'nIyYmSOcnJ3');
insert into Guest (GuestId, GuestName, GuestAddress, IdentityCard, GuestType, UserName, PassWord) values (604, 'Madelene Connelly', '07 Farmco Street', '11-5176166', 1, 'mconnellygr', 'Kl4RSeigwu');
insert into Guest (GuestId, GuestName, GuestAddress, IdentityCard, GuestType, UserName, PassWord) values (605, 'Austine Verissimo', '71474 Marquette Place', '39-2290118', 0, 'averissimogs', 'TkbwjSeatp');
insert into Guest (GuestId, GuestName, GuestAddress, IdentityCard, GuestType, UserName, PassWord) values (606, 'Juliana Woodall', '974 Ridgeview Lane', '97-6323755', 0, 'jwoodallgt', 'VWAgtac');
insert into Guest (GuestId, GuestName, GuestAddress, IdentityCard, GuestType, UserName, PassWord) values (607, 'Tobe Stilgoe', '5 Morrow Street', '02-5426003', 0, 'tstilgoegu', '6i6ggRQVAT');
insert into Guest (GuestId, GuestName, GuestAddress, IdentityCard, GuestType, UserName, PassWord) values (608, 'Dinnie Eplett', '9 West Crossing', '05-6247553', 1, 'deplettgv', 'h7T9o2xarm9f');
insert into Guest (GuestId, GuestName, GuestAddress, IdentityCard, GuestType, UserName, PassWord) values (609, 'Aksel Budibent', '21405 Blue Bill Park Center', '51-1705571', 1, 'abudibentgw', 'XeU6gYsfDAfR');
insert into Guest (GuestId, GuestName, GuestAddress, IdentityCard, GuestType, UserName, PassWord) values (610, 'Tomaso Giaomozzo', '22842 Birchwood Terrace', '96-3465451', 0, 'tgiaomozzogx', 'h2vF7dgScjO');
insert into Guest (GuestId, GuestName, GuestAddress, IdentityCard, GuestType, UserName, PassWord) values (611, 'Ilyssa Hearnes', '27 Monument Court', '21-7514412', 0, 'ihearnesgy', '1zwoLnDmvD');
insert into Guest (GuestId, GuestName, GuestAddress, IdentityCard, GuestType, UserName, PassWord) values (612, 'Lindie Floyd', '59600 Goodland Plaza', '17-5482234', 0, 'lfloydgz', '2h8OVmbeF');
insert into Guest (GuestId, GuestName, GuestAddress, IdentityCard, GuestType, UserName, PassWord) values (613, 'Luce Gatchell', '82 Ryan Terrace', '86-3151395', 1, 'lgatchellh0', 'PKyGBLhPkX');
insert into Guest (GuestId, GuestName, GuestAddress, IdentityCard, GuestType, UserName, PassWord) values (614, 'Georg Stut', '8 Porter Plaza', '71-7750783', 1, 'gstuth1', 'VNn8gA3qcc');
insert into Guest (GuestId, GuestName, GuestAddress, IdentityCard, GuestType, UserName, PassWord) values (615, 'Therese Penwell', '1658 Anniversary Plaza', '67-8087063', 1, 'tpenwellh2', 'ahRg2Ts2Nkiy');
insert into Guest (GuestId, GuestName, GuestAddress, IdentityCard, GuestType, UserName, PassWord) values (616, 'Delila Yon', '700 Doe Crossing Parkway', '33-7398459', 1, 'dyonh3', '9dAPru2');
insert into Guest (GuestId, GuestName, GuestAddress, IdentityCard, GuestType, UserName, PassWord) values (617, 'Ara Halbord', '3 Westend Avenue', '03-5115451', 0, 'ahalbordh4', 'CLqL7bao');
insert into Guest (GuestId, GuestName, GuestAddress, IdentityCard, GuestType, UserName, PassWord) values (618, 'Stacee Downage', '69 Waxwing Drive', '85-1205251', 1, 'sdownageh5', '67o9t5Cgb0');
insert into Guest (GuestId, GuestName, GuestAddress, IdentityCard, GuestType, UserName, PassWord) values (619, 'Niels Blazejewski', '66 Stoughton Way', '64-5356341', 1, 'nblazejewskih6', 'Wo568CiAo');
insert into Guest (GuestId, GuestName, GuestAddress, IdentityCard, GuestType, UserName, PassWord) values (620, 'Brunhilde Yewdale', '6615 Sachs Terrace', '34-3187257', 1, 'byewdaleh7', 'vhVVrU4S');
insert into Guest (GuestId, GuestName, GuestAddress, IdentityCard, GuestType, UserName, PassWord) values (621, 'Gwyn Wilford', '8 Warner Court', '77-2844250', 1, 'gwilfordh8', 'skxFiHh');
insert into Guest (GuestId, GuestName, GuestAddress, IdentityCard, GuestType, UserName, PassWord) values (622, 'Clarinda Doy', '52715 Stoughton Way', '00-8703895', 1, 'cdoyh9', 'kQTlaS');
insert into Guest (GuestId, GuestName, GuestAddress, IdentityCard, GuestType, UserName, PassWord) values (623, 'Quillan Shimwell', '323 Mccormick Street', '41-7453626', 1, 'qshimwellha', 'vSiN3l8A1cuv');
insert into Guest (GuestId, GuestName, GuestAddress, IdentityCard, GuestType, UserName, PassWord) values (624, 'Clea Bentjens', '511 Green Ridge Way', '12-3911822', 0, 'cbentjenshb', 'hD7zDwr');
insert into Guest (GuestId, GuestName, GuestAddress, IdentityCard, GuestType, UserName, PassWord) values (625, 'Perla Panketh', '98627 Tennyson Plaza', '07-3832607', 1, 'ppankethhc', 'hZxme8FePH');
insert into Guest (GuestId, GuestName, GuestAddress, IdentityCard, GuestType, UserName, PassWord) values (626, 'Vanya Gawkes', '8674 Pankratz Place', '94-7255941', 0, 'vgawkeshd', 'tOHvwfHlp5SG');
insert into Guest (GuestId, GuestName, GuestAddress, IdentityCard, GuestType, UserName, PassWord) values (627, 'Ulrick Arpino', '3 Hovde Avenue', '52-8136644', 1, 'uarpinohe', 'Q23UbTuN0IL');
insert into Guest (GuestId, GuestName, GuestAddress, IdentityCard, GuestType, UserName, PassWord) values (628, 'Caryl Causon', '209 Little Fleur Road', '84-8239241', 0, 'ccausonhf', '6M2SMHR');
insert into Guest (GuestId, GuestName, GuestAddress, IdentityCard, GuestType, UserName, PassWord) values (629, 'Joyce Ismirnioglou', '31 Randy Drive', '98-7847875', 1, 'jismirnioglouhg', 'F452zrVd');
insert into Guest (GuestId, GuestName, GuestAddress, IdentityCard, GuestType, UserName, PassWord) values (630, 'Kermy Mudd', '88 American Ash Plaza', '12-1017127', 1, 'kmuddhh', 'J2Km1exrl');
insert into Guest (GuestId, GuestName, GuestAddress, IdentityCard, GuestType, UserName, PassWord) values (631, 'Julita Stearndale', '41 Scott Junction', '99-9288072', 0, 'jstearndalehi', '6D4k3JMLyywt');
insert into Guest (GuestId, GuestName, GuestAddress, IdentityCard, GuestType, UserName, PassWord) values (632, 'Nicola Dunckley', '79 Reinke Hill', '89-5429420', 0, 'ndunckleyhj', 'vORdlDQ');
insert into Guest (GuestId, GuestName, GuestAddress, IdentityCard, GuestType, UserName, PassWord) values (633, 'Donielle Dutch', '4080 Pawling Pass', '82-3357275', 1, 'ddutchhk', '8H62AOi');
insert into Guest (GuestId, GuestName, GuestAddress, IdentityCard, GuestType, UserName, PassWord) values (634, 'Fanny Pannett', '8 David Trail', '81-8018400', 1, 'fpannetthl', 'qSDyq2ZRp');
insert into Guest (GuestId, GuestName, GuestAddress, IdentityCard, GuestType, UserName, PassWord) values (635, 'Doretta Billington', '1484 Grover Trail', '66-1736051', 1, 'dbillingtonhm', 'easfdF');
insert into Guest (GuestId, GuestName, GuestAddress, IdentityCard, GuestType, UserName, PassWord) values (636, 'Adrienne Pesik', '8 Golf Course Center', '09-5864321', 0, 'apesikhn', 'YDPsEzdnL');
insert into Guest (GuestId, GuestName, GuestAddress, IdentityCard, GuestType, UserName, PassWord) values (637, 'Twila Keough', '4731 Upham Trail', '00-6885810', 0, 'tkeoughho', 'Mccgh6dG0nW');
insert into Guest (GuestId, GuestName, GuestAddress, IdentityCard, GuestType, UserName, PassWord) values (638, 'Justinian Queenborough', '765 Crownhardt Crossing', '39-0269587', 1, 'jqueenboroughhp', 'dGvwsl');
insert into Guest (GuestId, GuestName, GuestAddress, IdentityCard, GuestType, UserName, PassWord) values (639, 'Angus Deboo', '18852 7th Center', '39-1292213', 1, 'adeboohq', 'DZgxmm');
insert into Guest (GuestId, GuestName, GuestAddress, IdentityCard, GuestType, UserName, PassWord) values (640, 'Alexandr Bunyard', '8 Crownhardt Lane', '32-4778997', 0, 'abunyardhr', 'QXiMdXOulg');
insert into Guest (GuestId, GuestName, GuestAddress, IdentityCard, GuestType, UserName, PassWord) values (641, 'Brant Scholtz', '5103 Lunder Pass', '72-2643838', 1, 'bscholtzhs', 'DpzTxziuU5');
insert into Guest (GuestId, GuestName, GuestAddress, IdentityCard, GuestType, UserName, PassWord) values (642, 'Maren Earie', '6090 Red Cloud Point', '02-4876671', 1, 'mearieht', 'H1XRJo1SBRW4');
insert into Guest (GuestId, GuestName, GuestAddress, IdentityCard, GuestType, UserName, PassWord) values (643, 'Elbertina McMenamy', '5 Oakridge Circle', '15-1874084', 0, 'emcmenamyhu', 'WmtJuh60');
insert into Guest (GuestId, GuestName, GuestAddress, IdentityCard, GuestType, UserName, PassWord) values (644, 'Mufinella Autry', '60 Oriole Alley', '13-5740050', 0, 'mautryhv', 'OmCXMtGIV');
insert into Guest (GuestId, GuestName, GuestAddress, IdentityCard, GuestType, UserName, PassWord) values (645, 'Tony Rainforth', '082 Meadow Valley Street', '43-2076489', 0, 'trainforthhw', 'vec0xUa2');
insert into Guest (GuestId, GuestName, GuestAddress, IdentityCard, GuestType, UserName, PassWord) values (646, 'Audie Wiggington', '30510 Logan Parkway', '20-6616158', 0, 'awiggingtonhx', 'KxU5iZQA');
insert into Guest (GuestId, GuestName, GuestAddress, IdentityCard, GuestType, UserName, PassWord) values (647, 'Pail Pedwell', '75 Dapin Point', '56-0489834', 1, 'ppedwellhy', 'inDq68');
insert into Guest (GuestId, GuestName, GuestAddress, IdentityCard, GuestType, UserName, PassWord) values (648, 'Auria Dreakin', '404 Erie Plaza', '10-2087473', 1, 'adreakinhz', 'V9ZyoUL2vxff');
insert into Guest (GuestId, GuestName, GuestAddress, IdentityCard, GuestType, UserName, PassWord) values (649, 'Ashley Pitney', '4949 Warrior Hill', '69-9788994', 1, 'apitneyi0', '63RB4hAh9');
insert into Guest (GuestId, GuestName, GuestAddress, IdentityCard, GuestType, UserName, PassWord) values (650, 'Agosto Eickhoff', '8917 2nd Parkway', '21-7375742', 0, 'aeickhoffi1', 'haMrmiu0sMyA');
insert into Guest (GuestId, GuestName, GuestAddress, IdentityCard, GuestType, UserName, PassWord) values (651, 'Lanita Coalbran', '7227 Thompson Junction', '18-8753986', 0, 'lcoalbrani2', 'bvFNweHho');
insert into Guest (GuestId, GuestName, GuestAddress, IdentityCard, GuestType, UserName, PassWord) values (652, 'Wang Rucklidge', '57888 Stone Corner Terrace', '17-4379037', 0, 'wrucklidgei3', 'YgPFVwXqva9Y');
insert into Guest (GuestId, GuestName, GuestAddress, IdentityCard, GuestType, UserName, PassWord) values (653, 'Sibel Cohan', '7 Magdeline Avenue', '12-8633408', 0, 'scohani4', 'AeSJ5zO');
insert into Guest (GuestId, GuestName, GuestAddress, IdentityCard, GuestType, UserName, PassWord) values (654, 'Rossie Sollom', '4985 Northwestern Crossing', '69-9378821', 0, 'rsollomi5', 'Xo7SeofPneD');
insert into Guest (GuestId, GuestName, GuestAddress, IdentityCard, GuestType, UserName, PassWord) values (655, 'Ronny Reveland', '948 Reindahl Alley', '81-4414905', 1, 'rrevelandi6', 'xw6Q06Ej');
insert into Guest (GuestId, GuestName, GuestAddress, IdentityCard, GuestType, UserName, PassWord) values (656, 'Lucien Winchcomb', '753 Milwaukee Trail', '60-3551968', 1, 'lwinchcombi7', 'bFhrhOAiUtD');
insert into Guest (GuestId, GuestName, GuestAddress, IdentityCard, GuestType, UserName, PassWord) values (657, 'Morty Georgius', '000 Glendale Junction', '68-2513429', 0, 'mgeorgiusi8', 'T3kKfDoPY');
insert into Guest (GuestId, GuestName, GuestAddress, IdentityCard, GuestType, UserName, PassWord) values (658, 'Daniele Scotchmor', '0761 Straubel Park', '44-0044701', 0, 'dscotchmori9', 'CkAUWiEkJ');
insert into Guest (GuestId, GuestName, GuestAddress, IdentityCard, GuestType, UserName, PassWord) values (659, 'Cullan Middlehurst', '2 Sachtjen Road', '21-3257322', 1, 'cmiddlehurstia', 'kZZsR89MZ');
insert into Guest (GuestId, GuestName, GuestAddress, IdentityCard, GuestType, UserName, PassWord) values (660, 'Trix O''Hagirtie', '31 Huxley Trail', '89-5891226', 1, 'tohagirtieib', 'SZ5NXu2');
insert into Guest (GuestId, GuestName, GuestAddress, IdentityCard, GuestType, UserName, PassWord) values (661, 'Paton Gulland', '128 Esch Drive', '90-0699770', 1, 'pgullandic', 'psALaH2X');
insert into Guest (GuestId, GuestName, GuestAddress, IdentityCard, GuestType, UserName, PassWord) values (662, 'Evy Brinkman', '2 New Castle Trail', '61-3277930', 1, 'ebrinkmanid', 'e2PZzQWbyc');
insert into Guest (GuestId, GuestName, GuestAddress, IdentityCard, GuestType, UserName, PassWord) values (663, 'Augustine Mahmood', '03957 Macpherson Point', '83-2288676', 0, 'amahmoodie', 'BBrpLYn4');
insert into Guest (GuestId, GuestName, GuestAddress, IdentityCard, GuestType, UserName, PassWord) values (664, 'Raymond Broom', '8750 Rigney Lane', '76-3227253', 1, 'rbroomif', 'ZePv4O');
insert into Guest (GuestId, GuestName, GuestAddress, IdentityCard, GuestType, UserName, PassWord) values (665, 'Randell Claydon', '1 Lunder Hill', '72-9473366', 0, 'rclaydonig', 'sGMhsAkxGAeQ');
insert into Guest (GuestId, GuestName, GuestAddress, IdentityCard, GuestType, UserName, PassWord) values (666, 'Gonzalo Yellop', '816 Mandrake Trail', '58-2781876', 0, 'gyellopih', 'bYLhBQJDsF');
insert into Guest (GuestId, GuestName, GuestAddress, IdentityCard, GuestType, UserName, PassWord) values (667, 'Euell Philipard', '26355 Stoughton Plaza', '94-2835132', 0, 'ephilipardii', 'Qq5nmBx106');
insert into Guest (GuestId, GuestName, GuestAddress, IdentityCard, GuestType, UserName, PassWord) values (668, 'Audie Lawler', '9266 Fulton Place', '21-6456764', 0, 'alawlerij', 'PO294PiJ9');
insert into Guest (GuestId, GuestName, GuestAddress, IdentityCard, GuestType, UserName, PassWord) values (669, 'Samuel Claisse', '183 Valley Edge Crossing', '06-5903505', 0, 'sclaisseik', 'S3YE9ttWy7L');
insert into Guest (GuestId, GuestName, GuestAddress, IdentityCard, GuestType, UserName, PassWord) values (670, 'Justis Joannet', '5 Crescent Oaks Street', '74-4074270', 0, 'jjoannetil', 'vj8Zjk');
insert into Guest (GuestId, GuestName, GuestAddress, IdentityCard, GuestType, UserName, PassWord) values (671, 'Filippa Barrass', '901 Delaware Lane', '59-2177666', 1, 'fbarrassim', 'VsJJuJ3da');
insert into Guest (GuestId, GuestName, GuestAddress, IdentityCard, GuestType, UserName, PassWord) values (672, 'Kristian Barts', '87 Schurz Alley', '09-2687118', 0, 'kbartsin', 'a9KxKF0TbM8');
insert into Guest (GuestId, GuestName, GuestAddress, IdentityCard, GuestType, UserName, PassWord) values (673, 'Gaylene Banghe', '7 Merrick Place', '60-5384669', 0, 'gbangheio', 'ImTKAESgAY7b');
insert into Guest (GuestId, GuestName, GuestAddress, IdentityCard, GuestType, UserName, PassWord) values (674, 'Lizabeth Roma', '7 Carpenter Avenue', '43-8398283', 0, 'lromaip', 'fDym59Cw4bnW');
insert into Guest (GuestId, GuestName, GuestAddress, IdentityCard, GuestType, UserName, PassWord) values (675, 'Elie Di Pietro', '11462 Westend Hill', '61-2341040', 0, 'ediiq', 'fALEPEa');
insert into Guest (GuestId, GuestName, GuestAddress, IdentityCard, GuestType, UserName, PassWord) values (676, 'Denise Schimke', '88 Everett Point', '85-7367822', 0, 'dschimkeir', 'ezfCQAnPlmaO');
insert into Guest (GuestId, GuestName, GuestAddress, IdentityCard, GuestType, UserName, PassWord) values (677, 'Garfield Manlow', '25452 Village Street', '37-8009529', 1, 'gmanlowis', 'qRhyjwnj');
insert into Guest (GuestId, GuestName, GuestAddress, IdentityCard, GuestType, UserName, PassWord) values (678, 'Theda Duligall', '29 Bowman Place', '99-8970965', 0, 'tduligallit', 'TcCki8yUiX');
insert into Guest (GuestId, GuestName, GuestAddress, IdentityCard, GuestType, UserName, PassWord) values (679, 'Hobard Drury', '25 Sachs Trail', '06-1989857', 1, 'hdruryiu', 'CaaPEds76');
insert into Guest (GuestId, GuestName, GuestAddress, IdentityCard, GuestType, UserName, PassWord) values (680, 'Ax Ganiford', '13767 8th Plaza', '65-7089293', 0, 'aganifordiv', 'MQy2BLa7Niy');
insert into Guest (GuestId, GuestName, GuestAddress, IdentityCard, GuestType, UserName, PassWord) values (681, 'Althea Kimber', '93 Butternut Circle', '53-5957579', 0, 'akimberiw', 'NXfICr');
insert into Guest (GuestId, GuestName, GuestAddress, IdentityCard, GuestType, UserName, PassWord) values (682, 'Claudian Whittleton', '34 Sheridan Hill', '75-8688511', 0, 'cwhittletonix', 'WmXzNKeA');
insert into Guest (GuestId, GuestName, GuestAddress, IdentityCard, GuestType, UserName, PassWord) values (683, 'Cora Connold', '84937 Eastwood Street', '20-6723927', 1, 'cconnoldiy', '3bX2ri');
insert into Guest (GuestId, GuestName, GuestAddress, IdentityCard, GuestType, UserName, PassWord) values (684, 'Eugenie Edger', '38 Killdeer Street', '66-0391545', 0, 'eedgeriz', 'EONhlu5iJdgm');
insert into Guest (GuestId, GuestName, GuestAddress, IdentityCard, GuestType, UserName, PassWord) values (685, 'Piggy Stride', '157 Hanover Pass', '42-5907687', 1, 'pstridej0', 't10POD');
insert into Guest (GuestId, GuestName, GuestAddress, IdentityCard, GuestType, UserName, PassWord) values (686, 'Arni Bullcock', '2 Sheridan Lane', '21-0579283', 0, 'abullcockj1', 'tSE333S');
insert into Guest (GuestId, GuestName, GuestAddress, IdentityCard, GuestType, UserName, PassWord) values (687, 'Susanetta Baldocci', '81 Lyons Trail', '00-7829982', 0, 'sbaldoccij2', 'lGDOzAFuNC');
insert into Guest (GuestId, GuestName, GuestAddress, IdentityCard, GuestType, UserName, PassWord) values (688, 'Hewie Lippi', '206 Leroy Road', '59-7968599', 1, 'hlippij3', '6OFmrAvy');
insert into Guest (GuestId, GuestName, GuestAddress, IdentityCard, GuestType, UserName, PassWord) values (689, 'Broderick Brownbill', '4 Donald Hill', '61-5844141', 0, 'bbrownbillj4', 'znR4X8');
insert into Guest (GuestId, GuestName, GuestAddress, IdentityCard, GuestType, UserName, PassWord) values (690, 'Kipp Poser', '6199 Westerfield Parkway', '21-7479046', 0, 'kposerj5', 'vOoqaTDTh');
insert into Guest (GuestId, GuestName, GuestAddress, IdentityCard, GuestType, UserName, PassWord) values (691, 'Hasty Wayland', '4921 Bultman Hill', '54-2304046', 0, 'hwaylandj6', 'Mue6zis');
insert into Guest (GuestId, GuestName, GuestAddress, IdentityCard, GuestType, UserName, PassWord) values (692, 'Marion Pilcher', '354 Old Gate Hill', '62-7841643', 0, 'mpilcherj7', '7mxaaL6s');
insert into Guest (GuestId, GuestName, GuestAddress, IdentityCard, GuestType, UserName, PassWord) values (693, 'Sidney Tyas', '5393 Graedel Circle', '88-3356799', 0, 'styasj8', 'fWCK0xi3');
insert into Guest (GuestId, GuestName, GuestAddress, IdentityCard, GuestType, UserName, PassWord) values (694, 'Bearnard Shugg', '11239 Havey Circle', '24-7036815', 0, 'bshuggj9', 'p4IbaPruI');
insert into Guest (GuestId, GuestName, GuestAddress, IdentityCard, GuestType, UserName, PassWord) values (695, 'Mischa Blas', '13 Knutson Avenue', '99-3251472', 1, 'mblasja', 'BtcOpMt');
insert into Guest (GuestId, GuestName, GuestAddress, IdentityCard, GuestType, UserName, PassWord) values (696, 'Murray Aynsley', '5 Mayer Crossing', '79-2361790', 0, 'maynsleyjb', 'a2CwW6Wlfmee');
insert into Guest (GuestId, GuestName, GuestAddress, IdentityCard, GuestType, UserName, PassWord) values (697, 'Martelle Crilly', '9 Jenifer Terrace', '59-5840799', 0, 'mcrillyjc', 'bsB135CQ8E');
insert into Guest (GuestId, GuestName, GuestAddress, IdentityCard, GuestType, UserName, PassWord) values (698, 'Loretta Boggas', '7840 Scott Junction', '18-6117290', 1, 'lboggasjd', '8X0xRSD');
insert into Guest (GuestId, GuestName, GuestAddress, IdentityCard, GuestType, UserName, PassWord) values (699, 'Ara Scamerden', '96 Fuller Junction', '62-5554051', 1, 'ascamerdenje', '6XEBj6Y1bsAQ');
insert into Guest (GuestId, GuestName, GuestAddress, IdentityCard, GuestType, UserName, PassWord) values (700, 'Terence Marioneau', '91 Northridge Plaza', '57-6956608', 1, 'tmarioneaujf', 'SQpzw7');
insert into Guest (GuestId, GuestName, GuestAddress, IdentityCard, GuestType, UserName, PassWord) values (701, 'Bobine Gourley', '5 Carey Parkway', '93-8187084', 0, 'bgourleyjg', 'zQ0gO2f');
insert into Guest (GuestId, GuestName, GuestAddress, IdentityCard, GuestType, UserName, PassWord) values (702, 'Anthia Waterfield', '69 Claremont Point', '79-7493038', 1, 'awaterfieldjh', 'IBxoXuL');
insert into Guest (GuestId, GuestName, GuestAddress, IdentityCard, GuestType, UserName, PassWord) values (703, 'Gabby Maffucci', '9030 Grover Place', '46-3514212', 1, 'gmaffucciji', '2uy6iLWK');
insert into Guest (GuestId, GuestName, GuestAddress, IdentityCard, GuestType, UserName, PassWord) values (704, 'Nora Tithecote', '7 Forster Road', '75-1834870', 0, 'ntithecotejj', '4jrtxiw8drsU');
insert into Guest (GuestId, GuestName, GuestAddress, IdentityCard, GuestType, UserName, PassWord) values (705, 'Yovonnda Battle', '3545 Cherokee Place', '24-4176801', 0, 'ybattlejk', 'IOMb1XeQ9t');
insert into Guest (GuestId, GuestName, GuestAddress, IdentityCard, GuestType, UserName, PassWord) values (706, 'Perry Scarce', '82446 Onsgard Circle', '90-8922909', 1, 'pscarcejl', 'rhLeTIaYZ');
insert into Guest (GuestId, GuestName, GuestAddress, IdentityCard, GuestType, UserName, PassWord) values (707, 'Feodor MacSherry', '63614 Morrow Parkway', '23-4753147', 0, 'fmacsherryjm', 'Lir8Ne');
insert into Guest (GuestId, GuestName, GuestAddress, IdentityCard, GuestType, UserName, PassWord) values (708, 'Leandra Charley', '00845 Stone Corner Trail', '39-4869129', 1, 'lcharleyjn', 'yZS9gY');
insert into Guest (GuestId, GuestName, GuestAddress, IdentityCard, GuestType, UserName, PassWord) values (709, 'Willetta Sambell', '754 Blaine Center', '89-0839772', 0, 'wsambelljo', 'oHlV46Um5Dg7');
insert into Guest (GuestId, GuestName, GuestAddress, IdentityCard, GuestType, UserName, PassWord) values (710, 'Melantha De Souza', '423 Mosinee Lane', '64-3660180', 1, 'mdejp', 'EBc4yQXY5');
insert into Guest (GuestId, GuestName, GuestAddress, IdentityCard, GuestType, UserName, PassWord) values (711, 'Brok Jaskowicz', '6 Esch Point', '73-6906808', 0, 'bjaskowiczjq', 'FRlgJT');
insert into Guest (GuestId, GuestName, GuestAddress, IdentityCard, GuestType, UserName, PassWord) values (712, 'Silvano Seres', '41660 Grayhawk Alley', '41-9655204', 0, 'sseresjr', 'plYa1X');
insert into Guest (GuestId, GuestName, GuestAddress, IdentityCard, GuestType, UserName, PassWord) values (713, 'Philippine Rainard', '5115 American Ash Point', '49-2263114', 1, 'prainardjs', 'uVCa2craa');
insert into Guest (GuestId, GuestName, GuestAddress, IdentityCard, GuestType, UserName, PassWord) values (714, 'Katy Kabos', '7 Judy Parkway', '48-2672807', 0, 'kkabosjt', 'jGKiad8Lg');
insert into Guest (GuestId, GuestName, GuestAddress, IdentityCard, GuestType, UserName, PassWord) values (715, 'Dorella MacConnal', '5 Elmside Alley', '52-7900812', 1, 'dmacconnalju', 'mnar83');
insert into Guest (GuestId, GuestName, GuestAddress, IdentityCard, GuestType, UserName, PassWord) values (716, 'Kimble Pelham', '768 Fairview Street', '42-3722102', 1, 'kpelhamjv', 'nwGBHJrfk1');
insert into Guest (GuestId, GuestName, GuestAddress, IdentityCard, GuestType, UserName, PassWord) values (717, 'Bail Metrick', '67 Derek Hill', '86-3830540', 1, 'bmetrickjw', 'uVWAWGAPgH');
insert into Guest (GuestId, GuestName, GuestAddress, IdentityCard, GuestType, UserName, PassWord) values (718, 'Ellsworth Pentin', '4854 Warrior Drive', '39-5540144', 1, 'epentinjx', 'eG6bfCVB');
insert into Guest (GuestId, GuestName, GuestAddress, IdentityCard, GuestType, UserName, PassWord) values (719, 'Shaylynn Daldan', '8524 Mcbride Hill', '05-9788471', 0, 'sdaldanjy', 'rc0Tm8b55tIY');
insert into Guest (GuestId, GuestName, GuestAddress, IdentityCard, GuestType, UserName, PassWord) values (720, 'Farlee Tolcher', '97 Kropf Junction', '76-1873999', 0, 'ftolcherjz', '2uKe57X8HkG2');
insert into Guest (GuestId, GuestName, GuestAddress, IdentityCard, GuestType, UserName, PassWord) values (721, 'Sarina Kliche', '6 Jana Plaza', '11-4608439', 0, 'sklichek0', 'zWdp8D');
insert into Guest (GuestId, GuestName, GuestAddress, IdentityCard, GuestType, UserName, PassWord) values (722, 'Clark Dhenin', '9482 Schlimgen Place', '18-1043914', 0, 'cdhenink1', 'bkvA9kdjWu');
insert into Guest (GuestId, GuestName, GuestAddress, IdentityCard, GuestType, UserName, PassWord) values (723, 'Daron Jira', '029 Drewry Parkway', '55-3427195', 1, 'djirak2', 'HQzBuAk');
insert into Guest (GuestId, GuestName, GuestAddress, IdentityCard, GuestType, UserName, PassWord) values (724, 'Marcelle Harley', '9273 Dryden Court', '63-3216985', 0, 'mharleyk3', 'PEzjk3Fk');
insert into Guest (GuestId, GuestName, GuestAddress, IdentityCard, GuestType, UserName, PassWord) values (725, 'Ellie Mateo', '84592 Johnson Street', '20-6490709', 1, 'emateok4', 'M22KY7Jv');
insert into Guest (GuestId, GuestName, GuestAddress, IdentityCard, GuestType, UserName, PassWord) values (726, 'Petronia Widdecombe', '3642 Cardinal Way', '60-7388767', 0, 'pwiddecombek5', 'NiHIcw67M');
insert into Guest (GuestId, GuestName, GuestAddress, IdentityCard, GuestType, UserName, PassWord) values (727, 'Tamarra Spawton', '21540 Harper Pass', '03-0751836', 0, 'tspawtonk6', 'GTl8JU');
insert into Guest (GuestId, GuestName, GuestAddress, IdentityCard, GuestType, UserName, PassWord) values (728, 'Adrian Darnody', '60 Hoffman Park', '49-2774341', 0, 'adarnodyk7', 'f3xXiAifEUl');
insert into Guest (GuestId, GuestName, GuestAddress, IdentityCard, GuestType, UserName, PassWord) values (729, 'Oliver Kunkel', '609 Old Shore Center', '03-9023413', 0, 'okunkelk8', 'ufRN8698W2');
insert into Guest (GuestId, GuestName, GuestAddress, IdentityCard, GuestType, UserName, PassWord) values (730, 'Rodrick Bier', '4470 Mayer Trail', '29-0900048', 0, 'rbierk9', 'qFKdssLUl');
insert into Guest (GuestId, GuestName, GuestAddress, IdentityCard, GuestType, UserName, PassWord) values (731, 'Tyson Kenn', '14 Eastlawn Lane', '84-6340066', 1, 'tkennka', '5KJSjLuGm');
insert into Guest (GuestId, GuestName, GuestAddress, IdentityCard, GuestType, UserName, PassWord) values (732, 'Aldis Gritland', '25 Hauk Crossing', '10-7891840', 1, 'agritlandkb', 'NCrP1ikxM');
insert into Guest (GuestId, GuestName, GuestAddress, IdentityCard, GuestType, UserName, PassWord) values (733, 'Sonja Fibbings', '00 Clove Street', '43-2702341', 1, 'sfibbingskc', 'VDBr58OyZfw');
insert into Guest (GuestId, GuestName, GuestAddress, IdentityCard, GuestType, UserName, PassWord) values (734, 'Oralla Dudley', '95 Linden Lane', '56-3066913', 1, 'odudleykd', 'Widh5t');
insert into Guest (GuestId, GuestName, GuestAddress, IdentityCard, GuestType, UserName, PassWord) values (735, 'Beck McDonough', '4976 Northridge Place', '54-5092897', 0, 'bmcdonoughke', 'fXLbh7bNmQ');
insert into Guest (GuestId, GuestName, GuestAddress, IdentityCard, GuestType, UserName, PassWord) values (736, 'Jeannie Florentine', '1167 Logan Junction', '36-1572750', 0, 'jflorentinekf', 'OQItc18Z9CGR');
insert into Guest (GuestId, GuestName, GuestAddress, IdentityCard, GuestType, UserName, PassWord) values (737, 'Sigismundo Bowker', '57 Bellgrove Parkway', '22-3753262', 1, 'sbowkerkg', 'oTheRksweprj');
insert into Guest (GuestId, GuestName, GuestAddress, IdentityCard, GuestType, UserName, PassWord) values (738, 'Emilie Slimming', '70 Welch Terrace', '08-1658435', 1, 'eslimmingkh', '1scddpd');
insert into Guest (GuestId, GuestName, GuestAddress, IdentityCard, GuestType, UserName, PassWord) values (739, 'Huntington Pennrington', '0597 West Junction', '56-7069545', 0, 'hpennringtonki', 'WeOz61jiPBzI');
insert into Guest (GuestId, GuestName, GuestAddress, IdentityCard, GuestType, UserName, PassWord) values (740, 'Devland Horsley', '3 Debs Parkway', '72-3037337', 0, 'dhorsleykj', 'vOIR0L8TuwGD');
insert into Guest (GuestId, GuestName, GuestAddress, IdentityCard, GuestType, UserName, PassWord) values (741, 'Georgie Aynscombe', '22237 Atwood Point', '85-1668811', 1, 'gaynscombekk', 'DEmD8f6');
insert into Guest (GuestId, GuestName, GuestAddress, IdentityCard, GuestType, UserName, PassWord) values (742, 'Marty Ivashev', '06674 Arrowood Circle', '92-6306054', 0, 'mivashevkl', 'TkAg64S1c');
insert into Guest (GuestId, GuestName, GuestAddress, IdentityCard, GuestType, UserName, PassWord) values (743, 'Marlo Cinderey', '2736 Lindbergh Road', '34-1567468', 1, 'mcindereykm', 'iNQcZRiL7S');
insert into Guest (GuestId, GuestName, GuestAddress, IdentityCard, GuestType, UserName, PassWord) values (744, 'Orren Lindemann', '0488 Shoshone Road', '03-0047018', 1, 'olindemannkn', 'dYNnhHjGHIS');
insert into Guest (GuestId, GuestName, GuestAddress, IdentityCard, GuestType, UserName, PassWord) values (745, 'Rosalie Cartledge', '896 Huxley Place', '01-9207914', 1, 'rcartledgeko', 'IV24awqIeS');
insert into Guest (GuestId, GuestName, GuestAddress, IdentityCard, GuestType, UserName, PassWord) values (746, 'Happy Horder', '51 Westport Court', '24-3825632', 1, 'hhorderkp', 'OkqVDnv2yG');
insert into Guest (GuestId, GuestName, GuestAddress, IdentityCard, GuestType, UserName, PassWord) values (747, 'Albie Manoch', '26 Karstens Terrace', '56-2385409', 1, 'amanochkq', 'vO2hn3c7o');
insert into Guest (GuestId, GuestName, GuestAddress, IdentityCard, GuestType, UserName, PassWord) values (748, 'Darbee Gunningham', '11 Calypso Court', '94-9938573', 1, 'dgunninghamkr', 'BpIKzHYH');
insert into Guest (GuestId, GuestName, GuestAddress, IdentityCard, GuestType, UserName, PassWord) values (749, 'Antonella Keetley', '875 Cottonwood Drive', '13-0368712', 1, 'akeetleyks', 'E0R5Wwi');
insert into Guest (GuestId, GuestName, GuestAddress, IdentityCard, GuestType, UserName, PassWord) values (750, 'Jean Coutts', '49904 Katie Center', '82-3831941', 1, 'jcouttskt', 'uRYiTbZJq');
insert into Guest (GuestId, GuestName, GuestAddress, IdentityCard, GuestType, UserName, PassWord) values (751, 'Johny Albasini', '768 Melvin Pass', '68-2874503', 1, 'jalbasiniku', 'QJkqRGCRlwyl');
insert into Guest (GuestId, GuestName, GuestAddress, IdentityCard, GuestType, UserName, PassWord) values (752, 'Steffi Keelinge', '81 Delaware Junction', '37-6219275', 1, 'skeelingekv', '2rqtO8FZwLO9');
insert into Guest (GuestId, GuestName, GuestAddress, IdentityCard, GuestType, UserName, PassWord) values (753, 'Rosabella Vuittet', '35 Memorial Center', '64-9202701', 1, 'rvuittetkw', 'YrQFyIjpia');
insert into Guest (GuestId, GuestName, GuestAddress, IdentityCard, GuestType, UserName, PassWord) values (754, 'Rriocard Stranger', '3 Ridgeway Point', '56-6694971', 0, 'rstrangerkx', '8l5KAI');
insert into Guest (GuestId, GuestName, GuestAddress, IdentityCard, GuestType, UserName, PassWord) values (755, 'Tabatha Douthwaite', '970 Summit Center', '47-3649751', 0, 'tdouthwaiteky', 'oyOVgF8r');
insert into Guest (GuestId, GuestName, GuestAddress, IdentityCard, GuestType, UserName, PassWord) values (756, 'Neron Hacquard', '1028 Haas Drive', '48-0958275', 0, 'nhacquardkz', 'cvJUNH6mEPZp');
insert into Guest (GuestId, GuestName, GuestAddress, IdentityCard, GuestType, UserName, PassWord) values (757, 'Tamar Gounin', '3 Monterey Alley', '58-7328564', 0, 'tgouninl0', 'fpiTVWzO');
insert into Guest (GuestId, GuestName, GuestAddress, IdentityCard, GuestType, UserName, PassWord) values (758, 'Constancia Clowney', '1 Brown Circle', '10-4870495', 1, 'cclowneyl1', 'nuFRvwoi7CCl');
insert into Guest (GuestId, GuestName, GuestAddress, IdentityCard, GuestType, UserName, PassWord) values (759, 'Peg Von Welden', '31079 Green Drive', '26-8987426', 1, 'pvonl2', 'qe3JcFD3C6');
insert into Guest (GuestId, GuestName, GuestAddress, IdentityCard, GuestType, UserName, PassWord) values (760, 'Yuri Wibrow', '17556 Burrows Park', '98-5134167', 1, 'ywibrowl3', 'HVuZNCM');
insert into Guest (GuestId, GuestName, GuestAddress, IdentityCard, GuestType, UserName, PassWord) values (761, 'Jenn Belvin', '23 Bultman Terrace', '28-5324086', 0, 'jbelvinl4', 'Ak7OgPUpAvn0');
insert into Guest (GuestId, GuestName, GuestAddress, IdentityCard, GuestType, UserName, PassWord) values (762, 'Timofei Karpfen', '0661 Westend Junction', '29-7845315', 1, 'tkarpfenl5', 'nVuJb1ovd');
insert into Guest (GuestId, GuestName, GuestAddress, IdentityCard, GuestType, UserName, PassWord) values (763, 'Gaven Rubartelli', '7 Service Circle', '82-5883146', 1, 'grubartellil6', 'KcmkN0H');
insert into Guest (GuestId, GuestName, GuestAddress, IdentityCard, GuestType, UserName, PassWord) values (764, 'Thea Shasnan', '6143 North Parkway', '69-5132270', 0, 'tshasnanl7', 'tar88h');
insert into Guest (GuestId, GuestName, GuestAddress, IdentityCard, GuestType, UserName, PassWord) values (765, 'Niels Bart', '76003 Laurel Road', '70-2222201', 1, 'nbartl8', 'FpAQzZX');
insert into Guest (GuestId, GuestName, GuestAddress, IdentityCard, GuestType, UserName, PassWord) values (766, 'Miguela Coppock.', '696 Thompson Way', '29-5370130', 0, 'mcoppockl9', 'ZeQC7J5h');
insert into Guest (GuestId, GuestName, GuestAddress, IdentityCard, GuestType, UserName, PassWord) values (767, 'Nat Chrispin', '05900 Loomis Crossing', '24-6374792', 1, 'nchrispinla', '1wW2bDx6ew');
insert into Guest (GuestId, GuestName, GuestAddress, IdentityCard, GuestType, UserName, PassWord) values (768, 'Brew MacAleese', '67218 Dixon Place', '25-3600535', 1, 'bmacaleeselb', '1vl56VPC');
insert into Guest (GuestId, GuestName, GuestAddress, IdentityCard, GuestType, UserName, PassWord) values (769, 'Aeriell Muckle', '02 Loftsgordon Point', '13-9558006', 1, 'amucklelc', 'GFWvYjEKy9');
insert into Guest (GuestId, GuestName, GuestAddress, IdentityCard, GuestType, UserName, PassWord) values (770, 'Latrena Fryer', '8 1st Street', '86-9897222', 1, 'lfryerld', 'QhmYlhxor');
insert into Guest (GuestId, GuestName, GuestAddress, IdentityCard, GuestType, UserName, PassWord) values (771, 'Stevana Killick', '84 Saint Paul Street', '59-5544032', 1, 'skillickle', 'K3xsJI');
insert into Guest (GuestId, GuestName, GuestAddress, IdentityCard, GuestType, UserName, PassWord) values (772, 'Bar Papworth', '7 Ohio Alley', '98-5252948', 1, 'bpapworthlf', 'jAW1WH');
insert into Guest (GuestId, GuestName, GuestAddress, IdentityCard, GuestType, UserName, PassWord) values (773, 'Emmit Embery', '097 Victoria Lane', '24-8068961', 1, 'eemberylg', 'cgj8fOvlTc');
insert into Guest (GuestId, GuestName, GuestAddress, IdentityCard, GuestType, UserName, PassWord) values (774, 'Raviv Valek', '28 Russell Place', '49-9492071', 0, 'rvaleklh', 'n9YO1bfa7');
insert into Guest (GuestId, GuestName, GuestAddress, IdentityCard, GuestType, UserName, PassWord) values (775, 'Angeline Suttie', '8 Straubel Terrace', '68-1485212', 1, 'asuttieli', 'p2zDYl');
insert into Guest (GuestId, GuestName, GuestAddress, IdentityCard, GuestType, UserName, PassWord) values (776, 'Enrichetta Antoniottii', '96823 Clyde Gallagher Street', '52-4465769', 1, 'eantoniottiilj', 'gBTBmQi6');
insert into Guest (GuestId, GuestName, GuestAddress, IdentityCard, GuestType, UserName, PassWord) values (777, 'Parnell Willoughby', '71731 Helena Parkway', '48-1968423', 0, 'pwilloughbylk', 'B9FCvW4');
insert into Guest (GuestId, GuestName, GuestAddress, IdentityCard, GuestType, UserName, PassWord) values (778, 'Cayla Dulake', '02339 6th Way', '21-4333723', 0, 'cdulakell', 'KBzwvK20BmN');
insert into Guest (GuestId, GuestName, GuestAddress, IdentityCard, GuestType, UserName, PassWord) values (779, 'Eamon Hassett', '8 Oneill Way', '98-9647134', 1, 'ehassettlm', 'JTisBLy8LVOO');
insert into Guest (GuestId, GuestName, GuestAddress, IdentityCard, GuestType, UserName, PassWord) values (780, 'Justine Brisse', '082 Crest Line Crossing', '68-6586924', 1, 'jbrisseln', 'dEqPOYcoc6gi');
insert into Guest (GuestId, GuestName, GuestAddress, IdentityCard, GuestType, UserName, PassWord) values (781, 'Vincents Bohler', '09859 Hooker Center', '75-5786407', 0, 'vbohlerlo', 'POBnuh7nOeoD');
insert into Guest (GuestId, GuestName, GuestAddress, IdentityCard, GuestType, UserName, PassWord) values (782, 'Dalis Speeks', '98369 Aberg Pass', '71-3584176', 1, 'dspeekslp', '9qf9WjUVo');
insert into Guest (GuestId, GuestName, GuestAddress, IdentityCard, GuestType, UserName, PassWord) values (783, 'Juana Graeser', '8701 Magdeline Point', '98-1598455', 0, 'jgraeserlq', 'BbJvxgceYQ');
insert into Guest (GuestId, GuestName, GuestAddress, IdentityCard, GuestType, UserName, PassWord) values (784, 'Luci Dunphie', '11720 Lunder Court', '26-9071378', 0, 'ldunphielr', '7Grcf7aq');
insert into Guest (GuestId, GuestName, GuestAddress, IdentityCard, GuestType, UserName, PassWord) values (785, 'Jean Verney', '674 Talmadge Park', '38-1863250', 1, 'jverneyls', 'YbIX1furtTHt');
insert into Guest (GuestId, GuestName, GuestAddress, IdentityCard, GuestType, UserName, PassWord) values (786, 'Cam Ronisch', '92 Walton Center', '82-4434981', 1, 'cronischlt', 'VzNYy0BqkVo');
insert into Guest (GuestId, GuestName, GuestAddress, IdentityCard, GuestType, UserName, PassWord) values (787, 'Any Thorrington', '58176 South Center', '94-3847338', 0, 'athorringtonlu', 's3e1rq');
insert into Guest (GuestId, GuestName, GuestAddress, IdentityCard, GuestType, UserName, PassWord) values (788, 'Conny Simonot', '87299 Shelley Point', '31-6520374', 0, 'csimonotlv', 'ipudohNt2');
insert into Guest (GuestId, GuestName, GuestAddress, IdentityCard, GuestType, UserName, PassWord) values (789, 'Waverley Muzzollo', '418 Arrowood Street', '25-6850539', 1, 'wmuzzollolw', 'VlDF9LE5');
insert into Guest (GuestId, GuestName, GuestAddress, IdentityCard, GuestType, UserName, PassWord) values (790, 'Sallee Raittie', '59 Clemons Circle', '83-0040062', 1, 'sraittielx', 'fbWuFQ3fVr');
insert into Guest (GuestId, GuestName, GuestAddress, IdentityCard, GuestType, UserName, PassWord) values (791, 'Bili De Bernardis', '37 Nancy Terrace', '40-3588341', 1, 'bdely', 'v2hKcM6');
insert into Guest (GuestId, GuestName, GuestAddress, IdentityCard, GuestType, UserName, PassWord) values (792, 'Edvard McCreery', '463 Sachs Place', '09-9226576', 1, 'emccreerylz', 'ZnHigXJ');
insert into Guest (GuestId, GuestName, GuestAddress, IdentityCard, GuestType, UserName, PassWord) values (793, 'Goldarina Bassill', '0 Golf View Center', '11-9566781', 0, 'gbassillm0', 'oYG7WSo9UyVV');
insert into Guest (GuestId, GuestName, GuestAddress, IdentityCard, GuestType, UserName, PassWord) values (794, 'Farr Robel', '948 Ludington Alley', '13-2730329', 1, 'frobelm1', '9kJxELMwP');
insert into Guest (GuestId, GuestName, GuestAddress, IdentityCard, GuestType, UserName, PassWord) values (795, 'Cinderella Clowser', '588 Sauthoff Plaza', '73-2406770', 1, 'cclowserm2', 'bFV0Cuk8qa');
insert into Guest (GuestId, GuestName, GuestAddress, IdentityCard, GuestType, UserName, PassWord) values (796, 'Candide Heimann', '6165 Shoshone Place', '60-5716644', 1, 'cheimannm3', 'GyiuXrV9p');
insert into Guest (GuestId, GuestName, GuestAddress, IdentityCard, GuestType, UserName, PassWord) values (797, 'Ansley Rodder', '54269 Moose Place', '68-7735046', 0, 'arodderm4', '6asIfA5pc20');
insert into Guest (GuestId, GuestName, GuestAddress, IdentityCard, GuestType, UserName, PassWord) values (798, 'Raviv Baker', '17722 Maple Wood Center', '47-8230037', 1, 'rbakerm5', 'qvsgRRIA2ww');
insert into Guest (GuestId, GuestName, GuestAddress, IdentityCard, GuestType, UserName, PassWord) values (799, 'Selby Brosoli', '04991 Doe Crossing Drive', '45-3442237', 0, 'sbrosolim6', 'CBwTcCMz');
insert into Guest (GuestId, GuestName, GuestAddress, IdentityCard, GuestType, UserName, PassWord) values (800, 'Melisent Greson', '08376 Meadow Ridge Circle', '06-9718961', 1, 'mgresonm7', 'k4sZP5x');
insert into Guest (GuestId, GuestName, GuestAddress, IdentityCard, GuestType, UserName, PassWord) values (801, 'Kira Ponnsett', '7 Dwight Point', '59-0899045', 1, 'kponnsettm8', 'SatdjN');
insert into Guest (GuestId, GuestName, GuestAddress, IdentityCard, GuestType, UserName, PassWord) values (802, 'Jillene Whitta', '9268 Mccormick Lane', '52-2030418', 0, 'jwhittam9', 'LO094BdH2YB');
insert into Guest (GuestId, GuestName, GuestAddress, IdentityCard, GuestType, UserName, PassWord) values (803, 'Carmelita Lionel', '63505 Center Crossing', '24-6606167', 1, 'clionelma', 'hamuDM');
insert into Guest (GuestId, GuestName, GuestAddress, IdentityCard, GuestType, UserName, PassWord) values (804, 'Celka Rossey', '950 Saint Paul Place', '41-0771442', 1, 'crosseymb', 'yTBjjBeDEFPW');
insert into Guest (GuestId, GuestName, GuestAddress, IdentityCard, GuestType, UserName, PassWord) values (805, 'Rhodia Gaule', '1146 Talisman Lane', '14-9421228', 1, 'rgaulemc', 'LfyCpJj');
insert into Guest (GuestId, GuestName, GuestAddress, IdentityCard, GuestType, UserName, PassWord) values (806, 'Kerrill Fowkes', '684 Heffernan Court', '11-1353706', 0, 'kfowkesmd', 'FiIRkwNcD');
insert into Guest (GuestId, GuestName, GuestAddress, IdentityCard, GuestType, UserName, PassWord) values (807, 'Brigg Ryan', '8 Cherokee Park', '91-6990641', 1, 'bryanme', '46E2fr2TNiAp');
insert into Guest (GuestId, GuestName, GuestAddress, IdentityCard, GuestType, UserName, PassWord) values (808, 'Ninnette Okenden', '0 Shopko Place', '10-5223831', 1, 'nokendenmf', 'f7ltOCW51B');
insert into Guest (GuestId, GuestName, GuestAddress, IdentityCard, GuestType, UserName, PassWord) values (809, 'Rona Adan', '9 Anniversary Point', '61-9508030', 0, 'radanmg', 'g0Jly0w');
insert into Guest (GuestId, GuestName, GuestAddress, IdentityCard, GuestType, UserName, PassWord) values (810, 'Coral Eul', '8687 Talisman Junction', '61-1688577', 0, 'ceulmh', 'yEAH6Pthwt');
insert into Guest (GuestId, GuestName, GuestAddress, IdentityCard, GuestType, UserName, PassWord) values (811, 'Ermanno Bellwood', '7 Fair Oaks Plaza', '32-8013325', 0, 'ebellwoodmi', '90h2cxUT7');
insert into Guest (GuestId, GuestName, GuestAddress, IdentityCard, GuestType, UserName, PassWord) values (812, 'Sergei Bachelor', '891 Lotheville Parkway', '41-5848152', 0, 'sbachelormj', 'XL4goJ');
insert into Guest (GuestId, GuestName, GuestAddress, IdentityCard, GuestType, UserName, PassWord) values (813, 'Beverley Lanktree', '03 Warner Terrace', '60-4768075', 1, 'blanktreemk', '7Ppzo14YC');
insert into Guest (GuestId, GuestName, GuestAddress, IdentityCard, GuestType, UserName, PassWord) values (814, 'Milissent Peirce', '169 Sundown Road', '81-4044683', 0, 'mpeirceml', 'yLuMIi');
insert into Guest (GuestId, GuestName, GuestAddress, IdentityCard, GuestType, UserName, PassWord) values (815, 'Obadias Manclark', '6 La Follette Street', '06-6788711', 1, 'omanclarkmm', 'vhsQTReQ');
insert into Guest (GuestId, GuestName, GuestAddress, IdentityCard, GuestType, UserName, PassWord) values (816, 'Culver Scurr', '570 Mifflin Park', '54-9163649', 0, 'cscurrmn', 'JoKAKrkwdza5');
insert into Guest (GuestId, GuestName, GuestAddress, IdentityCard, GuestType, UserName, PassWord) values (817, 'Kevon Pley', '9 Mallard Court', '22-9903367', 0, 'kpleymo', 'vM7d6i4s6BV');
insert into Guest (GuestId, GuestName, GuestAddress, IdentityCard, GuestType, UserName, PassWord) values (818, 'Zebulen Eliasen', '14032 Coolidge Drive', '18-7623172', 1, 'zeliasenmp', 'qcbRmJvVx');
insert into Guest (GuestId, GuestName, GuestAddress, IdentityCard, GuestType, UserName, PassWord) values (819, 'Mordy Sedgebeer', '8211 Rieder Center', '64-6160934', 0, 'msedgebeermq', 'dGiy84A');
insert into Guest (GuestId, GuestName, GuestAddress, IdentityCard, GuestType, UserName, PassWord) values (820, 'Alon Witch', '12 Sycamore Way', '99-3668931', 0, 'awitchmr', '5OKTNhQIUNN');
insert into Guest (GuestId, GuestName, GuestAddress, IdentityCard, GuestType, UserName, PassWord) values (821, 'Harland Kidd', '07235 Lunder Drive', '62-4561927', 1, 'hkiddms', 'MFdsUnvHPunP');
insert into Guest (GuestId, GuestName, GuestAddress, IdentityCard, GuestType, UserName, PassWord) values (822, 'Gussi Korfmann', '38799 Lawn Crossing', '09-5610508', 0, 'gkorfmannmt', '8waqJO4ZKkBx');
insert into Guest (GuestId, GuestName, GuestAddress, IdentityCard, GuestType, UserName, PassWord) values (823, 'Faye Olenichev', '5 Helena Road', '93-7469351', 1, 'folenichevmu', 'P8Cifr7');
insert into Guest (GuestId, GuestName, GuestAddress, IdentityCard, GuestType, UserName, PassWord) values (824, 'Jules Hothersall', '2965 Eagan Lane', '95-6704499', 0, 'jhothersallmv', 'NFIH1vc6s');
insert into Guest (GuestId, GuestName, GuestAddress, IdentityCard, GuestType, UserName, PassWord) values (825, 'Feliza Gewer', '5 Drewry Place', '70-0809328', 1, 'fgewermw', 'ltydGBuFdv');
insert into Guest (GuestId, GuestName, GuestAddress, IdentityCard, GuestType, UserName, PassWord) values (826, 'Consuelo Lawford', '00 Sullivan Crossing', '50-1426877', 1, 'clawfordmx', '4MiPVt');
insert into Guest (GuestId, GuestName, GuestAddress, IdentityCard, GuestType, UserName, PassWord) values (827, 'Mattie Trowl', '04334 Pawling Park', '73-3233116', 0, 'mtrowlmy', '3U51vKn');
insert into Guest (GuestId, GuestName, GuestAddress, IdentityCard, GuestType, UserName, PassWord) values (828, 'Tally Humphries', '1 Cascade Court', '51-0730993', 0, 'thumphriesmz', '7cZlc3');
insert into Guest (GuestId, GuestName, GuestAddress, IdentityCard, GuestType, UserName, PassWord) values (829, 'Courtney Rentoll', '0218 Meadow Ridge Street', '35-8144205', 0, 'crentolln0', 'HKpp9zfbj');
insert into Guest (GuestId, GuestName, GuestAddress, IdentityCard, GuestType, UserName, PassWord) values (830, 'Emmery Volett', '79665 Logan Alley', '40-9423366', 1, 'evolettn1', 'N7qkmzCtN');
insert into Guest (GuestId, GuestName, GuestAddress, IdentityCard, GuestType, UserName, PassWord) values (831, 'Mace Joskowitz', '03 Tennyson Circle', '51-3102677', 0, 'mjoskowitzn2', 'NJIIWTgSeR');
insert into Guest (GuestId, GuestName, GuestAddress, IdentityCard, GuestType, UserName, PassWord) values (832, 'Hailee Hyett', '54574 Summer Ridge Junction', '37-1813988', 0, 'hhyettn3', 'eeZq4LYHEL4');
insert into Guest (GuestId, GuestName, GuestAddress, IdentityCard, GuestType, UserName, PassWord) values (833, 'Meredith Ironside', '3088 Dawn Point', '39-2214233', 1, 'mironsiden4', 'eOMWnQb');
insert into Guest (GuestId, GuestName, GuestAddress, IdentityCard, GuestType, UserName, PassWord) values (834, 'Ashton Dael', '34 Caliangt Road', '99-9506624', 0, 'adaeln5', 'Dp2Mei9');
insert into Guest (GuestId, GuestName, GuestAddress, IdentityCard, GuestType, UserName, PassWord) values (835, 'Karin Brian', '57574 Ridge Oak Junction', '09-0131107', 1, 'kbriann6', '0l0DUw4UqwOp');
insert into Guest (GuestId, GuestName, GuestAddress, IdentityCard, GuestType, UserName, PassWord) values (836, 'Alasdair Lettuce', '015 Green Ridge Junction', '51-0637313', 1, 'alettucen7', 'Q4htdnmpPw6l');
insert into Guest (GuestId, GuestName, GuestAddress, IdentityCard, GuestType, UserName, PassWord) values (837, 'Carolina Dummett', '01987 Riverside Road', '83-6847812', 0, 'cdummettn8', 'eNo29zC9YxS8');
insert into Guest (GuestId, GuestName, GuestAddress, IdentityCard, GuestType, UserName, PassWord) values (838, 'Lucinda Jina', '3216 Nancy Street', '28-9701083', 0, 'ljinan9', 'Kqqj4nFTv9');
insert into Guest (GuestId, GuestName, GuestAddress, IdentityCard, GuestType, UserName, PassWord) values (839, 'Gennie Fenemore', '80737 Montana Way', '66-4681823', 1, 'gfenemorena', 'wrJ0PAkma');
insert into Guest (GuestId, GuestName, GuestAddress, IdentityCard, GuestType, UserName, PassWord) values (840, 'Randy Waldram', '67195 Menomonie Circle', '00-3803771', 1, 'rwaldramnb', '4j1TZz');
insert into Guest (GuestId, GuestName, GuestAddress, IdentityCard, GuestType, UserName, PassWord) values (841, 'Giulietta Ville', '98 Village Drive', '96-3420265', 1, 'gvillenc', 'RN3nb9vMTtix');
insert into Guest (GuestId, GuestName, GuestAddress, IdentityCard, GuestType, UserName, PassWord) values (842, 'Melosa Figgins', '63921 Morning Trail', '80-0361468', 1, 'mfigginsnd', 'EOBeJsz8yYYP');
insert into Guest (GuestId, GuestName, GuestAddress, IdentityCard, GuestType, UserName, PassWord) values (843, 'King Jansie', '8580 South Avenue', '80-1756365', 1, 'kjansiene', 'CHJ1OFDi');
insert into Guest (GuestId, GuestName, GuestAddress, IdentityCard, GuestType, UserName, PassWord) values (844, 'Georgie Bencher', '8100 Logan Park', '60-9011813', 0, 'gbenchernf', 'cgyUpBTWl');
insert into Guest (GuestId, GuestName, GuestAddress, IdentityCard, GuestType, UserName, PassWord) values (845, 'Xymenes Robbs', '078 Sullivan Trail', '15-7142175', 0, 'xrobbsng', 'mhvSC7dDO');
insert into Guest (GuestId, GuestName, GuestAddress, IdentityCard, GuestType, UserName, PassWord) values (846, 'Catlee Burtwhistle', '6 Chinook Street', '99-0753166', 1, 'cburtwhistlenh', 'EerFHixN2');
insert into Guest (GuestId, GuestName, GuestAddress, IdentityCard, GuestType, UserName, PassWord) values (847, 'Janeczka O''Currane', '8 Truax Park', '04-4482680', 0, 'jocurraneni', 'LZBY8nN');
insert into Guest (GuestId, GuestName, GuestAddress, IdentityCard, GuestType, UserName, PassWord) values (848, 'Laetitia Gregore', '10311 Mandrake Terrace', '45-7656290', 1, 'lgregorenj', 'aZzaDnl');
insert into Guest (GuestId, GuestName, GuestAddress, IdentityCard, GuestType, UserName, PassWord) values (849, 'Jodi Schurcke', '24 Lerdahl Circle', '99-4880773', 0, 'jschurckenk', 'aXHf7NWS8hy');
insert into Guest (GuestId, GuestName, GuestAddress, IdentityCard, GuestType, UserName, PassWord) values (850, 'Britte Fairholme', '5439 Ludington Terrace', '10-7227678', 1, 'bfairholmenl', 'nZ8dCZ');
insert into Guest (GuestId, GuestName, GuestAddress, IdentityCard, GuestType, UserName, PassWord) values (851, 'Clementius Eyers', '8837 Hovde Plaza', '75-3967785', 1, 'ceyersnm', 'XeXIRXRl16');
insert into Guest (GuestId, GuestName, GuestAddress, IdentityCard, GuestType, UserName, PassWord) values (852, 'Winfred Maleham', '1127 Westridge Alley', '78-4281708', 0, 'wmalehamnn', 'y4L6xtktS2M');
insert into Guest (GuestId, GuestName, GuestAddress, IdentityCard, GuestType, UserName, PassWord) values (853, 'Gwennie Pillman', '325 Sommers Way', '82-6812115', 1, 'gpillmanno', 'mg1xV4cw');
insert into Guest (GuestId, GuestName, GuestAddress, IdentityCard, GuestType, UserName, PassWord) values (854, 'Averell McNickle', '2420 Doe Crossing Point', '63-0979368', 1, 'amcnicklenp', '5wLCyD0SClBq');
insert into Guest (GuestId, GuestName, GuestAddress, IdentityCard, GuestType, UserName, PassWord) values (855, 'Nara Ramalhete', '71 Knutson Junction', '12-3908648', 1, 'nramalhetenq', 'FDwsI3qHj7mK');
insert into Guest (GuestId, GuestName, GuestAddress, IdentityCard, GuestType, UserName, PassWord) values (856, 'Jean Martignoni', '0266 Hansons Lane', '40-1418202', 1, 'jmartignoninr', 'nG9AneP7u');
insert into Guest (GuestId, GuestName, GuestAddress, IdentityCard, GuestType, UserName, PassWord) values (857, 'Augusto Poundford', '43 Texas Parkway', '62-1056844', 1, 'apoundfordns', '5bzwUNADPM');
insert into Guest (GuestId, GuestName, GuestAddress, IdentityCard, GuestType, UserName, PassWord) values (858, 'Audrye Fidgin', '544 Kim Place', '41-0047608', 0, 'afidginnt', 'xF4TmQhPfRri');
insert into Guest (GuestId, GuestName, GuestAddress, IdentityCard, GuestType, UserName, PassWord) values (859, 'Skyler Orto', '8615 Northport Place', '50-0932202', 0, 'sortonu', '7dFppqqjpN');
insert into Guest (GuestId, GuestName, GuestAddress, IdentityCard, GuestType, UserName, PassWord) values (860, 'Alessandra Reichartz', '28 Laurel Terrace', '66-7708789', 1, 'areichartznv', 'hU0dLjQ');
insert into Guest (GuestId, GuestName, GuestAddress, IdentityCard, GuestType, UserName, PassWord) values (861, 'Joleen Portis', '7 Mendota Parkway', '22-2523092', 1, 'jportisnw', 'gwNngjhd');
insert into Guest (GuestId, GuestName, GuestAddress, IdentityCard, GuestType, UserName, PassWord) values (862, 'Cassandre Scipsey', '215 Ridgeview Center', '39-9450321', 0, 'cscipseynx', 'n78U7w50prM7');
insert into Guest (GuestId, GuestName, GuestAddress, IdentityCard, GuestType, UserName, PassWord) values (863, 'Hervey Annatt', '3 Marquette Lane', '46-9677712', 0, 'hannattny', '9dUMELvYJ');
insert into Guest (GuestId, GuestName, GuestAddress, IdentityCard, GuestType, UserName, PassWord) values (864, 'Carlota Crookshanks', '05 Petterle Hill', '62-7361826', 0, 'ccrookshanksnz', 'p5P0BN85FEqd');
insert into Guest (GuestId, GuestName, GuestAddress, IdentityCard, GuestType, UserName, PassWord) values (865, 'Maximilianus Hadden', '35079 Londonderry Lane', '33-3362455', 1, 'mhaddeno0', 'NaISkg');
insert into Guest (GuestId, GuestName, GuestAddress, IdentityCard, GuestType, UserName, PassWord) values (866, 'Pen Sandison', '272 Hauk Trail', '76-2462060', 0, 'psandisono1', 'kHWHigpmOHg9');
insert into Guest (GuestId, GuestName, GuestAddress, IdentityCard, GuestType, UserName, PassWord) values (867, 'Robinet Branscomb', '39285 Shopko Street', '26-9053799', 0, 'rbranscombo2', 'cFTKi3gV7');
insert into Guest (GuestId, GuestName, GuestAddress, IdentityCard, GuestType, UserName, PassWord) values (868, 'Lethia De Vile', '62987 Arapahoe Junction', '13-9298945', 0, 'ldeo3', 'IYbdfu');
insert into Guest (GuestId, GuestName, GuestAddress, IdentityCard, GuestType, UserName, PassWord) values (869, 'Tally Neiland', '6108 Fairview Parkway', '53-7734850', 0, 'tneilando4', '4A9f2VV33pMj');
insert into Guest (GuestId, GuestName, GuestAddress, IdentityCard, GuestType, UserName, PassWord) values (870, 'Anatole Roberti', '83839 Bobwhite Center', '54-2660559', 0, 'arobertio5', 'pSoVig3IGK');
insert into Guest (GuestId, GuestName, GuestAddress, IdentityCard, GuestType, UserName, PassWord) values (871, 'Alva Meech', '30 Corscot Court', '43-2017283', 1, 'ameecho6', 'nUDKREpCtr');
insert into Guest (GuestId, GuestName, GuestAddress, IdentityCard, GuestType, UserName, PassWord) values (872, 'Silvie Jakobssen', '03 Trailsway Way', '33-2408058', 0, 'sjakobsseno7', 'D9yjJAnj');
insert into Guest (GuestId, GuestName, GuestAddress, IdentityCard, GuestType, UserName, PassWord) values (873, 'Quinn Bradnick', '9 Northwestern Street', '76-9136730', 1, 'qbradnicko8', '9Q7QtfBtE');
insert into Guest (GuestId, GuestName, GuestAddress, IdentityCard, GuestType, UserName, PassWord) values (874, 'Pebrook Hoffman', '66326 Express Trail', '00-4049884', 1, 'phoffmano9', 'b4Kl74N9GVv');
insert into Guest (GuestId, GuestName, GuestAddress, IdentityCard, GuestType, UserName, PassWord) values (875, 'Joleen Ecob', '0894 Del Mar Junction', '35-6947091', 0, 'jecoboa', 'S22Zuxo');
insert into Guest (GuestId, GuestName, GuestAddress, IdentityCard, GuestType, UserName, PassWord) values (876, 'Kaycee Attoc', '58 Thompson Hill', '34-1636218', 0, 'kattocob', 'mIwLhu1');
insert into Guest (GuestId, GuestName, GuestAddress, IdentityCard, GuestType, UserName, PassWord) values (877, 'Glen Robic', '5940 Pine View Pass', '70-4266547', 0, 'grobicoc', 'aTtPoIx7m0KM');
insert into Guest (GuestId, GuestName, GuestAddress, IdentityCard, GuestType, UserName, PassWord) values (878, 'Deanne Lowin', '7 Blue Bill Park Junction', '67-4942674', 0, 'dlowinod', 'Yf4QbzX2P');
insert into Guest (GuestId, GuestName, GuestAddress, IdentityCard, GuestType, UserName, PassWord) values (879, 'Jeffy Hellard', '7 Vahlen Hill', '44-6036978', 0, 'jhellardoe', 'gJeJI9SYaf');
insert into Guest (GuestId, GuestName, GuestAddress, IdentityCard, GuestType, UserName, PassWord) values (880, 'Redford Soffe', '64 Gateway Terrace', '23-9327536', 1, 'rsoffeof', 'R6D19IVri');
insert into Guest (GuestId, GuestName, GuestAddress, IdentityCard, GuestType, UserName, PassWord) values (881, 'Garik Bessett', '6308 Buena Vista Crossing', '05-3013943', 1, 'gbessettog', 'sq0XLMlNjKq');
insert into Guest (GuestId, GuestName, GuestAddress, IdentityCard, GuestType, UserName, PassWord) values (882, 'Rikki Joost', '39015 Badeau Avenue', '28-8435563', 0, 'rjoostoh', 'zSUzXgzg');
insert into Guest (GuestId, GuestName, GuestAddress, IdentityCard, GuestType, UserName, PassWord) values (883, 'Massimo McQuilliam', '88 Heffernan Point', '66-8065825', 0, 'mmcquilliamoi', 'JeAL58zy');
insert into Guest (GuestId, GuestName, GuestAddress, IdentityCard, GuestType, UserName, PassWord) values (884, 'Perry Heinsh', '2013 Sachtjen Parkway', '66-2701663', 0, 'pheinshoj', 'A3p0dhOS');
insert into Guest (GuestId, GuestName, GuestAddress, IdentityCard, GuestType, UserName, PassWord) values (885, 'Helenka Pidgin', '2268 Lien Park', '87-7445687', 1, 'hpidginok', '4nQwwMrf');
insert into Guest (GuestId, GuestName, GuestAddress, IdentityCard, GuestType, UserName, PassWord) values (886, 'Deloris Knowler', '54733 Mandrake Terrace', '65-3901057', 1, 'dknowlerol', '6FR6WFLvYm');
insert into Guest (GuestId, GuestName, GuestAddress, IdentityCard, GuestType, UserName, PassWord) values (887, 'Binny Sherme', '0199 Londonderry Hill', '52-1509007', 1, 'bshermeom', 'LfVZNzoUi');
insert into Guest (GuestId, GuestName, GuestAddress, IdentityCard, GuestType, UserName, PassWord) values (888, 'Randa MacMoyer', '52044 Valley Edge Parkway', '33-7748971', 0, 'rmacmoyeron', '6Fuhw6y5Cj');
insert into Guest (GuestId, GuestName, GuestAddress, IdentityCard, GuestType, UserName, PassWord) values (889, 'Rodney Padefield', '6 Bashford Trail', '84-6241320', 0, 'rpadefieldoo', 'f7sMxKjlqJUf');
insert into Guest (GuestId, GuestName, GuestAddress, IdentityCard, GuestType, UserName, PassWord) values (890, 'Geri Padly', '410 Red Cloud Place', '58-7296060', 0, 'gpadlyop', 'pxFd7SGpE');
insert into Guest (GuestId, GuestName, GuestAddress, IdentityCard, GuestType, UserName, PassWord) values (891, 'Deloris Braime', '610 Maryland Hill', '03-4172973', 1, 'dbraimeoq', 'Vuo8kXcqg1');
insert into Guest (GuestId, GuestName, GuestAddress, IdentityCard, GuestType, UserName, PassWord) values (892, 'Robbin Schwander', '95 Hooker Point', '16-3528871', 1, 'rschwanderor', '9s96LJUmBBXB');
insert into Guest (GuestId, GuestName, GuestAddress, IdentityCard, GuestType, UserName, PassWord) values (893, 'Catharine Wilcher', '19 Valley Edge Circle', '31-6427824', 0, 'cwilcheros', 'lrrZpb3');
insert into Guest (GuestId, GuestName, GuestAddress, IdentityCard, GuestType, UserName, PassWord) values (894, 'Gertruda Angrave', '066 Blackbird Crossing', '39-1184416', 0, 'gangraveot', 'is2O95ptxg0');
insert into Guest (GuestId, GuestName, GuestAddress, IdentityCard, GuestType, UserName, PassWord) values (895, 'Malory Wasiel', '2 Gulseth Parkway', '31-1547569', 0, 'mwasielou', 'QMgqJsfCYv7');
insert into Guest (GuestId, GuestName, GuestAddress, IdentityCard, GuestType, UserName, PassWord) values (896, 'Bonnee Kinsey', '28460 Weeping Birch Crossing', '90-9532837', 1, 'bkinseyov', '2Pm3vK');
insert into Guest (GuestId, GuestName, GuestAddress, IdentityCard, GuestType, UserName, PassWord) values (897, 'Spense Vaux', '0953 Caliangt Lane', '62-9690214', 1, 'svauxow', 'Ya5uOCl');
insert into Guest (GuestId, GuestName, GuestAddress, IdentityCard, GuestType, UserName, PassWord) values (898, 'Kent Matitiaho', '68309 Caliangt Avenue', '84-3381680', 0, 'kmatitiahoox', 'HYtRk2L0rC');
insert into Guest (GuestId, GuestName, GuestAddress, IdentityCard, GuestType, UserName, PassWord) values (899, 'Felice Lindfors', '26042 Prairie Rose Terrace', '03-7580803', 1, 'flindforsoy', 'k4FYHJB6UntD');
insert into Guest (GuestId, GuestName, GuestAddress, IdentityCard, GuestType, UserName, PassWord) values (900, 'Salomi Ferries', '28637 Dixon Park', '28-5110738', 0, 'sferriesoz', '6SUZ6KtdomQ');
insert into Guest (GuestId, GuestName, GuestAddress, IdentityCard, GuestType, UserName, PassWord) values (901, 'Aila Skelcher', '64 Shopko Hill', '82-1109132', 0, 'askelcherp0', 'rshqH4XbqNv');
insert into Guest (GuestId, GuestName, GuestAddress, IdentityCard, GuestType, UserName, PassWord) values (902, 'Pauline Beri', '5 Fordem Crossing', '99-8226918', 1, 'pberip1', 'WNUqBmxls');
insert into Guest (GuestId, GuestName, GuestAddress, IdentityCard, GuestType, UserName, PassWord) values (903, 'Tammie McCome', '9396 Glendale Plaza', '84-3962081', 1, 'tmccomep2', 'tNgB6QYrxN');
insert into Guest (GuestId, GuestName, GuestAddress, IdentityCard, GuestType, UserName, PassWord) values (904, 'Finn Blaze', '62 Monument Circle', '48-3094436', 1, 'fblazep3', 'MqcYjkvu56D');
insert into Guest (GuestId, GuestName, GuestAddress, IdentityCard, GuestType, UserName, PassWord) values (905, 'Alicea Halm', '0 Vahlen Road', '02-7495156', 0, 'ahalmp4', 'OnaaIIlt2fY');
insert into Guest (GuestId, GuestName, GuestAddress, IdentityCard, GuestType, UserName, PassWord) values (906, 'Ira Frankiewicz', '583 Straubel Hill', '67-8023126', 0, 'ifrankiewiczp5', 'kDu7QhZKjceJ');
insert into Guest (GuestId, GuestName, GuestAddress, IdentityCard, GuestType, UserName, PassWord) values (907, 'Annis Druhan', '29 Ridgeview Junction', '05-0558003', 1, 'adruhanp6', '4Y4A1yUgyZ1X');
insert into Guest (GuestId, GuestName, GuestAddress, IdentityCard, GuestType, UserName, PassWord) values (908, 'Loni Hadingham', '105 Ridgeview Lane', '22-1225427', 1, 'lhadinghamp7', 'YmMKSK6');
insert into Guest (GuestId, GuestName, GuestAddress, IdentityCard, GuestType, UserName, PassWord) values (909, 'Sonni Bambery', '5 Lerdahl Lane', '03-4942286', 0, 'sbamberyp8', 'OJh2ZEZa');
insert into Guest (GuestId, GuestName, GuestAddress, IdentityCard, GuestType, UserName, PassWord) values (910, 'Ange Dowell', '38 Beilfuss Hill', '37-2316365', 1, 'adowellp9', 'XywCW5XA4');
insert into Guest (GuestId, GuestName, GuestAddress, IdentityCard, GuestType, UserName, PassWord) values (911, 'Breena Gladstone', '65298 Shoshone Court', '03-8353858', 0, 'bgladstonepa', 'C2JJVXCVauo');
insert into Guest (GuestId, GuestName, GuestAddress, IdentityCard, GuestType, UserName, PassWord) values (912, 'Marney Parsons', '0 Oak Valley Drive', '23-8712412', 1, 'mparsonspb', '9sy81HB');
insert into Guest (GuestId, GuestName, GuestAddress, IdentityCard, GuestType, UserName, PassWord) values (913, 'Ulric Minty', '7027 Dixon Place', '72-7565465', 0, 'umintypc', 'nEHC97b6mrn');
insert into Guest (GuestId, GuestName, GuestAddress, IdentityCard, GuestType, UserName, PassWord) values (914, 'Joana Lerigo', '0 Manitowish Road', '95-2899422', 1, 'jlerigopd', 'A1qEF47');
insert into Guest (GuestId, GuestName, GuestAddress, IdentityCard, GuestType, UserName, PassWord) values (915, 'Dorette Guierre', '58 East Road', '60-8244687', 0, 'dguierrepe', 'JDR8kEFZ2a1');
insert into Guest (GuestId, GuestName, GuestAddress, IdentityCard, GuestType, UserName, PassWord) values (916, 'Shayne Lurriman', '0 Blackbird Trail', '98-0277451', 0, 'slurrimanpf', 'uw5OyoM');
insert into Guest (GuestId, GuestName, GuestAddress, IdentityCard, GuestType, UserName, PassWord) values (917, 'Bent Sturch', '520 New Castle Hill', '42-9206689', 0, 'bsturchpg', 'KeDw71QzLp');
insert into Guest (GuestId, GuestName, GuestAddress, IdentityCard, GuestType, UserName, PassWord) values (918, 'Lelah Gennerich', '59 Westerfield Circle', '34-6797328', 1, 'lgennerichph', 'QhJfzLP');
insert into Guest (GuestId, GuestName, GuestAddress, IdentityCard, GuestType, UserName, PassWord) values (919, 'Pancho Wride', '5841 Pennsylvania Court', '24-3960976', 1, 'pwridepi', 'SXRGY4v');
insert into Guest (GuestId, GuestName, GuestAddress, IdentityCard, GuestType, UserName, PassWord) values (920, 'Emelia Labbe', '54853 Redwing Junction', '97-7043651', 1, 'elabbepj', 'GQ3dtDwyjmH');
insert into Guest (GuestId, GuestName, GuestAddress, IdentityCard, GuestType, UserName, PassWord) values (921, 'Tannie Blything', '1465 Sullivan Place', '00-5073089', 0, 'tblythingpk', '6MCNiFv4Y5bV');
insert into Guest (GuestId, GuestName, GuestAddress, IdentityCard, GuestType, UserName, PassWord) values (922, 'Cathleen Fredi', '414 Delaware Road', '96-7075826', 0, 'cfredipl', 'p7MXNl');
insert into Guest (GuestId, GuestName, GuestAddress, IdentityCard, GuestType, UserName, PassWord) values (923, 'Carree Borgesio', '125 Sloan Point', '29-1911003', 1, 'cborgesiopm', '5c1O0sg4vI');
insert into Guest (GuestId, GuestName, GuestAddress, IdentityCard, GuestType, UserName, PassWord) values (924, 'Monica Horick', '2 Canary Place', '56-8187740', 0, 'mhorickpn', 'WL46cS2');
insert into Guest (GuestId, GuestName, GuestAddress, IdentityCard, GuestType, UserName, PassWord) values (925, 'Hymie Gaynes', '5 Mcguire Place', '21-5968980', 1, 'hgaynespo', 'BSyY8gdIJB');
insert into Guest (GuestId, GuestName, GuestAddress, IdentityCard, GuestType, UserName, PassWord) values (926, 'Russ Smallshaw', '33 Waywood Parkway', '58-7038700', 0, 'rsmallshawpp', 'pGlp3in8Tl');
insert into Guest (GuestId, GuestName, GuestAddress, IdentityCard, GuestType, UserName, PassWord) values (927, 'Hazel Pash', '2 Walton Crossing', '52-0486642', 1, 'hpashpq', '0TDh3f');
insert into Guest (GuestId, GuestName, GuestAddress, IdentityCard, GuestType, UserName, PassWord) values (928, 'Albrecht Swyn', '46366 Redwing Drive', '36-1234943', 1, 'aswynpr', 'BeisqZC');
insert into Guest (GuestId, GuestName, GuestAddress, IdentityCard, GuestType, UserName, PassWord) values (929, 'Felita Stonhard', '14 Dixon Pass', '44-9111559', 0, 'fstonhardps', 'DzARyORRby');
insert into Guest (GuestId, GuestName, GuestAddress, IdentityCard, GuestType, UserName, PassWord) values (930, 'Aurore Trewhitt', '13181 Birchwood Street', '52-6630732', 0, 'atrewhittpt', 'zpMauNtGr');
insert into Guest (GuestId, GuestName, GuestAddress, IdentityCard, GuestType, UserName, PassWord) values (931, 'Concettina Narracott', '975 Pierstorff Circle', '72-1412291', 1, 'cnarracottpu', 'pZoLs7G6SYgr');
insert into Guest (GuestId, GuestName, GuestAddress, IdentityCard, GuestType, UserName, PassWord) values (932, 'Berny Vasilenko', '7003 Hallows Court', '40-1363341', 0, 'bvasilenkopv', 'OtvHAZPDCl');
insert into Guest (GuestId, GuestName, GuestAddress, IdentityCard, GuestType, UserName, PassWord) values (933, 'Drucill Butterley', '3 Farwell Center', '40-5870427', 0, 'dbutterleypw', 'Tc2kCtsS');
insert into Guest (GuestId, GuestName, GuestAddress, IdentityCard, GuestType, UserName, PassWord) values (934, 'Chauncey Antat', '08 Atwood Terrace', '10-5596532', 1, 'cantatpx', 'fCZcy1bIV2S');
insert into Guest (GuestId, GuestName, GuestAddress, IdentityCard, GuestType, UserName, PassWord) values (935, 'Ingeborg Ficken', '24 Heffernan Crossing', '27-8446209', 0, 'ifickenpy', 'Bj4iu7JHs');
insert into Guest (GuestId, GuestName, GuestAddress, IdentityCard, GuestType, UserName, PassWord) values (936, 'Ninetta De Carlo', '28 Ridgeview Place', '69-2293689', 1, 'ndepz', '5Hj1QKGEHb');
insert into Guest (GuestId, GuestName, GuestAddress, IdentityCard, GuestType, UserName, PassWord) values (937, 'Linn Biffin', '3487 Sunbrook Court', '50-6182396', 1, 'lbiffinq0', 'sdJ3md9VEUz');
insert into Guest (GuestId, GuestName, GuestAddress, IdentityCard, GuestType, UserName, PassWord) values (938, 'Janeen Maro', '34 Warrior Avenue', '30-4992364', 1, 'jmaroq1', '1gb1MA5');
insert into Guest (GuestId, GuestName, GuestAddress, IdentityCard, GuestType, UserName, PassWord) values (939, 'Reinhard Cianni', '191 Lukken Junction', '45-6098042', 1, 'rcianniq2', 'uDljqHNNxu');
insert into Guest (GuestId, GuestName, GuestAddress, IdentityCard, GuestType, UserName, PassWord) values (940, 'Clim Bellocht', '07006 Melby Terrace', '78-6918446', 1, 'cbellochtq3', 'kLY1u645bn');
insert into Guest (GuestId, GuestName, GuestAddress, IdentityCard, GuestType, UserName, PassWord) values (941, 'Kalil Vasnetsov', '4 Ramsey Road', '08-7015610', 1, 'kvasnetsovq4', 'b0qAQS3');
insert into Guest (GuestId, GuestName, GuestAddress, IdentityCard, GuestType, UserName, PassWord) values (942, 'Sheridan Cotes', '08 Mifflin Lane', '62-7660847', 1, 'scotesq5', 'GGQ3goA5');
insert into Guest (GuestId, GuestName, GuestAddress, IdentityCard, GuestType, UserName, PassWord) values (943, 'Drew Schimmang', '8 Lotheville Park', '37-8525154', 1, 'dschimmangq6', '4hz8DMA5hM');
insert into Guest (GuestId, GuestName, GuestAddress, IdentityCard, GuestType, UserName, PassWord) values (944, 'Davie Hickenbottom', '7 Ryan Park', '40-5532066', 0, 'dhickenbottomq7', 'P84CkrR6M3');
insert into Guest (GuestId, GuestName, GuestAddress, IdentityCard, GuestType, UserName, PassWord) values (945, 'Kiley Tother', '010 Fuller Trail', '52-7872897', 0, 'ktotherq8', 'dnqisyOXbv');
insert into Guest (GuestId, GuestName, GuestAddress, IdentityCard, GuestType, UserName, PassWord) values (946, 'Shane Funcheon', '18300 Autumn Leaf Parkway', '42-3507086', 1, 'sfuncheonq9', 'BIqd2v6AnjN');
insert into Guest (GuestId, GuestName, GuestAddress, IdentityCard, GuestType, UserName, PassWord) values (947, 'Dorthy Chastang', '71 Gerald Crossing', '52-8964799', 0, 'dchastangqa', 'CNDo2h');
insert into Guest (GuestId, GuestName, GuestAddress, IdentityCard, GuestType, UserName, PassWord) values (948, 'Alecia Dislee', '9 Kropf Court', '55-3764787', 1, 'adisleeqb', 'tZEOKVYene6R');
insert into Guest (GuestId, GuestName, GuestAddress, IdentityCard, GuestType, UserName, PassWord) values (949, 'Roxana Orman', '6 Onsgard Street', '66-4084690', 0, 'rormanqc', 'RYw8UsHvav');
insert into Guest (GuestId, GuestName, GuestAddress, IdentityCard, GuestType, UserName, PassWord) values (950, 'Helenka Artharg', '1493 Golf Road', '16-9722943', 1, 'harthargqd', 'wlvwUN');
insert into Guest (GuestId, GuestName, GuestAddress, IdentityCard, GuestType, UserName, PassWord) values (951, 'Theresa Longbottom', '9680 Burning Wood Park', '86-6097996', 1, 'tlongbottomqe', '7A9s75l');
insert into Guest (GuestId, GuestName, GuestAddress, IdentityCard, GuestType, UserName, PassWord) values (952, 'Emmit Syms', '83 Hagan Street', '86-4048581', 0, 'esymsqf', 'Yx6TTMs');
insert into Guest (GuestId, GuestName, GuestAddress, IdentityCard, GuestType, UserName, PassWord) values (953, 'Shem McNiff', '25473 Hollow Ridge Center', '77-0244672', 1, 'smcniffqg', 'WcmpbE');
insert into Guest (GuestId, GuestName, GuestAddress, IdentityCard, GuestType, UserName, PassWord) values (954, 'Ingeberg Jesper', '3002 Dorton Trail', '65-6983569', 0, 'ijesperqh', 'VauIq1');
insert into Guest (GuestId, GuestName, GuestAddress, IdentityCard, GuestType, UserName, PassWord) values (955, 'Boycey Scoyles', '4588 Gateway Court', '02-6717481', 1, 'bscoylesqi', 'YgETFrFDuOiO');
insert into Guest (GuestId, GuestName, GuestAddress, IdentityCard, GuestType, UserName, PassWord) values (956, 'Norma Ickowicz', '72891 Northport Way', '27-7876392', 0, 'nickowiczqj', 'rTplMmdozg');
insert into Guest (GuestId, GuestName, GuestAddress, IdentityCard, GuestType, UserName, PassWord) values (957, 'Noell Stranger', '066 Heath Place', '56-5045752', 0, 'nstrangerqk', 'ldYKlBDKRhZ1');
insert into Guest (GuestId, GuestName, GuestAddress, IdentityCard, GuestType, UserName, PassWord) values (958, 'Jemmy Pengilley', '0438 Village Green Road', '57-0162821', 1, 'jpengilleyql', '8rZRGfzbr3j');
insert into Guest (GuestId, GuestName, GuestAddress, IdentityCard, GuestType, UserName, PassWord) values (959, 'Edd Vanacci', '252 Oneill Point', '93-9506426', 1, 'evanacciqm', '1grTmHLgTmo');
insert into Guest (GuestId, GuestName, GuestAddress, IdentityCard, GuestType, UserName, PassWord) values (960, 'Armin Hoopper', '50 Elka Park', '42-0282510', 0, 'ahoopperqn', 'YBF7DUTN');
insert into Guest (GuestId, GuestName, GuestAddress, IdentityCard, GuestType, UserName, PassWord) values (961, 'Lee Philip', '24 Hallows Terrace', '32-9908911', 1, 'lphilipqo', 'bPSeWMyT');
insert into Guest (GuestId, GuestName, GuestAddress, IdentityCard, GuestType, UserName, PassWord) values (962, 'Lorinda Walch', '6 Luster Lane', '79-3702913', 0, 'lwalchqp', 'ek6WePI1rI');
insert into Guest (GuestId, GuestName, GuestAddress, IdentityCard, GuestType, UserName, PassWord) values (963, 'Kirbie Pettiford', '3535 Hanson Hill', '84-7939488', 0, 'kpettifordqq', 'YYfOUsh63P');
insert into Guest (GuestId, GuestName, GuestAddress, IdentityCard, GuestType, UserName, PassWord) values (964, 'Jayme Tredget', '2651 Arrowood Street', '51-3077487', 1, 'jtredgetqr', 'b4a7HrMZ0');
insert into Guest (GuestId, GuestName, GuestAddress, IdentityCard, GuestType, UserName, PassWord) values (965, 'Peder De Stoop', '271 Stuart Junction', '25-7757661', 1, 'pdeqs', 'SunOOrCUn');
insert into Guest (GuestId, GuestName, GuestAddress, IdentityCard, GuestType, UserName, PassWord) values (966, 'Charlean Puddefoot', '32431 4th Road', '86-8165588', 1, 'cpuddefootqt', 'dAWDTShu');
insert into Guest (GuestId, GuestName, GuestAddress, IdentityCard, GuestType, UserName, PassWord) values (967, 'Gustaf Teligin', '6315 Larry Road', '33-2557052', 0, 'gteliginqu', 'rbM5NWADn');
insert into Guest (GuestId, GuestName, GuestAddress, IdentityCard, GuestType, UserName, PassWord) values (968, 'Masha GiacobbiniJacob', '88 Sugar Junction', '73-3686745', 1, 'mgiacobbinijacobqv', 'H1oRjPDkH');
insert into Guest (GuestId, GuestName, GuestAddress, IdentityCard, GuestType, UserName, PassWord) values (969, 'Drusilla Rzehor', '21 Starling Hill', '79-0322823', 1, 'drzehorqw', 'Zhz1siETFte');
insert into Guest (GuestId, GuestName, GuestAddress, IdentityCard, GuestType, UserName, PassWord) values (970, 'Garek Paske', '22713 Ruskin Point', '70-9246795', 1, 'gpaskeqx', 's9rYL66');
insert into Guest (GuestId, GuestName, GuestAddress, IdentityCard, GuestType, UserName, PassWord) values (971, 'Ingamar Summerfield', '7 Miller Avenue', '38-5975599', 0, 'isummerfieldqy', 'MEB22BD');
insert into Guest (GuestId, GuestName, GuestAddress, IdentityCard, GuestType, UserName, PassWord) values (972, 'Stacie Schmidt', '53922 Bunker Hill Point', '94-6592137', 1, 'sschmidtqz', 'TASZBf');
insert into Guest (GuestId, GuestName, GuestAddress, IdentityCard, GuestType, UserName, PassWord) values (973, 'Lorette Peeke-Vout', '32 Shoshone Hill', '17-3290385', 1, 'lpeekevoutr0', '4nX9Dr');
insert into Guest (GuestId, GuestName, GuestAddress, IdentityCard, GuestType, UserName, PassWord) values (974, 'Almeria Weedon', '505 Bunting Way', '67-4220804', 0, 'aweedonr1', '5n8mYH9Ho');
insert into Guest (GuestId, GuestName, GuestAddress, IdentityCard, GuestType, UserName, PassWord) values (975, 'Constantina Eades', '550 Larry Parkway', '84-2258037', 1, 'ceadesr2', 'sVHHcWBgUy');
insert into Guest (GuestId, GuestName, GuestAddress, IdentityCard, GuestType, UserName, PassWord) values (976, 'Levey Creus', '75501 Montana Road', '41-4333024', 1, 'lcreusr3', 'MydklhEZL');
insert into Guest (GuestId, GuestName, GuestAddress, IdentityCard, GuestType, UserName, PassWord) values (977, 'Belinda Bapty', '3 Prairieview Junction', '07-9158061', 1, 'bbaptyr4', 'OTQTfXCc9Z');
insert into Guest (GuestId, GuestName, GuestAddress, IdentityCard, GuestType, UserName, PassWord) values (978, 'Emory Grace', '730 Hermina Point', '04-2411141', 1, 'egracer5', 'i4pyGGDf');
insert into Guest (GuestId, GuestName, GuestAddress, IdentityCard, GuestType, UserName, PassWord) values (979, 'Harland Rumble', '429 Bluejay Crossing', '14-1467325', 0, 'hrumbler6', 'M7eVJys');
insert into Guest (GuestId, GuestName, GuestAddress, IdentityCard, GuestType, UserName, PassWord) values (980, 'Lyndsie Headech', '82 Spohn Avenue', '59-7468372', 1, 'lheadechr7', 'O41dOTVkMC');
insert into Guest (GuestId, GuestName, GuestAddress, IdentityCard, GuestType, UserName, PassWord) values (981, 'Codi Mathewson', '49569 Beilfuss Center', '53-2395807', 1, 'cmathewsonr8', 'suNRje');
insert into Guest (GuestId, GuestName, GuestAddress, IdentityCard, GuestType, UserName, PassWord) values (982, 'Hashim Whetson', '29272 4th Road', '60-8885300', 0, 'hwhetsonr9', 'ejfwIomrd');
insert into Guest (GuestId, GuestName, GuestAddress, IdentityCard, GuestType, UserName, PassWord) values (983, 'Heath Paten', '3546 Ohio Lane', '75-6735140', 1, 'hpatenra', '2JrqjuTf3Mq');
insert into Guest (GuestId, GuestName, GuestAddress, IdentityCard, GuestType, UserName, PassWord) values (984, 'Merv Caddies', '60763 Blaine Avenue', '06-0110713', 0, 'mcaddiesrb', '0Bfy5fLP4l');
insert into Guest (GuestId, GuestName, GuestAddress, IdentityCard, GuestType, UserName, PassWord) values (985, 'Isabelle Thridgould', '22 Summerview Pass', '69-2342877', 1, 'ithridgouldrc', 'As1V5lDJ');
insert into Guest (GuestId, GuestName, GuestAddress, IdentityCard, GuestType, UserName, PassWord) values (986, 'Halie Winchcomb', '373 Steensland Plaza', '70-9587338', 1, 'hwinchcombrd', 'gutyg1');
insert into Guest (GuestId, GuestName, GuestAddress, IdentityCard, GuestType, UserName, PassWord) values (987, 'Hill Jain', '562 Sullivan Court', '83-2125610', 1, 'hjainre', '3vMSLrJfKNcb');
insert into Guest (GuestId, GuestName, GuestAddress, IdentityCard, GuestType, UserName, PassWord) values (988, 'Stacey Long', '468 Crownhardt Terrace', '26-4740070', 0, 'slongrf', 'FjNyM92Ije');
insert into Guest (GuestId, GuestName, GuestAddress, IdentityCard, GuestType, UserName, PassWord) values (989, 'Yankee Leport', '981 Fairview Junction', '73-9031179', 1, 'yleportrg', 'mrpHFWrrc');
insert into Guest (GuestId, GuestName, GuestAddress, IdentityCard, GuestType, UserName, PassWord) values (990, 'Rogerio Skedgell', '48225 Dovetail Parkway', '40-7074728', 0, 'rskedgellrh', '5mBt7sye6dVJ');
insert into Guest (GuestId, GuestName, GuestAddress, IdentityCard, GuestType, UserName, PassWord) values (991, 'Bradley Nodes', '18 Hoepker Way', '97-4729169', 0, 'bnodesri', 'm8J9MvDna9j');
insert into Guest (GuestId, GuestName, GuestAddress, IdentityCard, GuestType, UserName, PassWord) values (992, 'Cornall Lacoste', '732 Lunder Park', '19-6671508', 0, 'clacosterj', 'YpqUWg');
insert into Guest (GuestId, GuestName, GuestAddress, IdentityCard, GuestType, UserName, PassWord) values (993, 'Nelson Campanelli', '22894 Magdeline Center', '20-2042793', 1, 'ncampanellirk', '8uhbCvKvld');
insert into Guest (GuestId, GuestName, GuestAddress, IdentityCard, GuestType, UserName, PassWord) values (994, 'Christy Carlos', '48012 Hintze Crossing', '20-1386623', 1, 'ccarlosrl', 'U9holVFJZ');
insert into Guest (GuestId, GuestName, GuestAddress, IdentityCard, GuestType, UserName, PassWord) values (995, 'Rafaellle Falkus', '28 Cody Point', '74-7016304', 0, 'rfalkusrm', 'xJntHpwr');
insert into Guest (GuestId, GuestName, GuestAddress, IdentityCard, GuestType, UserName, PassWord) values (996, 'Gleda Hungerford', '42 Briar Crest Center', '14-5493629', 1, 'ghungerfordrn', 'wfHAcRwdnA');
insert into Guest (GuestId, GuestName, GuestAddress, IdentityCard, GuestType, UserName, PassWord) values (997, 'Aurthur Goldson', '13881 Tomscot Terrace', '54-2466883', 1, 'agoldsonro', 'cC7b48sQ');
insert into Guest (GuestId, GuestName, GuestAddress, IdentityCard, GuestType, UserName, PassWord) values (998, 'Hulda Goard', '38243 Vernon Lane', '21-2139368', 1, 'hgoardrp', 'bktELY5');
insert into Guest (GuestId, GuestName, GuestAddress, IdentityCard, GuestType, UserName, PassWord) values (999, 'Beatriz Uc', '2 Judy Center', '50-0418081', 1, 'bucrq', 'hLXTRx');
insert into Guest (GuestId, GuestName, GuestAddress, IdentityCard, GuestType, UserName, PassWord) values (1000, 'Griff Mc Ilory', '94 Barnett Park', '22-0627022', 0, 'gmcrr', 'tGRvlA');

--seed data Revervation---------------

insert into Revervation (RevervationId, CheckIn, CheckOut, RoomId, GuestId) values (1, '2019-09-06 14:06:53', '2019-09-14 08:06:01', 666, 956);
insert into Revervation (RevervationId, CheckIn, CheckOut, RoomId, GuestId) values (2, '2019-09-07 12:46:40', '2019-09-11 01:32:14', 443, 299);
insert into Revervation (RevervationId, CheckIn, CheckOut, RoomId, GuestId) values (3, '2019-09-07 23:34:12', '2019-09-12 02:12:45', 401, 319);
insert into Revervation (RevervationId, CheckIn, CheckOut, RoomId, GuestId) values (4, '2019-09-08 01:57:57', '2019-09-11 08:39:17', 792, 328);
insert into Revervation (RevervationId, CheckIn, CheckOut, RoomId, GuestId) values (5, '2019-09-06 11:09:13', '2019-09-12 03:14:32', 264, 562);
insert into Revervation (RevervationId, CheckIn, CheckOut, RoomId, GuestId) values (6, '2019-09-08 15:45:50', '2019-09-10 22:17:15', 59, 127);
insert into Revervation (RevervationId, CheckIn, CheckOut, RoomId, GuestId) values (7, '2019-09-06 02:45:04', '2019-09-12 18:38:12', 938, 788);
insert into Revervation (RevervationId, CheckIn, CheckOut, RoomId, GuestId) values (8, '2019-09-07 23:48:49', '2019-09-11 18:36:26', 628, 530);
insert into Revervation (RevervationId, CheckIn, CheckOut, RoomId, GuestId) values (9, '2019-09-08 23:39:00', '2019-09-10 20:52:46', 29, 933);
insert into Revervation (RevervationId, CheckIn, CheckOut, RoomId, GuestId) values (10, '2019-09-07 19:56:19', '2019-09-10 12:14:36', 346, 784);
insert into Revervation (RevervationId, CheckIn, CheckOut, RoomId, GuestId) values (11, '2019-09-08 00:35:07', '2019-09-14 18:00:32', 890, 673);
insert into Revervation (RevervationId, CheckIn, CheckOut, RoomId, GuestId) values (12, '2019-09-07 03:11:29', '2019-09-10 01:56:26', 686, 86);
insert into Revervation (RevervationId, CheckIn, CheckOut, RoomId, GuestId) values (13, '2019-09-08 12:03:02', '2019-09-12 22:02:59', 545, 271);
insert into Revervation (RevervationId, CheckIn, CheckOut, RoomId, GuestId) values (14, '2019-09-07 18:03:50', '2019-09-13 17:22:26', 588, 668);
insert into Revervation (RevervationId, CheckIn, CheckOut, RoomId, GuestId) values (15, '2019-09-06 04:44:00', '2019-09-14 04:22:31', 44, 440);
insert into Revervation (RevervationId, CheckIn, CheckOut, RoomId, GuestId) values (16, '2019-09-08 23:24:08', '2019-09-13 19:44:27', 188, 484);
insert into Revervation (RevervationId, CheckIn, CheckOut, RoomId, GuestId) values (17, '2019-09-08 23:01:43', '2019-09-14 01:41:39', 387, 87);
insert into Revervation (RevervationId, CheckIn, CheckOut, RoomId, GuestId) values (18, '2019-09-07 12:33:57', '2019-09-11 13:41:15', 289, 41);
insert into Revervation (RevervationId, CheckIn, CheckOut, RoomId, GuestId) values (19, '2019-09-06 10:01:59', '2019-09-11 21:58:24', 474, 917);
insert into Revervation (RevervationId, CheckIn, CheckOut, RoomId, GuestId) values (20, '2019-09-06 19:15:38', '2019-09-11 00:26:56', 2, 863);
insert into Revervation (RevervationId, CheckIn, CheckOut, RoomId, GuestId) values (21, '2019-09-06 05:05:21', '2019-09-14 07:39:05', 18, 37);
insert into Revervation (RevervationId, CheckIn, CheckOut, RoomId, GuestId) values (22, '2019-09-08 18:28:16', '2019-09-11 20:54:42', 699, 831);
insert into Revervation (RevervationId, CheckIn, CheckOut, RoomId, GuestId) values (23, '2019-09-06 14:12:32', '2019-09-14 02:55:36', 534, 775);
insert into Revervation (RevervationId, CheckIn, CheckOut, RoomId, GuestId) values (24, '2019-09-08 11:57:37', '2019-09-12 12:39:43', 34, 246);
insert into Revervation (RevervationId, CheckIn, CheckOut, RoomId, GuestId) values (25, '2019-09-07 09:51:28', '2019-09-11 04:32:23', 67, 549);
insert into Revervation (RevervationId, CheckIn, CheckOut, RoomId, GuestId) values (26, '2019-09-06 03:41:15', '2019-09-10 21:53:48', 294, 350);
insert into Revervation (RevervationId, CheckIn, CheckOut, RoomId, GuestId) values (27, '2019-09-07 15:29:39', '2019-09-11 18:59:44', 987, 378);
insert into Revervation (RevervationId, CheckIn, CheckOut, RoomId, GuestId) values (28, '2019-09-06 20:30:44', '2019-09-12 08:24:56', 600, 686);
insert into Revervation (RevervationId, CheckIn, CheckOut, RoomId, GuestId) values (29, '2019-09-08 05:45:11', '2019-09-11 08:27:34', 978, 77);
insert into Revervation (RevervationId, CheckIn, CheckOut, RoomId, GuestId) values (30, '2019-09-08 19:11:23', '2019-09-11 18:44:36', 196, 481);
insert into Revervation (RevervationId, CheckIn, CheckOut, RoomId, GuestId) values (31, '2019-09-06 03:26:04', '2019-09-10 10:44:29', 955, 163);
insert into Revervation (RevervationId, CheckIn, CheckOut, RoomId, GuestId) values (32, '2019-09-07 00:57:56', '2019-09-10 17:08:43', 690, 173);
insert into Revervation (RevervationId, CheckIn, CheckOut, RoomId, GuestId) values (33, '2019-09-08 04:58:43', '2019-09-10 01:50:32', 528, 442);
insert into Revervation (RevervationId, CheckIn, CheckOut, RoomId, GuestId) values (34, '2019-09-06 22:05:10', '2019-09-12 03:25:41', 404, 653);
insert into Revervation (RevervationId, CheckIn, CheckOut, RoomId, GuestId) values (35, '2019-09-06 09:40:53', '2019-09-12 02:51:53', 545, 139);
insert into Revervation (RevervationId, CheckIn, CheckOut, RoomId, GuestId) values (36, '2019-09-07 21:14:06', '2019-09-12 05:11:47', 285, 957);
insert into Revervation (RevervationId, CheckIn, CheckOut, RoomId, GuestId) values (37, '2019-09-08 20:27:18', '2019-09-11 10:42:06', 469, 164);
insert into Revervation (RevervationId, CheckIn, CheckOut, RoomId, GuestId) values (38, '2019-09-08 23:19:54', '2019-09-10 20:07:10', 105, 486);
insert into Revervation (RevervationId, CheckIn, CheckOut, RoomId, GuestId) values (39, '2019-09-08 05:25:53', '2019-09-12 19:33:35', 739, 806);
insert into Revervation (RevervationId, CheckIn, CheckOut, RoomId, GuestId) values (40, '2019-09-07 09:17:45', '2019-09-13 01:04:25', 383, 424);
insert into Revervation (RevervationId, CheckIn, CheckOut, RoomId, GuestId) values (41, '2019-09-07 06:55:24', '2019-09-12 08:13:25', 847, 655);
insert into Revervation (RevervationId, CheckIn, CheckOut, RoomId, GuestId) values (42, '2019-09-08 03:26:53', '2019-09-11 05:58:57', 579, 409);
insert into Revervation (RevervationId, CheckIn, CheckOut, RoomId, GuestId) values (43, '2019-09-08 23:34:39', '2019-09-14 19:13:43', 175, 387);
insert into Revervation (RevervationId, CheckIn, CheckOut, RoomId, GuestId) values (44, '2019-09-08 12:39:48', '2019-09-14 06:09:09', 995, 248);
insert into Revervation (RevervationId, CheckIn, CheckOut, RoomId, GuestId) values (45, '2019-09-08 01:32:30', '2019-09-12 07:13:00', 875, 377);
insert into Revervation (RevervationId, CheckIn, CheckOut, RoomId, GuestId) values (46, '2019-09-06 10:56:13', '2019-09-10 00:18:40', 912, 920);
insert into Revervation (RevervationId, CheckIn, CheckOut, RoomId, GuestId) values (47, '2019-09-08 16:39:26', '2019-09-14 17:41:24', 496, 611);
insert into Revervation (RevervationId, CheckIn, CheckOut, RoomId, GuestId) values (48, '2019-09-08 16:27:19', '2019-09-14 17:47:00', 750, 131);
insert into Revervation (RevervationId, CheckIn, CheckOut, RoomId, GuestId) values (49, '2019-09-08 11:32:26', '2019-09-14 21:47:22', 883, 356);
insert into Revervation (RevervationId, CheckIn, CheckOut, RoomId, GuestId) values (50, '2019-09-08 16:22:00', '2019-09-11 07:15:54', 781, 315);
insert into Revervation (RevervationId, CheckIn, CheckOut, RoomId, GuestId) values (51, '2019-09-07 11:37:40', '2019-09-11 00:39:55', 445, 713);
insert into Revervation (RevervationId, CheckIn, CheckOut, RoomId, GuestId) values (52, '2019-09-08 10:04:51', '2019-09-14 12:34:16', 867, 46);
insert into Revervation (RevervationId, CheckIn, CheckOut, RoomId, GuestId) values (53, '2019-09-06 07:13:50', '2019-09-11 04:05:49', 664, 970);
insert into Revervation (RevervationId, CheckIn, CheckOut, RoomId, GuestId) values (54, '2019-09-08 00:16:27', '2019-09-10 10:20:09', 654, 412);
insert into Revervation (RevervationId, CheckIn, CheckOut, RoomId, GuestId) values (55, '2019-09-06 10:17:20', '2019-09-12 18:41:19', 147, 343);
insert into Revervation (RevervationId, CheckIn, CheckOut, RoomId, GuestId) values (56, '2019-09-07 19:27:52', '2019-09-12 22:15:02', 759, 768);
insert into Revervation (RevervationId, CheckIn, CheckOut, RoomId, GuestId) values (57, '2019-09-07 09:25:08', '2019-09-11 08:08:38', 490, 461);
insert into Revervation (RevervationId, CheckIn, CheckOut, RoomId, GuestId) values (58, '2019-09-07 02:40:18', '2019-09-10 18:48:08', 836, 294);
insert into Revervation (RevervationId, CheckIn, CheckOut, RoomId, GuestId) values (59, '2019-09-07 18:30:33', '2019-09-13 22:31:38', 928, 236);
insert into Revervation (RevervationId, CheckIn, CheckOut, RoomId, GuestId) values (60, '2019-09-07 23:28:38', '2019-09-14 05:16:35', 642, 1000);
insert into Revervation (RevervationId, CheckIn, CheckOut, RoomId, GuestId) values (61, '2019-09-08 00:45:22', '2019-09-13 22:51:10', 638, 485);
insert into Revervation (RevervationId, CheckIn, CheckOut, RoomId, GuestId) values (62, '2019-09-08 11:12:32', '2019-09-13 06:26:01', 881, 110);
insert into Revervation (RevervationId, CheckIn, CheckOut, RoomId, GuestId) values (63, '2019-09-07 10:15:39', '2019-09-13 02:01:35', 151, 826);
insert into Revervation (RevervationId, CheckIn, CheckOut, RoomId, GuestId) values (64, '2019-09-08 08:14:53', '2019-09-11 02:21:06', 149, 409);
insert into Revervation (RevervationId, CheckIn, CheckOut, RoomId, GuestId) values (65, '2019-09-07 09:51:51', '2019-09-13 06:18:02', 744, 761);
insert into Revervation (RevervationId, CheckIn, CheckOut, RoomId, GuestId) values (66, '2019-09-07 20:32:28', '2019-09-12 21:32:20', 970, 935);
insert into Revervation (RevervationId, CheckIn, CheckOut, RoomId, GuestId) values (67, '2019-09-06 19:20:24', '2019-09-10 12:12:51', 366, 591);
insert into Revervation (RevervationId, CheckIn, CheckOut, RoomId, GuestId) values (68, '2019-09-08 10:37:36', '2019-09-12 03:56:41', 585, 759);
insert into Revervation (RevervationId, CheckIn, CheckOut, RoomId, GuestId) values (69, '2019-09-07 15:01:26', '2019-09-11 13:36:38', 11, 745);
insert into Revervation (RevervationId, CheckIn, CheckOut, RoomId, GuestId) values (70, '2019-09-08 03:09:19', '2019-09-13 16:08:18', 407, 201);
insert into Revervation (RevervationId, CheckIn, CheckOut, RoomId, GuestId) values (71, '2019-09-08 13:00:11', '2019-09-11 15:10:32', 283, 767);
insert into Revervation (RevervationId, CheckIn, CheckOut, RoomId, GuestId) values (72, '2019-09-07 01:55:15', '2019-09-10 03:40:16', 768, 352);
insert into Revervation (RevervationId, CheckIn, CheckOut, RoomId, GuestId) values (73, '2019-09-06 10:01:12', '2019-09-13 13:33:23', 40, 647);
insert into Revervation (RevervationId, CheckIn, CheckOut, RoomId, GuestId) values (74, '2019-09-07 12:47:55', '2019-09-13 02:56:32', 959, 958);
insert into Revervation (RevervationId, CheckIn, CheckOut, RoomId, GuestId) values (75, '2019-09-07 16:49:11', '2019-09-13 16:42:09', 198, 353);
insert into Revervation (RevervationId, CheckIn, CheckOut, RoomId, GuestId) values (76, '2019-09-06 03:24:23', '2019-09-13 09:50:52', 299, 56);
insert into Revervation (RevervationId, CheckIn, CheckOut, RoomId, GuestId) values (77, '2019-09-06 02:19:19', '2019-09-11 00:49:03', 436, 909);
insert into Revervation (RevervationId, CheckIn, CheckOut, RoomId, GuestId) values (78, '2019-09-07 09:45:28', '2019-09-14 02:30:13', 6, 877);
insert into Revervation (RevervationId, CheckIn, CheckOut, RoomId, GuestId) values (79, '2019-09-06 21:24:36', '2019-09-14 07:01:05', 835, 842);
insert into Revervation (RevervationId, CheckIn, CheckOut, RoomId, GuestId) values (80, '2019-09-07 12:46:06', '2019-09-12 02:32:04', 684, 763);
insert into Revervation (RevervationId, CheckIn, CheckOut, RoomId, GuestId) values (81, '2019-09-08 16:14:58', '2019-09-13 14:51:24', 538, 16);
insert into Revervation (RevervationId, CheckIn, CheckOut, RoomId, GuestId) values (82, '2019-09-07 17:31:21', '2019-09-12 13:17:41', 559, 534);
insert into Revervation (RevervationId, CheckIn, CheckOut, RoomId, GuestId) values (83, '2019-09-06 07:10:59', '2019-09-13 12:03:43', 556, 338);
insert into Revervation (RevervationId, CheckIn, CheckOut, RoomId, GuestId) values (84, '2019-09-06 09:54:35', '2019-09-10 12:28:46', 532, 47);
insert into Revervation (RevervationId, CheckIn, CheckOut, RoomId, GuestId) values (85, '2019-09-08 02:05:29', '2019-09-11 01:19:11', 459, 25);
insert into Revervation (RevervationId, CheckIn, CheckOut, RoomId, GuestId) values (86, '2019-09-06 08:23:42', '2019-09-14 20:22:28', 704, 503);
insert into Revervation (RevervationId, CheckIn, CheckOut, RoomId, GuestId) values (87, '2019-09-07 10:05:41', '2019-09-10 23:39:08', 568, 172);
insert into Revervation (RevervationId, CheckIn, CheckOut, RoomId, GuestId) values (88, '2019-09-08 02:15:52', '2019-09-14 22:04:03', 612, 422);
insert into Revervation (RevervationId, CheckIn, CheckOut, RoomId, GuestId) values (89, '2019-09-07 13:47:29', '2019-09-13 11:14:24', 182, 778);
insert into Revervation (RevervationId, CheckIn, CheckOut, RoomId, GuestId) values (90, '2019-09-06 11:15:46', '2019-09-11 10:04:31', 462, 714);
insert into Revervation (RevervationId, CheckIn, CheckOut, RoomId, GuestId) values (91, '2019-09-06 07:51:26', '2019-09-10 06:54:25', 783, 926);
insert into Revervation (RevervationId, CheckIn, CheckOut, RoomId, GuestId) values (92, '2019-09-06 05:02:54', '2019-09-12 11:32:00', 422, 921);
insert into Revervation (RevervationId, CheckIn, CheckOut, RoomId, GuestId) values (93, '2019-09-08 17:30:52', '2019-09-11 14:49:39', 876, 483);
insert into Revervation (RevervationId, CheckIn, CheckOut, RoomId, GuestId) values (94, '2019-09-08 19:11:26', '2019-09-10 15:55:38', 36, 107);
insert into Revervation (RevervationId, CheckIn, CheckOut, RoomId, GuestId) values (95, '2019-09-07 11:54:07', '2019-09-14 10:29:11', 426, 338);
insert into Revervation (RevervationId, CheckIn, CheckOut, RoomId, GuestId) values (96, '2019-09-08 18:48:41', '2019-09-12 17:59:44', 402, 95);
insert into Revervation (RevervationId, CheckIn, CheckOut, RoomId, GuestId) values (97, '2019-09-08 04:23:47', '2019-09-11 06:03:13', 849, 784);
insert into Revervation (RevervationId, CheckIn, CheckOut, RoomId, GuestId) values (98, '2019-09-06 21:48:36', '2019-09-14 02:40:42', 391, 956);
insert into Revervation (RevervationId, CheckIn, CheckOut, RoomId, GuestId) values (99, '2019-09-06 12:40:30', '2019-09-13 07:22:36', 487, 712);
insert into Revervation (RevervationId, CheckIn, CheckOut, RoomId, GuestId) values (100, '2019-09-07 19:24:40', '2019-09-12 21:47:00', 353, 212);
insert into Revervation (RevervationId, CheckIn, CheckOut, RoomId, GuestId) values (101, '2019-09-07 22:24:05', '2019-09-11 04:18:53', 661, 979);
insert into Revervation (RevervationId, CheckIn, CheckOut, RoomId, GuestId) values (102, '2019-09-07 09:12:51', '2019-09-14 17:52:31', 78, 967);
insert into Revervation (RevervationId, CheckIn, CheckOut, RoomId, GuestId) values (103, '2019-09-08 21:02:33', '2019-09-11 17:06:59', 384, 250);
insert into Revervation (RevervationId, CheckIn, CheckOut, RoomId, GuestId) values (104, '2019-09-06 17:41:29', '2019-09-10 22:05:18', 34, 625);
insert into Revervation (RevervationId, CheckIn, CheckOut, RoomId, GuestId) values (105, '2019-09-07 23:33:52', '2019-09-11 10:41:40', 521, 647);
insert into Revervation (RevervationId, CheckIn, CheckOut, RoomId, GuestId) values (106, '2019-09-07 21:36:55', '2019-09-14 19:20:10', 428, 213);
insert into Revervation (RevervationId, CheckIn, CheckOut, RoomId, GuestId) values (107, '2019-09-08 16:58:43', '2019-09-12 15:03:02', 779, 287);
insert into Revervation (RevervationId, CheckIn, CheckOut, RoomId, GuestId) values (108, '2019-09-06 04:14:58', '2019-09-11 13:03:03', 368, 834);
insert into Revervation (RevervationId, CheckIn, CheckOut, RoomId, GuestId) values (109, '2019-09-07 16:54:28', '2019-09-11 04:02:38', 636, 53);
insert into Revervation (RevervationId, CheckIn, CheckOut, RoomId, GuestId) values (110, '2019-09-08 22:21:40', '2019-09-13 00:01:55', 947, 421);
insert into Revervation (RevervationId, CheckIn, CheckOut, RoomId, GuestId) values (111, '2019-09-06 10:23:55', '2019-09-14 11:01:39', 939, 582);
insert into Revervation (RevervationId, CheckIn, CheckOut, RoomId, GuestId) values (112, '2019-09-07 18:40:49', '2019-09-13 20:43:27', 902, 531);
insert into Revervation (RevervationId, CheckIn, CheckOut, RoomId, GuestId) values (113, '2019-09-07 23:54:15', '2019-09-14 20:24:18', 762, 695);
insert into Revervation (RevervationId, CheckIn, CheckOut, RoomId, GuestId) values (114, '2019-09-06 06:50:37', '2019-09-14 16:22:20', 257, 960);
insert into Revervation (RevervationId, CheckIn, CheckOut, RoomId, GuestId) values (115, '2019-09-07 13:07:25', '2019-09-14 07:35:30', 3, 620);
insert into Revervation (RevervationId, CheckIn, CheckOut, RoomId, GuestId) values (116, '2019-09-07 17:53:58', '2019-09-10 16:40:33', 217, 401);
insert into Revervation (RevervationId, CheckIn, CheckOut, RoomId, GuestId) values (117, '2019-09-08 01:51:46', '2019-09-10 14:36:27', 33, 517);
insert into Revervation (RevervationId, CheckIn, CheckOut, RoomId, GuestId) values (118, '2019-09-07 06:15:35', '2019-09-11 18:46:41', 936, 904);
insert into Revervation (RevervationId, CheckIn, CheckOut, RoomId, GuestId) values (119, '2019-09-06 05:39:51', '2019-09-11 11:29:07', 302, 30);
insert into Revervation (RevervationId, CheckIn, CheckOut, RoomId, GuestId) values (120, '2019-09-08 05:31:54', '2019-09-12 11:18:04', 132, 823);
insert into Revervation (RevervationId, CheckIn, CheckOut, RoomId, GuestId) values (121, '2019-09-06 08:56:40', '2019-09-13 03:53:28', 535, 156);
insert into Revervation (RevervationId, CheckIn, CheckOut, RoomId, GuestId) values (122, '2019-09-07 03:17:09', '2019-09-12 12:04:44', 444, 596);
insert into Revervation (RevervationId, CheckIn, CheckOut, RoomId, GuestId) values (123, '2019-09-07 20:00:33', '2019-09-11 12:57:57', 466, 423);
insert into Revervation (RevervationId, CheckIn, CheckOut, RoomId, GuestId) values (124, '2019-09-07 05:12:47', '2019-09-10 14:57:10', 562, 9);
insert into Revervation (RevervationId, CheckIn, CheckOut, RoomId, GuestId) values (125, '2019-09-07 23:17:31', '2019-09-14 12:25:13', 524, 395);
insert into Revervation (RevervationId, CheckIn, CheckOut, RoomId, GuestId) values (126, '2019-09-07 23:21:50', '2019-09-14 04:30:39', 412, 572);
insert into Revervation (RevervationId, CheckIn, CheckOut, RoomId, GuestId) values (127, '2019-09-07 18:02:06', '2019-09-11 10:17:23', 264, 279);
insert into Revervation (RevervationId, CheckIn, CheckOut, RoomId, GuestId) values (128, '2019-09-07 14:03:01', '2019-09-11 16:59:57', 673, 995);
insert into Revervation (RevervationId, CheckIn, CheckOut, RoomId, GuestId) values (129, '2019-09-06 09:06:28', '2019-09-11 12:38:06', 856, 282);
insert into Revervation (RevervationId, CheckIn, CheckOut, RoomId, GuestId) values (130, '2019-09-07 07:22:52', '2019-09-14 21:37:18', 180, 142);
insert into Revervation (RevervationId, CheckIn, CheckOut, RoomId, GuestId) values (131, '2019-09-07 17:01:19', '2019-09-14 16:17:08', 175, 44);
insert into Revervation (RevervationId, CheckIn, CheckOut, RoomId, GuestId) values (132, '2019-09-08 17:03:19', '2019-09-13 18:54:33', 394, 48);
insert into Revervation (RevervationId, CheckIn, CheckOut, RoomId, GuestId) values (133, '2019-09-08 09:11:19', '2019-09-13 06:46:29', 479, 991);
insert into Revervation (RevervationId, CheckIn, CheckOut, RoomId, GuestId) values (134, '2019-09-08 22:43:54', '2019-09-10 09:14:38', 274, 225);
insert into Revervation (RevervationId, CheckIn, CheckOut, RoomId, GuestId) values (135, '2019-09-08 03:34:02', '2019-09-12 10:08:21', 261, 880);
insert into Revervation (RevervationId, CheckIn, CheckOut, RoomId, GuestId) values (136, '2019-09-06 02:52:38', '2019-09-11 16:33:55', 989, 526);
insert into Revervation (RevervationId, CheckIn, CheckOut, RoomId, GuestId) values (137, '2019-09-06 15:50:01', '2019-09-12 04:31:12', 439, 549);
insert into Revervation (RevervationId, CheckIn, CheckOut, RoomId, GuestId) values (138, '2019-09-07 11:21:42', '2019-09-11 19:19:57', 242, 956);
insert into Revervation (RevervationId, CheckIn, CheckOut, RoomId, GuestId) values (139, '2019-09-06 08:35:48', '2019-09-13 16:32:25', 759, 621);
insert into Revervation (RevervationId, CheckIn, CheckOut, RoomId, GuestId) values (140, '2019-09-08 15:24:00', '2019-09-12 23:56:56', 591, 13);
insert into Revervation (RevervationId, CheckIn, CheckOut, RoomId, GuestId) values (141, '2019-09-06 00:54:05', '2019-09-14 00:14:44', 701, 914);
insert into Revervation (RevervationId, CheckIn, CheckOut, RoomId, GuestId) values (142, '2019-09-07 02:02:31', '2019-09-14 07:17:59', 995, 168);
insert into Revervation (RevervationId, CheckIn, CheckOut, RoomId, GuestId) values (143, '2019-09-07 15:44:55', '2019-09-14 05:57:54', 261, 691);
insert into Revervation (RevervationId, CheckIn, CheckOut, RoomId, GuestId) values (144, '2019-09-08 05:34:05', '2019-09-14 07:13:01', 800, 393);
insert into Revervation (RevervationId, CheckIn, CheckOut, RoomId, GuestId) values (145, '2019-09-06 07:43:06', '2019-09-10 08:49:46', 914, 422);
insert into Revervation (RevervationId, CheckIn, CheckOut, RoomId, GuestId) values (146, '2019-09-06 07:45:14', '2019-09-11 20:57:34', 443, 214);
insert into Revervation (RevervationId, CheckIn, CheckOut, RoomId, GuestId) values (147, '2019-09-08 01:15:16', '2019-09-13 08:53:52', 95, 254);
insert into Revervation (RevervationId, CheckIn, CheckOut, RoomId, GuestId) values (148, '2019-09-06 02:10:33', '2019-09-10 20:03:51', 265, 409);
insert into Revervation (RevervationId, CheckIn, CheckOut, RoomId, GuestId) values (149, '2019-09-06 11:10:32', '2019-09-13 01:48:36', 595, 11);
insert into Revervation (RevervationId, CheckIn, CheckOut, RoomId, GuestId) values (150, '2019-09-06 16:32:05', '2019-09-12 16:42:09', 530, 446);
insert into Revervation (RevervationId, CheckIn, CheckOut, RoomId, GuestId) values (151, '2019-09-08 15:03:08', '2019-09-12 02:57:40', 1, 266);
insert into Revervation (RevervationId, CheckIn, CheckOut, RoomId, GuestId) values (152, '2019-09-08 00:37:58', '2019-09-10 04:12:29', 518, 3);
insert into Revervation (RevervationId, CheckIn, CheckOut, RoomId, GuestId) values (153, '2019-09-08 10:45:39', '2019-09-11 14:39:32', 674, 337);
insert into Revervation (RevervationId, CheckIn, CheckOut, RoomId, GuestId) values (154, '2019-09-06 05:50:18', '2019-09-13 14:26:50', 959, 687);
insert into Revervation (RevervationId, CheckIn, CheckOut, RoomId, GuestId) values (155, '2019-09-06 01:10:03', '2019-09-10 07:29:38', 455, 119);
insert into Revervation (RevervationId, CheckIn, CheckOut, RoomId, GuestId) values (156, '2019-09-07 04:09:29', '2019-09-10 07:04:55', 788, 596);
insert into Revervation (RevervationId, CheckIn, CheckOut, RoomId, GuestId) values (157, '2019-09-07 13:14:59', '2019-09-11 08:09:15', 74, 665);
insert into Revervation (RevervationId, CheckIn, CheckOut, RoomId, GuestId) values (158, '2019-09-08 14:04:07', '2019-09-10 15:22:33', 884, 430);
insert into Revervation (RevervationId, CheckIn, CheckOut, RoomId, GuestId) values (159, '2019-09-07 12:18:44', '2019-09-13 01:25:58', 281, 750);
insert into Revervation (RevervationId, CheckIn, CheckOut, RoomId, GuestId) values (160, '2019-09-07 19:23:00', '2019-09-14 03:47:31', 93, 698);
insert into Revervation (RevervationId, CheckIn, CheckOut, RoomId, GuestId) values (161, '2019-09-06 07:28:23', '2019-09-11 22:49:14', 179, 761);
insert into Revervation (RevervationId, CheckIn, CheckOut, RoomId, GuestId) values (162, '2019-09-06 19:47:02', '2019-09-13 05:59:13', 204, 499);
insert into Revervation (RevervationId, CheckIn, CheckOut, RoomId, GuestId) values (163, '2019-09-07 01:20:20', '2019-09-11 17:44:05', 101, 222);
insert into Revervation (RevervationId, CheckIn, CheckOut, RoomId, GuestId) values (164, '2019-09-07 02:10:07', '2019-09-10 16:26:02', 604, 262);
insert into Revervation (RevervationId, CheckIn, CheckOut, RoomId, GuestId) values (165, '2019-09-06 07:10:28', '2019-09-13 15:34:57', 513, 844);
insert into Revervation (RevervationId, CheckIn, CheckOut, RoomId, GuestId) values (166, '2019-09-08 00:10:45', '2019-09-13 00:00:10', 271, 635);
insert into Revervation (RevervationId, CheckIn, CheckOut, RoomId, GuestId) values (167, '2019-09-07 14:07:27', '2019-09-12 17:18:36', 639, 420);
insert into Revervation (RevervationId, CheckIn, CheckOut, RoomId, GuestId) values (168, '2019-09-06 18:20:44', '2019-09-12 06:20:32', 274, 809);
insert into Revervation (RevervationId, CheckIn, CheckOut, RoomId, GuestId) values (169, '2019-09-06 13:55:55', '2019-09-13 11:43:16', 125, 193);
insert into Revervation (RevervationId, CheckIn, CheckOut, RoomId, GuestId) values (170, '2019-09-06 00:15:13', '2019-09-14 15:32:24', 620, 741);
insert into Revervation (RevervationId, CheckIn, CheckOut, RoomId, GuestId) values (171, '2019-09-08 23:16:54', '2019-09-10 15:42:12', 887, 842);
insert into Revervation (RevervationId, CheckIn, CheckOut, RoomId, GuestId) values (172, '2019-09-08 18:22:31', '2019-09-11 02:59:49', 796, 131);
insert into Revervation (RevervationId, CheckIn, CheckOut, RoomId, GuestId) values (173, '2019-09-06 18:30:42', '2019-09-10 22:33:56', 921, 724);
insert into Revervation (RevervationId, CheckIn, CheckOut, RoomId, GuestId) values (174, '2019-09-08 01:43:32', '2019-09-13 08:45:07', 322, 547);
insert into Revervation (RevervationId, CheckIn, CheckOut, RoomId, GuestId) values (175, '2019-09-08 19:50:33', '2019-09-12 20:55:31', 880, 971);
insert into Revervation (RevervationId, CheckIn, CheckOut, RoomId, GuestId) values (176, '2019-09-07 17:59:34', '2019-09-11 18:47:23', 50, 425);
insert into Revervation (RevervationId, CheckIn, CheckOut, RoomId, GuestId) values (177, '2019-09-08 13:10:10', '2019-09-13 06:05:28', 625, 646);
insert into Revervation (RevervationId, CheckIn, CheckOut, RoomId, GuestId) values (178, '2019-09-08 17:06:10', '2019-09-11 11:49:17', 51, 177);
insert into Revervation (RevervationId, CheckIn, CheckOut, RoomId, GuestId) values (179, '2019-09-07 09:15:49', '2019-09-13 21:00:31', 35, 638);
insert into Revervation (RevervationId, CheckIn, CheckOut, RoomId, GuestId) values (180, '2019-09-06 21:13:36', '2019-09-14 16:17:08', 530, 330);
insert into Revervation (RevervationId, CheckIn, CheckOut, RoomId, GuestId) values (181, '2019-09-08 21:03:40', '2019-09-14 18:01:04', 19, 305);
insert into Revervation (RevervationId, CheckIn, CheckOut, RoomId, GuestId) values (182, '2019-09-07 22:01:09', '2019-09-12 06:14:11', 661, 324);
insert into Revervation (RevervationId, CheckIn, CheckOut, RoomId, GuestId) values (183, '2019-09-07 07:18:39', '2019-09-11 08:47:16', 539, 991);
insert into Revervation (RevervationId, CheckIn, CheckOut, RoomId, GuestId) values (184, '2019-09-06 07:42:00', '2019-09-10 03:32:53', 4, 217);
insert into Revervation (RevervationId, CheckIn, CheckOut, RoomId, GuestId) values (185, '2019-09-08 03:56:32', '2019-09-11 23:53:35', 469, 775);
insert into Revervation (RevervationId, CheckIn, CheckOut, RoomId, GuestId) values (186, '2019-09-08 22:09:07', '2019-09-12 05:18:00', 918, 850);
insert into Revervation (RevervationId, CheckIn, CheckOut, RoomId, GuestId) values (187, '2019-09-08 06:31:44', '2019-09-10 20:53:47', 903, 659);
insert into Revervation (RevervationId, CheckIn, CheckOut, RoomId, GuestId) values (188, '2019-09-06 12:42:40', '2019-09-12 11:40:16', 956, 909);
insert into Revervation (RevervationId, CheckIn, CheckOut, RoomId, GuestId) values (189, '2019-09-06 10:23:42', '2019-09-11 18:38:39', 141, 224);
insert into Revervation (RevervationId, CheckIn, CheckOut, RoomId, GuestId) values (190, '2019-09-08 02:37:35', '2019-09-13 22:00:28', 613, 591);
insert into Revervation (RevervationId, CheckIn, CheckOut, RoomId, GuestId) values (191, '2019-09-06 23:12:55', '2019-09-13 08:25:25', 971, 237);
insert into Revervation (RevervationId, CheckIn, CheckOut, RoomId, GuestId) values (192, '2019-09-06 12:46:14', '2019-09-14 07:56:03', 71, 330);
insert into Revervation (RevervationId, CheckIn, CheckOut, RoomId, GuestId) values (193, '2019-09-07 09:44:15', '2019-09-13 17:06:38', 834, 303);
insert into Revervation (RevervationId, CheckIn, CheckOut, RoomId, GuestId) values (194, '2019-09-06 21:59:49', '2019-09-11 12:33:11', 776, 335);
insert into Revervation (RevervationId, CheckIn, CheckOut, RoomId, GuestId) values (195, '2019-09-07 07:52:37', '2019-09-12 05:53:32', 740, 873);
insert into Revervation (RevervationId, CheckIn, CheckOut, RoomId, GuestId) values (196, '2019-09-08 19:09:41', '2019-09-11 14:21:25', 172, 638);
insert into Revervation (RevervationId, CheckIn, CheckOut, RoomId, GuestId) values (197, '2019-09-07 23:29:17', '2019-09-14 18:15:02', 957, 102);
insert into Revervation (RevervationId, CheckIn, CheckOut, RoomId, GuestId) values (198, '2019-09-08 23:40:40', '2019-09-14 10:17:12', 505, 825);
insert into Revervation (RevervationId, CheckIn, CheckOut, RoomId, GuestId) values (199, '2019-09-07 18:16:13', '2019-09-12 02:39:48', 943, 142);
insert into Revervation (RevervationId, CheckIn, CheckOut, RoomId, GuestId) values (200, '2019-09-06 19:52:25', '2019-09-12 08:43:38', 879, 202);
insert into Revervation (RevervationId, CheckIn, CheckOut, RoomId, GuestId) values (201, '2019-09-08 04:12:24', '2019-09-10 18:48:02', 401, 923);
insert into Revervation (RevervationId, CheckIn, CheckOut, RoomId, GuestId) values (202, '2019-09-07 12:07:19', '2019-09-11 08:55:16', 870, 928);
insert into Revervation (RevervationId, CheckIn, CheckOut, RoomId, GuestId) values (203, '2019-09-08 21:51:56', '2019-09-11 01:27:47', 800, 456);
insert into Revervation (RevervationId, CheckIn, CheckOut, RoomId, GuestId) values (204, '2019-09-08 14:56:44', '2019-09-14 09:30:32', 762, 711);
insert into Revervation (RevervationId, CheckIn, CheckOut, RoomId, GuestId) values (205, '2019-09-07 05:26:55', '2019-09-10 05:02:21', 771, 668);
insert into Revervation (RevervationId, CheckIn, CheckOut, RoomId, GuestId) values (206, '2019-09-06 04:52:50', '2019-09-12 20:36:52', 730, 994);
insert into Revervation (RevervationId, CheckIn, CheckOut, RoomId, GuestId) values (207, '2019-09-07 16:06:48', '2019-09-13 20:27:38', 999, 47);
insert into Revervation (RevervationId, CheckIn, CheckOut, RoomId, GuestId) values (208, '2019-09-08 01:43:57', '2019-09-14 22:04:12', 597, 802);
insert into Revervation (RevervationId, CheckIn, CheckOut, RoomId, GuestId) values (209, '2019-09-08 08:40:03', '2019-09-14 15:24:38', 70, 607);
insert into Revervation (RevervationId, CheckIn, CheckOut, RoomId, GuestId) values (210, '2019-09-06 20:16:48', '2019-09-12 10:13:12', 197, 489);
insert into Revervation (RevervationId, CheckIn, CheckOut, RoomId, GuestId) values (211, '2019-09-07 13:44:11', '2019-09-12 02:02:22', 620, 365);
insert into Revervation (RevervationId, CheckIn, CheckOut, RoomId, GuestId) values (212, '2019-09-07 07:29:24', '2019-09-13 04:51:24', 712, 615);
insert into Revervation (RevervationId, CheckIn, CheckOut, RoomId, GuestId) values (213, '2019-09-08 22:35:43', '2019-09-11 20:58:48', 977, 489);
insert into Revervation (RevervationId, CheckIn, CheckOut, RoomId, GuestId) values (214, '2019-09-08 02:35:11', '2019-09-14 13:11:57', 954, 239);
insert into Revervation (RevervationId, CheckIn, CheckOut, RoomId, GuestId) values (215, '2019-09-06 01:47:39', '2019-09-13 15:42:38', 713, 703);
insert into Revervation (RevervationId, CheckIn, CheckOut, RoomId, GuestId) values (216, '2019-09-06 08:41:46', '2019-09-14 16:10:47', 388, 498);
insert into Revervation (RevervationId, CheckIn, CheckOut, RoomId, GuestId) values (217, '2019-09-06 16:41:30', '2019-09-10 18:13:02', 396, 884);
insert into Revervation (RevervationId, CheckIn, CheckOut, RoomId, GuestId) values (218, '2019-09-08 23:28:02', '2019-09-14 15:03:01', 578, 277);
insert into Revervation (RevervationId, CheckIn, CheckOut, RoomId, GuestId) values (219, '2019-09-07 03:12:25', '2019-09-10 07:01:17', 691, 395);
insert into Revervation (RevervationId, CheckIn, CheckOut, RoomId, GuestId) values (220, '2019-09-06 19:51:39', '2019-09-10 19:34:42', 650, 528);
insert into Revervation (RevervationId, CheckIn, CheckOut, RoomId, GuestId) values (221, '2019-09-08 02:48:06', '2019-09-13 19:38:32', 760, 301);
insert into Revervation (RevervationId, CheckIn, CheckOut, RoomId, GuestId) values (222, '2019-09-06 14:22:23', '2019-09-10 13:23:56', 800, 329);
insert into Revervation (RevervationId, CheckIn, CheckOut, RoomId, GuestId) values (223, '2019-09-08 11:27:37', '2019-09-12 07:12:59', 750, 34);
insert into Revervation (RevervationId, CheckIn, CheckOut, RoomId, GuestId) values (224, '2019-09-08 04:36:38', '2019-09-14 07:37:29', 396, 959);
insert into Revervation (RevervationId, CheckIn, CheckOut, RoomId, GuestId) values (225, '2019-09-06 17:34:24', '2019-09-10 23:27:29', 455, 373);
insert into Revervation (RevervationId, CheckIn, CheckOut, RoomId, GuestId) values (226, '2019-09-07 13:34:05', '2019-09-11 23:08:08', 639, 416);
insert into Revervation (RevervationId, CheckIn, CheckOut, RoomId, GuestId) values (227, '2019-09-08 23:30:29', '2019-09-11 10:52:25', 644, 656);
insert into Revervation (RevervationId, CheckIn, CheckOut, RoomId, GuestId) values (228, '2019-09-07 03:02:56', '2019-09-14 23:32:37', 470, 916);
insert into Revervation (RevervationId, CheckIn, CheckOut, RoomId, GuestId) values (229, '2019-09-07 06:07:21', '2019-09-10 15:54:36', 863, 85);
insert into Revervation (RevervationId, CheckIn, CheckOut, RoomId, GuestId) values (230, '2019-09-08 21:52:46', '2019-09-14 11:01:26', 869, 508);
insert into Revervation (RevervationId, CheckIn, CheckOut, RoomId, GuestId) values (231, '2019-09-07 13:22:09', '2019-09-10 00:53:23', 270, 683);
insert into Revervation (RevervationId, CheckIn, CheckOut, RoomId, GuestId) values (232, '2019-09-06 07:08:39', '2019-09-12 20:46:15', 841, 780);
insert into Revervation (RevervationId, CheckIn, CheckOut, RoomId, GuestId) values (233, '2019-09-08 11:36:17', '2019-09-11 19:02:32', 885, 783);
insert into Revervation (RevervationId, CheckIn, CheckOut, RoomId, GuestId) values (234, '2019-09-06 14:45:26', '2019-09-10 22:46:21', 282, 719);
insert into Revervation (RevervationId, CheckIn, CheckOut, RoomId, GuestId) values (235, '2019-09-08 07:00:58', '2019-09-12 20:09:00', 145, 434);
insert into Revervation (RevervationId, CheckIn, CheckOut, RoomId, GuestId) values (236, '2019-09-08 01:15:25', '2019-09-10 09:09:55', 617, 169);
insert into Revervation (RevervationId, CheckIn, CheckOut, RoomId, GuestId) values (237, '2019-09-08 03:52:19', '2019-09-14 10:20:11', 427, 63);
insert into Revervation (RevervationId, CheckIn, CheckOut, RoomId, GuestId) values (238, '2019-09-07 01:58:45', '2019-09-11 14:34:15', 743, 83);
insert into Revervation (RevervationId, CheckIn, CheckOut, RoomId, GuestId) values (239, '2019-09-06 23:08:43', '2019-09-12 20:19:57', 66, 907);
insert into Revervation (RevervationId, CheckIn, CheckOut, RoomId, GuestId) values (240, '2019-09-07 11:36:15', '2019-09-11 04:55:04', 279, 967);
insert into Revervation (RevervationId, CheckIn, CheckOut, RoomId, GuestId) values (241, '2019-09-08 05:15:56', '2019-09-12 08:52:35', 61, 461);
insert into Revervation (RevervationId, CheckIn, CheckOut, RoomId, GuestId) values (242, '2019-09-06 14:00:43', '2019-09-12 20:14:20', 285, 126);
insert into Revervation (RevervationId, CheckIn, CheckOut, RoomId, GuestId) values (243, '2019-09-07 17:36:02', '2019-09-11 03:17:20', 169, 972);
insert into Revervation (RevervationId, CheckIn, CheckOut, RoomId, GuestId) values (244, '2019-09-08 03:40:21', '2019-09-11 16:57:55', 716, 240);
insert into Revervation (RevervationId, CheckIn, CheckOut, RoomId, GuestId) values (245, '2019-09-08 01:24:04', '2019-09-11 09:59:37', 410, 578);
insert into Revervation (RevervationId, CheckIn, CheckOut, RoomId, GuestId) values (246, '2019-09-06 20:48:44', '2019-09-11 19:24:04', 951, 118);
insert into Revervation (RevervationId, CheckIn, CheckOut, RoomId, GuestId) values (247, '2019-09-08 20:32:33', '2019-09-10 21:29:41', 277, 535);
insert into Revervation (RevervationId, CheckIn, CheckOut, RoomId, GuestId) values (248, '2019-09-08 01:13:21', '2019-09-12 23:37:37', 887, 50);
insert into Revervation (RevervationId, CheckIn, CheckOut, RoomId, GuestId) values (249, '2019-09-08 16:08:20', '2019-09-11 15:11:59', 187, 981);
insert into Revervation (RevervationId, CheckIn, CheckOut, RoomId, GuestId) values (250, '2019-09-07 17:23:59', '2019-09-11 14:32:29', 179, 936);
insert into Revervation (RevervationId, CheckIn, CheckOut, RoomId, GuestId) values (251, '2019-09-06 05:55:17', '2019-09-11 10:34:20', 539, 830);
insert into Revervation (RevervationId, CheckIn, CheckOut, RoomId, GuestId) values (252, '2019-09-08 10:05:54', '2019-09-13 10:51:08', 861, 918);
insert into Revervation (RevervationId, CheckIn, CheckOut, RoomId, GuestId) values (253, '2019-09-06 21:56:29', '2019-09-11 15:26:41', 448, 13);
insert into Revervation (RevervationId, CheckIn, CheckOut, RoomId, GuestId) values (254, '2019-09-06 03:11:40', '2019-09-11 10:00:52', 484, 870);
insert into Revervation (RevervationId, CheckIn, CheckOut, RoomId, GuestId) values (255, '2019-09-08 00:33:09', '2019-09-10 07:33:12', 485, 986);
insert into Revervation (RevervationId, CheckIn, CheckOut, RoomId, GuestId) values (256, '2019-09-06 05:15:24', '2019-09-13 04:57:34', 152, 41);
insert into Revervation (RevervationId, CheckIn, CheckOut, RoomId, GuestId) values (257, '2019-09-08 18:36:44', '2019-09-10 09:29:43', 789, 17);
insert into Revervation (RevervationId, CheckIn, CheckOut, RoomId, GuestId) values (258, '2019-09-08 04:57:54', '2019-09-14 20:43:03', 389, 582);
insert into Revervation (RevervationId, CheckIn, CheckOut, RoomId, GuestId) values (259, '2019-09-08 17:28:47', '2019-09-14 09:14:27', 666, 540);
insert into Revervation (RevervationId, CheckIn, CheckOut, RoomId, GuestId) values (260, '2019-09-06 23:49:05', '2019-09-10 10:39:41', 525, 995);
insert into Revervation (RevervationId, CheckIn, CheckOut, RoomId, GuestId) values (261, '2019-09-08 01:42:39', '2019-09-10 07:16:58', 589, 54);
insert into Revervation (RevervationId, CheckIn, CheckOut, RoomId, GuestId) values (262, '2019-09-07 09:39:47', '2019-09-10 23:19:05', 772, 800);
insert into Revervation (RevervationId, CheckIn, CheckOut, RoomId, GuestId) values (263, '2019-09-08 06:20:19', '2019-09-12 23:41:05', 772, 569);
insert into Revervation (RevervationId, CheckIn, CheckOut, RoomId, GuestId) values (264, '2019-09-06 04:25:00', '2019-09-12 02:07:00', 390, 679);
insert into Revervation (RevervationId, CheckIn, CheckOut, RoomId, GuestId) values (265, '2019-09-06 09:25:38', '2019-09-12 07:08:06', 153, 603);
insert into Revervation (RevervationId, CheckIn, CheckOut, RoomId, GuestId) values (266, '2019-09-08 10:37:41', '2019-09-13 13:13:16', 995, 324);
insert into Revervation (RevervationId, CheckIn, CheckOut, RoomId, GuestId) values (267, '2019-09-06 12:39:30', '2019-09-12 15:20:42', 338, 936);
insert into Revervation (RevervationId, CheckIn, CheckOut, RoomId, GuestId) values (268, '2019-09-06 18:33:22', '2019-09-12 21:52:06', 322, 721);
insert into Revervation (RevervationId, CheckIn, CheckOut, RoomId, GuestId) values (269, '2019-09-08 03:32:22', '2019-09-12 02:05:57', 463, 724);
insert into Revervation (RevervationId, CheckIn, CheckOut, RoomId, GuestId) values (270, '2019-09-08 02:24:38', '2019-09-13 10:14:54', 322, 613);
insert into Revervation (RevervationId, CheckIn, CheckOut, RoomId, GuestId) values (271, '2019-09-08 03:31:01', '2019-09-14 02:15:52', 400, 922);
insert into Revervation (RevervationId, CheckIn, CheckOut, RoomId, GuestId) values (272, '2019-09-08 17:21:59', '2019-09-10 14:13:21', 457, 410);
insert into Revervation (RevervationId, CheckIn, CheckOut, RoomId, GuestId) values (273, '2019-09-06 20:25:38', '2019-09-11 12:36:55', 46, 212);
insert into Revervation (RevervationId, CheckIn, CheckOut, RoomId, GuestId) values (274, '2019-09-07 10:14:58', '2019-09-11 09:47:53', 882, 156);
insert into Revervation (RevervationId, CheckIn, CheckOut, RoomId, GuestId) values (275, '2019-09-06 04:45:56', '2019-09-13 23:55:41', 519, 701);
insert into Revervation (RevervationId, CheckIn, CheckOut, RoomId, GuestId) values (276, '2019-09-07 15:58:58', '2019-09-14 06:23:45', 547, 404);
insert into Revervation (RevervationId, CheckIn, CheckOut, RoomId, GuestId) values (277, '2019-09-06 16:18:59', '2019-09-14 18:28:14', 785, 787);
insert into Revervation (RevervationId, CheckIn, CheckOut, RoomId, GuestId) values (278, '2019-09-08 08:19:52', '2019-09-13 21:48:55', 415, 521);
insert into Revervation (RevervationId, CheckIn, CheckOut, RoomId, GuestId) values (279, '2019-09-08 17:31:12', '2019-09-10 17:10:50', 975, 509);
insert into Revervation (RevervationId, CheckIn, CheckOut, RoomId, GuestId) values (280, '2019-09-07 11:28:58', '2019-09-10 12:17:05', 730, 11);
insert into Revervation (RevervationId, CheckIn, CheckOut, RoomId, GuestId) values (281, '2019-09-06 12:31:47', '2019-09-12 12:43:04', 367, 140);
insert into Revervation (RevervationId, CheckIn, CheckOut, RoomId, GuestId) values (282, '2019-09-07 00:57:13', '2019-09-14 16:50:43', 735, 815);
insert into Revervation (RevervationId, CheckIn, CheckOut, RoomId, GuestId) values (283, '2019-09-06 00:06:04', '2019-09-13 10:09:58', 486, 148);
insert into Revervation (RevervationId, CheckIn, CheckOut, RoomId, GuestId) values (284, '2019-09-08 16:42:03', '2019-09-14 06:58:16', 293, 331);
insert into Revervation (RevervationId, CheckIn, CheckOut, RoomId, GuestId) values (285, '2019-09-06 20:50:34', '2019-09-14 13:43:54', 378, 689);
insert into Revervation (RevervationId, CheckIn, CheckOut, RoomId, GuestId) values (286, '2019-09-08 18:17:34', '2019-09-10 06:50:43', 892, 775);
insert into Revervation (RevervationId, CheckIn, CheckOut, RoomId, GuestId) values (287, '2019-09-08 15:33:23', '2019-09-11 00:33:04', 254, 350);
insert into Revervation (RevervationId, CheckIn, CheckOut, RoomId, GuestId) values (288, '2019-09-07 05:56:34', '2019-09-11 03:32:53', 202, 578);
insert into Revervation (RevervationId, CheckIn, CheckOut, RoomId, GuestId) values (289, '2019-09-07 16:37:00', '2019-09-11 13:09:45', 932, 376);
insert into Revervation (RevervationId, CheckIn, CheckOut, RoomId, GuestId) values (290, '2019-09-08 19:44:30', '2019-09-12 19:35:04', 489, 605);
insert into Revervation (RevervationId, CheckIn, CheckOut, RoomId, GuestId) values (291, '2019-09-08 03:22:59', '2019-09-13 01:46:43', 312, 693);
insert into Revervation (RevervationId, CheckIn, CheckOut, RoomId, GuestId) values (292, '2019-09-07 09:04:01', '2019-09-10 15:54:20', 443, 48);
insert into Revervation (RevervationId, CheckIn, CheckOut, RoomId, GuestId) values (293, '2019-09-08 17:48:46', '2019-09-13 08:02:47', 987, 726);
insert into Revervation (RevervationId, CheckIn, CheckOut, RoomId, GuestId) values (294, '2019-09-06 18:57:17', '2019-09-12 13:02:04', 38, 360);
insert into Revervation (RevervationId, CheckIn, CheckOut, RoomId, GuestId) values (295, '2019-09-08 03:58:31', '2019-09-12 09:52:53', 602, 485);
insert into Revervation (RevervationId, CheckIn, CheckOut, RoomId, GuestId) values (296, '2019-09-06 00:11:43', '2019-09-13 22:54:12', 848, 598);
insert into Revervation (RevervationId, CheckIn, CheckOut, RoomId, GuestId) values (297, '2019-09-08 16:34:20', '2019-09-10 15:24:09', 788, 79);
insert into Revervation (RevervationId, CheckIn, CheckOut, RoomId, GuestId) values (298, '2019-09-06 12:00:00', '2019-09-10 08:14:28', 463, 202);
insert into Revervation (RevervationId, CheckIn, CheckOut, RoomId, GuestId) values (299, '2019-09-07 05:19:11', '2019-09-12 01:57:37', 641, 1000);
insert into Revervation (RevervationId, CheckIn, CheckOut, RoomId, GuestId) values (300, '2019-09-06 20:34:29', '2019-09-12 02:59:51', 420, 607);
insert into Revervation (RevervationId, CheckIn, CheckOut, RoomId, GuestId) values (301, '2019-09-08 04:57:46', '2019-09-13 04:18:42', 811, 697);
insert into Revervation (RevervationId, CheckIn, CheckOut, RoomId, GuestId) values (302, '2019-09-06 17:49:05', '2019-09-14 10:14:00', 493, 731);
insert into Revervation (RevervationId, CheckIn, CheckOut, RoomId, GuestId) values (303, '2019-09-07 11:09:06', '2019-09-12 23:07:53', 53, 550);
insert into Revervation (RevervationId, CheckIn, CheckOut, RoomId, GuestId) values (304, '2019-09-06 21:04:53', '2019-09-11 19:07:07', 818, 582);
insert into Revervation (RevervationId, CheckIn, CheckOut, RoomId, GuestId) values (305, '2019-09-08 12:29:18', '2019-09-12 08:51:48', 533, 261);
insert into Revervation (RevervationId, CheckIn, CheckOut, RoomId, GuestId) values (306, '2019-09-08 00:29:46', '2019-09-13 09:28:51', 47, 787);
insert into Revervation (RevervationId, CheckIn, CheckOut, RoomId, GuestId) values (307, '2019-09-06 07:29:53', '2019-09-10 16:57:31', 269, 94);
insert into Revervation (RevervationId, CheckIn, CheckOut, RoomId, GuestId) values (308, '2019-09-06 20:39:06', '2019-09-13 09:59:19', 634, 65);
insert into Revervation (RevervationId, CheckIn, CheckOut, RoomId, GuestId) values (309, '2019-09-07 19:04:54', '2019-09-12 08:55:29', 489, 991);
insert into Revervation (RevervationId, CheckIn, CheckOut, RoomId, GuestId) values (310, '2019-09-06 06:30:48', '2019-09-13 16:11:10', 474, 680);
insert into Revervation (RevervationId, CheckIn, CheckOut, RoomId, GuestId) values (311, '2019-09-07 18:01:30', '2019-09-14 05:58:49', 339, 496);
insert into Revervation (RevervationId, CheckIn, CheckOut, RoomId, GuestId) values (312, '2019-09-06 15:16:25', '2019-09-12 15:31:46', 636, 123);
insert into Revervation (RevervationId, CheckIn, CheckOut, RoomId, GuestId) values (313, '2019-09-07 12:45:30', '2019-09-10 20:32:43', 511, 119);
insert into Revervation (RevervationId, CheckIn, CheckOut, RoomId, GuestId) values (314, '2019-09-06 02:53:04', '2019-09-13 06:33:49', 116, 297);
insert into Revervation (RevervationId, CheckIn, CheckOut, RoomId, GuestId) values (315, '2019-09-06 02:33:12', '2019-09-14 17:50:02', 109, 234);
insert into Revervation (RevervationId, CheckIn, CheckOut, RoomId, GuestId) values (316, '2019-09-07 03:08:21', '2019-09-12 06:33:30', 737, 973);
insert into Revervation (RevervationId, CheckIn, CheckOut, RoomId, GuestId) values (317, '2019-09-07 11:10:51', '2019-09-12 18:18:52', 958, 504);
insert into Revervation (RevervationId, CheckIn, CheckOut, RoomId, GuestId) values (318, '2019-09-08 00:03:22', '2019-09-10 06:22:05', 568, 749);
insert into Revervation (RevervationId, CheckIn, CheckOut, RoomId, GuestId) values (319, '2019-09-07 04:32:36', '2019-09-13 04:44:37', 543, 503);
insert into Revervation (RevervationId, CheckIn, CheckOut, RoomId, GuestId) values (320, '2019-09-06 00:27:02', '2019-09-12 13:57:20', 62, 819);
insert into Revervation (RevervationId, CheckIn, CheckOut, RoomId, GuestId) values (321, '2019-09-08 18:37:52', '2019-09-11 08:26:28', 823, 617);
insert into Revervation (RevervationId, CheckIn, CheckOut, RoomId, GuestId) values (322, '2019-09-08 13:15:24', '2019-09-10 13:42:50', 807, 839);
insert into Revervation (RevervationId, CheckIn, CheckOut, RoomId, GuestId) values (323, '2019-09-08 03:23:46', '2019-09-12 21:48:04', 560, 309);
insert into Revervation (RevervationId, CheckIn, CheckOut, RoomId, GuestId) values (324, '2019-09-07 03:20:31', '2019-09-14 20:58:40', 868, 267);
insert into Revervation (RevervationId, CheckIn, CheckOut, RoomId, GuestId) values (325, '2019-09-06 20:22:31', '2019-09-11 11:07:13', 11, 263);
insert into Revervation (RevervationId, CheckIn, CheckOut, RoomId, GuestId) values (326, '2019-09-06 22:09:24', '2019-09-12 12:33:17', 950, 140);
insert into Revervation (RevervationId, CheckIn, CheckOut, RoomId, GuestId) values (327, '2019-09-08 21:02:13', '2019-09-13 11:15:20', 732, 901);
insert into Revervation (RevervationId, CheckIn, CheckOut, RoomId, GuestId) values (328, '2019-09-08 22:56:16', '2019-09-13 10:20:34', 348, 232);
insert into Revervation (RevervationId, CheckIn, CheckOut, RoomId, GuestId) values (329, '2019-09-06 22:11:51', '2019-09-10 09:43:12', 960, 654);
insert into Revervation (RevervationId, CheckIn, CheckOut, RoomId, GuestId) values (330, '2019-09-07 01:12:44', '2019-09-13 01:10:05', 548, 972);
insert into Revervation (RevervationId, CheckIn, CheckOut, RoomId, GuestId) values (331, '2019-09-07 02:22:11', '2019-09-10 11:13:21', 131, 144);
insert into Revervation (RevervationId, CheckIn, CheckOut, RoomId, GuestId) values (332, '2019-09-07 10:10:51', '2019-09-13 08:20:48', 975, 101);
insert into Revervation (RevervationId, CheckIn, CheckOut, RoomId, GuestId) values (333, '2019-09-08 07:09:33', '2019-09-14 03:39:51', 434, 779);
insert into Revervation (RevervationId, CheckIn, CheckOut, RoomId, GuestId) values (334, '2019-09-06 03:12:05', '2019-09-12 17:33:04', 351, 656);
insert into Revervation (RevervationId, CheckIn, CheckOut, RoomId, GuestId) values (335, '2019-09-06 07:47:03', '2019-09-11 14:52:07', 462, 369);
insert into Revervation (RevervationId, CheckIn, CheckOut, RoomId, GuestId) values (336, '2019-09-07 09:18:38', '2019-09-13 05:48:59', 652, 431);
insert into Revervation (RevervationId, CheckIn, CheckOut, RoomId, GuestId) values (337, '2019-09-06 08:17:10', '2019-09-13 05:06:36', 678, 142);
insert into Revervation (RevervationId, CheckIn, CheckOut, RoomId, GuestId) values (338, '2019-09-06 04:52:31', '2019-09-11 00:43:23', 890, 473);
insert into Revervation (RevervationId, CheckIn, CheckOut, RoomId, GuestId) values (339, '2019-09-06 02:24:01', '2019-09-11 17:33:18', 664, 27);
insert into Revervation (RevervationId, CheckIn, CheckOut, RoomId, GuestId) values (340, '2019-09-07 23:24:41', '2019-09-10 01:55:33', 966, 84);
insert into Revervation (RevervationId, CheckIn, CheckOut, RoomId, GuestId) values (341, '2019-09-07 22:25:42', '2019-09-10 08:08:38', 723, 974);
insert into Revervation (RevervationId, CheckIn, CheckOut, RoomId, GuestId) values (342, '2019-09-07 14:09:42', '2019-09-11 08:40:44', 822, 404);
insert into Revervation (RevervationId, CheckIn, CheckOut, RoomId, GuestId) values (343, '2019-09-08 00:24:28', '2019-09-11 14:23:17', 604, 179);
insert into Revervation (RevervationId, CheckIn, CheckOut, RoomId, GuestId) values (344, '2019-09-07 00:37:16', '2019-09-12 23:30:36', 476, 356);
insert into Revervation (RevervationId, CheckIn, CheckOut, RoomId, GuestId) values (345, '2019-09-08 06:00:03', '2019-09-12 18:54:25', 596, 429);
insert into Revervation (RevervationId, CheckIn, CheckOut, RoomId, GuestId) values (346, '2019-09-07 18:12:48', '2019-09-12 12:31:44', 486, 926);
insert into Revervation (RevervationId, CheckIn, CheckOut, RoomId, GuestId) values (347, '2019-09-07 13:43:29', '2019-09-14 03:02:50', 635, 592);
insert into Revervation (RevervationId, CheckIn, CheckOut, RoomId, GuestId) values (348, '2019-09-07 03:01:13', '2019-09-11 16:33:39', 162, 164);
insert into Revervation (RevervationId, CheckIn, CheckOut, RoomId, GuestId) values (349, '2019-09-06 19:42:25', '2019-09-12 05:30:28', 701, 469);
insert into Revervation (RevervationId, CheckIn, CheckOut, RoomId, GuestId) values (350, '2019-09-06 08:45:23', '2019-09-12 08:49:32', 373, 812);
insert into Revervation (RevervationId, CheckIn, CheckOut, RoomId, GuestId) values (351, '2019-09-08 12:55:24', '2019-09-12 21:47:11', 17, 49);
insert into Revervation (RevervationId, CheckIn, CheckOut, RoomId, GuestId) values (352, '2019-09-07 15:57:30', '2019-09-13 18:04:57', 620, 259);
insert into Revervation (RevervationId, CheckIn, CheckOut, RoomId, GuestId) values (353, '2019-09-06 15:16:02', '2019-09-13 10:09:52', 184, 616);
insert into Revervation (RevervationId, CheckIn, CheckOut, RoomId, GuestId) values (354, '2019-09-07 13:11:22', '2019-09-10 08:41:22', 856, 560);
insert into Revervation (RevervationId, CheckIn, CheckOut, RoomId, GuestId) values (355, '2019-09-08 21:06:33', '2019-09-14 03:15:59', 244, 68);
insert into Revervation (RevervationId, CheckIn, CheckOut, RoomId, GuestId) values (356, '2019-09-07 03:19:49', '2019-09-12 03:11:29', 658, 106);
insert into Revervation (RevervationId, CheckIn, CheckOut, RoomId, GuestId) values (357, '2019-09-07 14:26:59', '2019-09-12 05:56:24', 185, 273);
insert into Revervation (RevervationId, CheckIn, CheckOut, RoomId, GuestId) values (358, '2019-09-07 17:00:08', '2019-09-10 11:39:36', 371, 723);
insert into Revervation (RevervationId, CheckIn, CheckOut, RoomId, GuestId) values (359, '2019-09-08 22:27:24', '2019-09-11 05:32:28', 35, 20);
insert into Revervation (RevervationId, CheckIn, CheckOut, RoomId, GuestId) values (360, '2019-09-08 14:42:06', '2019-09-11 20:53:45', 990, 237);
insert into Revervation (RevervationId, CheckIn, CheckOut, RoomId, GuestId) values (361, '2019-09-08 18:22:21', '2019-09-11 11:31:31', 603, 553);
insert into Revervation (RevervationId, CheckIn, CheckOut, RoomId, GuestId) values (362, '2019-09-08 09:17:05', '2019-09-14 00:44:09', 576, 650);
insert into Revervation (RevervationId, CheckIn, CheckOut, RoomId, GuestId) values (363, '2019-09-08 16:58:12', '2019-09-11 18:19:31', 442, 531);
insert into Revervation (RevervationId, CheckIn, CheckOut, RoomId, GuestId) values (364, '2019-09-06 18:12:15', '2019-09-11 18:00:09', 584, 722);
insert into Revervation (RevervationId, CheckIn, CheckOut, RoomId, GuestId) values (365, '2019-09-06 08:24:28', '2019-09-14 21:51:46', 501, 48);
insert into Revervation (RevervationId, CheckIn, CheckOut, RoomId, GuestId) values (366, '2019-09-07 09:02:37', '2019-09-13 18:17:32', 501, 411);
insert into Revervation (RevervationId, CheckIn, CheckOut, RoomId, GuestId) values (367, '2019-09-06 18:49:09', '2019-09-14 12:18:16', 378, 959);
insert into Revervation (RevervationId, CheckIn, CheckOut, RoomId, GuestId) values (368, '2019-09-08 10:06:24', '2019-09-10 09:04:39', 842, 969);
insert into Revervation (RevervationId, CheckIn, CheckOut, RoomId, GuestId) values (369, '2019-09-08 01:08:34', '2019-09-13 02:59:25', 954, 934);
insert into Revervation (RevervationId, CheckIn, CheckOut, RoomId, GuestId) values (370, '2019-09-08 21:28:42', '2019-09-11 20:08:03', 427, 782);
insert into Revervation (RevervationId, CheckIn, CheckOut, RoomId, GuestId) values (371, '2019-09-06 07:39:46', '2019-09-11 18:33:45', 282, 895);
insert into Revervation (RevervationId, CheckIn, CheckOut, RoomId, GuestId) values (372, '2019-09-07 20:05:24', '2019-09-11 03:08:10', 576, 70);
insert into Revervation (RevervationId, CheckIn, CheckOut, RoomId, GuestId) values (373, '2019-09-08 15:27:50', '2019-09-12 02:51:58', 644, 15);
insert into Revervation (RevervationId, CheckIn, CheckOut, RoomId, GuestId) values (374, '2019-09-06 04:05:48', '2019-09-11 00:48:05', 358, 894);
insert into Revervation (RevervationId, CheckIn, CheckOut, RoomId, GuestId) values (375, '2019-09-08 01:14:23', '2019-09-13 17:12:30', 288, 187);
insert into Revervation (RevervationId, CheckIn, CheckOut, RoomId, GuestId) values (376, '2019-09-08 04:00:39', '2019-09-12 00:03:17', 192, 966);
insert into Revervation (RevervationId, CheckIn, CheckOut, RoomId, GuestId) values (377, '2019-09-06 20:50:45', '2019-09-11 20:12:02', 327, 536);
insert into Revervation (RevervationId, CheckIn, CheckOut, RoomId, GuestId) values (378, '2019-09-07 18:27:58', '2019-09-10 20:52:00', 457, 530);
insert into Revervation (RevervationId, CheckIn, CheckOut, RoomId, GuestId) values (379, '2019-09-07 12:47:08', '2019-09-13 05:36:25', 416, 193);
insert into Revervation (RevervationId, CheckIn, CheckOut, RoomId, GuestId) values (380, '2019-09-07 13:11:02', '2019-09-13 07:59:51', 497, 635);
insert into Revervation (RevervationId, CheckIn, CheckOut, RoomId, GuestId) values (381, '2019-09-06 07:09:09', '2019-09-14 15:40:59', 29, 4);
insert into Revervation (RevervationId, CheckIn, CheckOut, RoomId, GuestId) values (382, '2019-09-07 11:39:55', '2019-09-14 01:56:59', 726, 251);
insert into Revervation (RevervationId, CheckIn, CheckOut, RoomId, GuestId) values (383, '2019-09-06 19:30:35', '2019-09-13 10:47:43', 412, 370);
insert into Revervation (RevervationId, CheckIn, CheckOut, RoomId, GuestId) values (384, '2019-09-07 00:17:10', '2019-09-13 06:17:32', 434, 745);
insert into Revervation (RevervationId, CheckIn, CheckOut, RoomId, GuestId) values (385, '2019-09-06 20:40:51', '2019-09-10 16:56:35', 390, 153);
insert into Revervation (RevervationId, CheckIn, CheckOut, RoomId, GuestId) values (386, '2019-09-06 16:38:45', '2019-09-14 09:17:12', 559, 355);
insert into Revervation (RevervationId, CheckIn, CheckOut, RoomId, GuestId) values (387, '2019-09-07 17:23:54', '2019-09-12 01:25:19', 471, 723);
insert into Revervation (RevervationId, CheckIn, CheckOut, RoomId, GuestId) values (388, '2019-09-08 01:09:10', '2019-09-11 16:48:43', 147, 97);
insert into Revervation (RevervationId, CheckIn, CheckOut, RoomId, GuestId) values (389, '2019-09-08 02:30:19', '2019-09-12 02:22:48', 292, 470);
insert into Revervation (RevervationId, CheckIn, CheckOut, RoomId, GuestId) values (390, '2019-09-07 02:19:32', '2019-09-13 23:42:21', 885, 961);
insert into Revervation (RevervationId, CheckIn, CheckOut, RoomId, GuestId) values (391, '2019-09-06 19:56:35', '2019-09-11 17:08:33', 213, 358);
insert into Revervation (RevervationId, CheckIn, CheckOut, RoomId, GuestId) values (392, '2019-09-08 08:01:28', '2019-09-14 14:48:15', 406, 211);
insert into Revervation (RevervationId, CheckIn, CheckOut, RoomId, GuestId) values (393, '2019-09-06 03:21:56', '2019-09-14 17:46:29', 362, 768);
insert into Revervation (RevervationId, CheckIn, CheckOut, RoomId, GuestId) values (394, '2019-09-07 15:59:44', '2019-09-10 22:09:02', 789, 71);
insert into Revervation (RevervationId, CheckIn, CheckOut, RoomId, GuestId) values (395, '2019-09-07 22:47:36', '2019-09-11 01:47:46', 482, 261);
insert into Revervation (RevervationId, CheckIn, CheckOut, RoomId, GuestId) values (396, '2019-09-06 06:39:59', '2019-09-11 19:30:21', 788, 384);
insert into Revervation (RevervationId, CheckIn, CheckOut, RoomId, GuestId) values (397, '2019-09-07 15:16:32', '2019-09-11 07:36:19', 383, 529);
insert into Revervation (RevervationId, CheckIn, CheckOut, RoomId, GuestId) values (398, '2019-09-06 01:13:34', '2019-09-13 10:15:05', 169, 363);
insert into Revervation (RevervationId, CheckIn, CheckOut, RoomId, GuestId) values (399, '2019-09-07 17:46:29', '2019-09-12 22:48:43', 820, 178);
insert into Revervation (RevervationId, CheckIn, CheckOut, RoomId, GuestId) values (400, '2019-09-07 16:23:10', '2019-09-11 09:40:33', 445, 427);
insert into Revervation (RevervationId, CheckIn, CheckOut, RoomId, GuestId) values (401, '2019-09-06 03:44:47', '2019-09-14 13:28:59', 124, 941);
insert into Revervation (RevervationId, CheckIn, CheckOut, RoomId, GuestId) values (402, '2019-09-08 03:42:14', '2019-09-11 19:40:36', 494, 744);
insert into Revervation (RevervationId, CheckIn, CheckOut, RoomId, GuestId) values (403, '2019-09-08 01:04:26', '2019-09-11 20:49:01', 38, 40);
insert into Revervation (RevervationId, CheckIn, CheckOut, RoomId, GuestId) values (404, '2019-09-08 15:30:13', '2019-09-10 18:38:17', 382, 701);
insert into Revervation (RevervationId, CheckIn, CheckOut, RoomId, GuestId) values (405, '2019-09-06 01:07:30', '2019-09-12 18:28:11', 17, 977);
insert into Revervation (RevervationId, CheckIn, CheckOut, RoomId, GuestId) values (406, '2019-09-07 19:00:44', '2019-09-12 16:13:12', 476, 251);
insert into Revervation (RevervationId, CheckIn, CheckOut, RoomId, GuestId) values (407, '2019-09-08 17:58:19', '2019-09-14 07:42:36', 668, 750);
insert into Revervation (RevervationId, CheckIn, CheckOut, RoomId, GuestId) values (408, '2019-09-07 15:17:57', '2019-09-10 09:00:07', 557, 287);
insert into Revervation (RevervationId, CheckIn, CheckOut, RoomId, GuestId) values (409, '2019-09-08 21:48:11', '2019-09-13 20:31:05', 7, 906);
insert into Revervation (RevervationId, CheckIn, CheckOut, RoomId, GuestId) values (410, '2019-09-06 13:39:42', '2019-09-13 01:50:00', 339, 837);
insert into Revervation (RevervationId, CheckIn, CheckOut, RoomId, GuestId) values (411, '2019-09-07 17:11:19', '2019-09-13 19:54:20', 662, 553);
insert into Revervation (RevervationId, CheckIn, CheckOut, RoomId, GuestId) values (412, '2019-09-07 08:50:29', '2019-09-11 16:09:48', 436, 211);
insert into Revervation (RevervationId, CheckIn, CheckOut, RoomId, GuestId) values (413, '2019-09-07 03:11:54', '2019-09-12 04:14:07', 517, 173);
insert into Revervation (RevervationId, CheckIn, CheckOut, RoomId, GuestId) values (414, '2019-09-06 23:46:49', '2019-09-11 05:50:39', 9, 732);
insert into Revervation (RevervationId, CheckIn, CheckOut, RoomId, GuestId) values (415, '2019-09-06 05:51:01', '2019-09-13 02:23:39', 428, 274);
insert into Revervation (RevervationId, CheckIn, CheckOut, RoomId, GuestId) values (416, '2019-09-08 22:41:21', '2019-09-10 03:54:07', 406, 765);
insert into Revervation (RevervationId, CheckIn, CheckOut, RoomId, GuestId) values (417, '2019-09-07 06:45:01', '2019-09-10 07:04:19', 83, 700);
insert into Revervation (RevervationId, CheckIn, CheckOut, RoomId, GuestId) values (418, '2019-09-07 04:36:29', '2019-09-13 11:07:29', 358, 966);
insert into Revervation (RevervationId, CheckIn, CheckOut, RoomId, GuestId) values (419, '2019-09-06 22:09:47', '2019-09-10 06:40:33', 947, 230);
insert into Revervation (RevervationId, CheckIn, CheckOut, RoomId, GuestId) values (420, '2019-09-07 21:39:29', '2019-09-13 19:57:36', 367, 117);
insert into Revervation (RevervationId, CheckIn, CheckOut, RoomId, GuestId) values (421, '2019-09-07 01:27:49', '2019-09-10 15:50:21', 96, 899);
insert into Revervation (RevervationId, CheckIn, CheckOut, RoomId, GuestId) values (422, '2019-09-06 17:37:11', '2019-09-11 20:29:23', 484, 670);
insert into Revervation (RevervationId, CheckIn, CheckOut, RoomId, GuestId) values (423, '2019-09-07 08:12:45', '2019-09-13 01:24:57', 82, 661);
insert into Revervation (RevervationId, CheckIn, CheckOut, RoomId, GuestId) values (424, '2019-09-06 03:41:54', '2019-09-12 03:00:43', 368, 887);
insert into Revervation (RevervationId, CheckIn, CheckOut, RoomId, GuestId) values (425, '2019-09-08 07:59:40', '2019-09-12 01:13:08', 537, 724);
insert into Revervation (RevervationId, CheckIn, CheckOut, RoomId, GuestId) values (426, '2019-09-08 13:43:02', '2019-09-14 22:19:56', 936, 129);
insert into Revervation (RevervationId, CheckIn, CheckOut, RoomId, GuestId) values (427, '2019-09-06 02:55:15', '2019-09-11 04:10:33', 78, 660);
insert into Revervation (RevervationId, CheckIn, CheckOut, RoomId, GuestId) values (428, '2019-09-07 09:18:46', '2019-09-13 16:27:45', 155, 74);
insert into Revervation (RevervationId, CheckIn, CheckOut, RoomId, GuestId) values (429, '2019-09-06 01:26:59', '2019-09-10 06:47:10', 746, 454);
insert into Revervation (RevervationId, CheckIn, CheckOut, RoomId, GuestId) values (430, '2019-09-07 15:04:17', '2019-09-13 03:09:40', 374, 975);
insert into Revervation (RevervationId, CheckIn, CheckOut, RoomId, GuestId) values (431, '2019-09-08 11:52:39', '2019-09-13 14:05:16', 659, 572);
insert into Revervation (RevervationId, CheckIn, CheckOut, RoomId, GuestId) values (432, '2019-09-06 02:36:26', '2019-09-14 07:04:50', 517, 92);
insert into Revervation (RevervationId, CheckIn, CheckOut, RoomId, GuestId) values (433, '2019-09-06 21:04:25', '2019-09-10 11:59:16', 876, 555);
insert into Revervation (RevervationId, CheckIn, CheckOut, RoomId, GuestId) values (434, '2019-09-06 23:24:56', '2019-09-10 23:38:13', 719, 796);
insert into Revervation (RevervationId, CheckIn, CheckOut, RoomId, GuestId) values (435, '2019-09-07 22:25:56', '2019-09-11 05:59:01', 309, 548);
insert into Revervation (RevervationId, CheckIn, CheckOut, RoomId, GuestId) values (436, '2019-09-07 18:03:22', '2019-09-13 03:13:40', 604, 96);
insert into Revervation (RevervationId, CheckIn, CheckOut, RoomId, GuestId) values (437, '2019-09-07 05:28:40', '2019-09-10 10:06:47', 70, 154);
insert into Revervation (RevervationId, CheckIn, CheckOut, RoomId, GuestId) values (438, '2019-09-08 22:38:31', '2019-09-12 17:12:07', 372, 847);
insert into Revervation (RevervationId, CheckIn, CheckOut, RoomId, GuestId) values (439, '2019-09-08 10:03:06', '2019-09-12 07:12:56', 564, 83);
insert into Revervation (RevervationId, CheckIn, CheckOut, RoomId, GuestId) values (440, '2019-09-07 08:28:07', '2019-09-13 04:51:52', 599, 415);
insert into Revervation (RevervationId, CheckIn, CheckOut, RoomId, GuestId) values (441, '2019-09-07 15:20:44', '2019-09-13 22:51:06', 508, 345);
insert into Revervation (RevervationId, CheckIn, CheckOut, RoomId, GuestId) values (442, '2019-09-06 16:51:01', '2019-09-10 08:45:23', 215, 863);
insert into Revervation (RevervationId, CheckIn, CheckOut, RoomId, GuestId) values (443, '2019-09-07 00:20:22', '2019-09-14 19:20:40', 23, 85);
insert into Revervation (RevervationId, CheckIn, CheckOut, RoomId, GuestId) values (444, '2019-09-08 10:30:22', '2019-09-14 01:48:35', 857, 100);
insert into Revervation (RevervationId, CheckIn, CheckOut, RoomId, GuestId) values (445, '2019-09-06 03:24:52', '2019-09-11 21:44:26', 633, 266);
insert into Revervation (RevervationId, CheckIn, CheckOut, RoomId, GuestId) values (446, '2019-09-07 13:38:51', '2019-09-14 10:23:02', 728, 894);
insert into Revervation (RevervationId, CheckIn, CheckOut, RoomId, GuestId) values (447, '2019-09-06 09:18:41', '2019-09-10 14:29:09', 732, 286);
insert into Revervation (RevervationId, CheckIn, CheckOut, RoomId, GuestId) values (448, '2019-09-08 18:44:14', '2019-09-14 02:35:36', 378, 507);
insert into Revervation (RevervationId, CheckIn, CheckOut, RoomId, GuestId) values (449, '2019-09-07 06:48:23', '2019-09-12 09:54:59', 447, 516);
insert into Revervation (RevervationId, CheckIn, CheckOut, RoomId, GuestId) values (450, '2019-09-07 23:01:25', '2019-09-10 08:55:25', 40, 788);
insert into Revervation (RevervationId, CheckIn, CheckOut, RoomId, GuestId) values (451, '2019-09-06 19:34:39', '2019-09-12 15:22:35', 391, 599);
insert into Revervation (RevervationId, CheckIn, CheckOut, RoomId, GuestId) values (452, '2019-09-08 00:49:26', '2019-09-14 15:44:57', 927, 284);
insert into Revervation (RevervationId, CheckIn, CheckOut, RoomId, GuestId) values (453, '2019-09-06 02:17:24', '2019-09-13 02:38:13', 688, 954);
insert into Revervation (RevervationId, CheckIn, CheckOut, RoomId, GuestId) values (454, '2019-09-06 07:23:41', '2019-09-10 05:49:25', 984, 321);
insert into Revervation (RevervationId, CheckIn, CheckOut, RoomId, GuestId) values (455, '2019-09-08 05:07:22', '2019-09-12 16:58:47', 308, 956);
insert into Revervation (RevervationId, CheckIn, CheckOut, RoomId, GuestId) values (456, '2019-09-07 11:03:58', '2019-09-14 23:05:57', 608, 190);
insert into Revervation (RevervationId, CheckIn, CheckOut, RoomId, GuestId) values (457, '2019-09-08 04:12:56', '2019-09-11 21:29:55', 640, 413);
insert into Revervation (RevervationId, CheckIn, CheckOut, RoomId, GuestId) values (458, '2019-09-07 13:49:13', '2019-09-10 04:09:54', 988, 102);
insert into Revervation (RevervationId, CheckIn, CheckOut, RoomId, GuestId) values (459, '2019-09-07 19:52:20', '2019-09-14 05:06:32', 570, 884);
insert into Revervation (RevervationId, CheckIn, CheckOut, RoomId, GuestId) values (460, '2019-09-07 17:51:29', '2019-09-11 03:36:50', 712, 357);
insert into Revervation (RevervationId, CheckIn, CheckOut, RoomId, GuestId) values (461, '2019-09-07 22:01:29', '2019-09-11 08:08:45', 143, 343);
insert into Revervation (RevervationId, CheckIn, CheckOut, RoomId, GuestId) values (462, '2019-09-06 17:42:56', '2019-09-12 22:33:35', 346, 499);
insert into Revervation (RevervationId, CheckIn, CheckOut, RoomId, GuestId) values (463, '2019-09-06 16:41:25', '2019-09-13 01:22:27', 309, 340);
insert into Revervation (RevervationId, CheckIn, CheckOut, RoomId, GuestId) values (464, '2019-09-08 02:29:49', '2019-09-14 11:20:33', 841, 873);
insert into Revervation (RevervationId, CheckIn, CheckOut, RoomId, GuestId) values (465, '2019-09-08 21:56:23', '2019-09-11 23:05:17', 15, 31);
insert into Revervation (RevervationId, CheckIn, CheckOut, RoomId, GuestId) values (466, '2019-09-08 11:18:43', '2019-09-10 17:53:46', 51, 507);
insert into Revervation (RevervationId, CheckIn, CheckOut, RoomId, GuestId) values (467, '2019-09-08 18:37:34', '2019-09-13 08:27:57', 723, 658);
insert into Revervation (RevervationId, CheckIn, CheckOut, RoomId, GuestId) values (468, '2019-09-07 02:05:15', '2019-09-13 22:09:48', 698, 239);
insert into Revervation (RevervationId, CheckIn, CheckOut, RoomId, GuestId) values (469, '2019-09-07 17:54:22', '2019-09-10 15:10:07', 982, 111);
insert into Revervation (RevervationId, CheckIn, CheckOut, RoomId, GuestId) values (470, '2019-09-08 23:36:25', '2019-09-13 23:16:58', 3, 673);
insert into Revervation (RevervationId, CheckIn, CheckOut, RoomId, GuestId) values (471, '2019-09-07 04:20:07', '2019-09-10 11:46:10', 51, 712);
insert into Revervation (RevervationId, CheckIn, CheckOut, RoomId, GuestId) values (472, '2019-09-07 17:44:51', '2019-09-13 04:08:28', 267, 40);
insert into Revervation (RevervationId, CheckIn, CheckOut, RoomId, GuestId) values (473, '2019-09-06 21:56:30', '2019-09-13 11:55:19', 9, 473);
insert into Revervation (RevervationId, CheckIn, CheckOut, RoomId, GuestId) values (474, '2019-09-06 00:14:47', '2019-09-13 07:12:12', 265, 819);
insert into Revervation (RevervationId, CheckIn, CheckOut, RoomId, GuestId) values (475, '2019-09-08 05:36:50', '2019-09-14 01:28:40', 652, 714);
insert into Revervation (RevervationId, CheckIn, CheckOut, RoomId, GuestId) values (476, '2019-09-08 16:36:22', '2019-09-12 15:08:24', 277, 676);
insert into Revervation (RevervationId, CheckIn, CheckOut, RoomId, GuestId) values (477, '2019-09-06 09:19:20', '2019-09-13 00:08:05', 400, 586);
insert into Revervation (RevervationId, CheckIn, CheckOut, RoomId, GuestId) values (478, '2019-09-07 20:12:51', '2019-09-14 22:42:40', 428, 261);
insert into Revervation (RevervationId, CheckIn, CheckOut, RoomId, GuestId) values (479, '2019-09-06 09:38:24', '2019-09-12 22:23:06', 918, 704);
insert into Revervation (RevervationId, CheckIn, CheckOut, RoomId, GuestId) values (480, '2019-09-07 18:34:41', '2019-09-13 22:14:41', 663, 57);
insert into Revervation (RevervationId, CheckIn, CheckOut, RoomId, GuestId) values (481, '2019-09-08 14:24:46', '2019-09-12 23:31:17', 49, 364);
insert into Revervation (RevervationId, CheckIn, CheckOut, RoomId, GuestId) values (482, '2019-09-08 04:32:50', '2019-09-13 05:44:38', 194, 179);
insert into Revervation (RevervationId, CheckIn, CheckOut, RoomId, GuestId) values (483, '2019-09-07 10:19:44', '2019-09-10 19:36:43', 766, 261);
insert into Revervation (RevervationId, CheckIn, CheckOut, RoomId, GuestId) values (484, '2019-09-07 13:30:15', '2019-09-11 09:04:53', 240, 378);
insert into Revervation (RevervationId, CheckIn, CheckOut, RoomId, GuestId) values (485, '2019-09-08 06:15:41', '2019-09-10 06:07:37', 282, 272);
insert into Revervation (RevervationId, CheckIn, CheckOut, RoomId, GuestId) values (486, '2019-09-07 10:20:41', '2019-09-13 08:00:11', 956, 686);
insert into Revervation (RevervationId, CheckIn, CheckOut, RoomId, GuestId) values (487, '2019-09-06 15:48:50', '2019-09-14 08:28:02', 178, 345);
insert into Revervation (RevervationId, CheckIn, CheckOut, RoomId, GuestId) values (488, '2019-09-08 18:26:58', '2019-09-12 21:47:01', 332, 853);
insert into Revervation (RevervationId, CheckIn, CheckOut, RoomId, GuestId) values (489, '2019-09-07 03:16:03', '2019-09-11 21:35:53', 428, 930);
insert into Revervation (RevervationId, CheckIn, CheckOut, RoomId, GuestId) values (490, '2019-09-06 22:27:24', '2019-09-11 20:00:21', 937, 904);
insert into Revervation (RevervationId, CheckIn, CheckOut, RoomId, GuestId) values (491, '2019-09-06 01:00:20', '2019-09-12 09:58:01', 167, 478);
insert into Revervation (RevervationId, CheckIn, CheckOut, RoomId, GuestId) values (492, '2019-09-08 08:47:39', '2019-09-12 11:41:30', 822, 263);
insert into Revervation (RevervationId, CheckIn, CheckOut, RoomId, GuestId) values (493, '2019-09-08 00:04:51', '2019-09-14 08:35:02', 592, 933);
insert into Revervation (RevervationId, CheckIn, CheckOut, RoomId, GuestId) values (494, '2019-09-06 21:40:00', '2019-09-10 14:20:02', 111, 120);
insert into Revervation (RevervationId, CheckIn, CheckOut, RoomId, GuestId) values (495, '2019-09-08 14:51:29', '2019-09-10 23:40:59', 173, 637);
insert into Revervation (RevervationId, CheckIn, CheckOut, RoomId, GuestId) values (496, '2019-09-06 12:51:03', '2019-09-10 04:40:00', 319, 12);
insert into Revervation (RevervationId, CheckIn, CheckOut, RoomId, GuestId) values (497, '2019-09-07 19:38:43', '2019-09-11 00:29:14', 407, 754);
insert into Revervation (RevervationId, CheckIn, CheckOut, RoomId, GuestId) values (498, '2019-09-07 14:33:10', '2019-09-12 21:48:48', 412, 809);
insert into Revervation (RevervationId, CheckIn, CheckOut, RoomId, GuestId) values (499, '2019-09-07 09:48:04', '2019-09-13 20:11:39', 260, 915);
insert into Revervation (RevervationId, CheckIn, CheckOut, RoomId, GuestId) values (500, '2019-09-06 18:34:28', '2019-09-13 02:45:54', 583, 779);
insert into Revervation (RevervationId, CheckIn, CheckOut, RoomId, GuestId) values (501, '2019-09-07 03:23:34', '2019-09-10 11:17:37', 83, 206);
insert into Revervation (RevervationId, CheckIn, CheckOut, RoomId, GuestId) values (502, '2019-09-07 02:25:57', '2019-09-13 15:18:38', 349, 984);
insert into Revervation (RevervationId, CheckIn, CheckOut, RoomId, GuestId) values (503, '2019-09-07 09:55:35', '2019-09-11 21:25:31', 35, 374);
insert into Revervation (RevervationId, CheckIn, CheckOut, RoomId, GuestId) values (504, '2019-09-07 07:03:19', '2019-09-12 18:06:14', 215, 801);
insert into Revervation (RevervationId, CheckIn, CheckOut, RoomId, GuestId) values (505, '2019-09-08 01:44:56', '2019-09-10 11:54:40', 982, 962);
insert into Revervation (RevervationId, CheckIn, CheckOut, RoomId, GuestId) values (506, '2019-09-07 21:39:48', '2019-09-13 17:45:36', 312, 384);
insert into Revervation (RevervationId, CheckIn, CheckOut, RoomId, GuestId) values (507, '2019-09-07 06:20:11', '2019-09-10 04:51:54', 617, 190);
insert into Revervation (RevervationId, CheckIn, CheckOut, RoomId, GuestId) values (508, '2019-09-07 08:41:24', '2019-09-11 13:49:41', 983, 436);
insert into Revervation (RevervationId, CheckIn, CheckOut, RoomId, GuestId) values (509, '2019-09-07 16:27:04', '2019-09-10 13:28:25', 699, 451);
insert into Revervation (RevervationId, CheckIn, CheckOut, RoomId, GuestId) values (510, '2019-09-07 15:06:54', '2019-09-11 07:59:50', 832, 749);
insert into Revervation (RevervationId, CheckIn, CheckOut, RoomId, GuestId) values (511, '2019-09-08 07:03:52', '2019-09-14 17:36:20', 32, 787);
insert into Revervation (RevervationId, CheckIn, CheckOut, RoomId, GuestId) values (512, '2019-09-07 17:03:27', '2019-09-13 02:15:28', 142, 558);
insert into Revervation (RevervationId, CheckIn, CheckOut, RoomId, GuestId) values (513, '2019-09-07 14:13:09', '2019-09-12 00:46:29', 654, 688);
insert into Revervation (RevervationId, CheckIn, CheckOut, RoomId, GuestId) values (514, '2019-09-07 17:02:54', '2019-09-12 21:17:38', 401, 381);
insert into Revervation (RevervationId, CheckIn, CheckOut, RoomId, GuestId) values (515, '2019-09-06 07:17:23', '2019-09-11 04:25:43', 759, 732);
insert into Revervation (RevervationId, CheckIn, CheckOut, RoomId, GuestId) values (516, '2019-09-07 15:46:42', '2019-09-14 15:20:11', 550, 584);
insert into Revervation (RevervationId, CheckIn, CheckOut, RoomId, GuestId) values (517, '2019-09-07 06:04:46', '2019-09-14 19:13:54', 233, 34);
insert into Revervation (RevervationId, CheckIn, CheckOut, RoomId, GuestId) values (518, '2019-09-07 22:14:35', '2019-09-10 05:44:15', 858, 791);
insert into Revervation (RevervationId, CheckIn, CheckOut, RoomId, GuestId) values (519, '2019-09-07 01:22:05', '2019-09-13 13:20:58', 179, 377);
insert into Revervation (RevervationId, CheckIn, CheckOut, RoomId, GuestId) values (520, '2019-09-08 11:27:36', '2019-09-13 00:23:41', 390, 151);
insert into Revervation (RevervationId, CheckIn, CheckOut, RoomId, GuestId) values (521, '2019-09-07 00:29:08', '2019-09-13 09:42:21', 889, 556);
insert into Revervation (RevervationId, CheckIn, CheckOut, RoomId, GuestId) values (522, '2019-09-07 21:07:07', '2019-09-10 23:22:37', 433, 482);
insert into Revervation (RevervationId, CheckIn, CheckOut, RoomId, GuestId) values (523, '2019-09-07 13:20:40', '2019-09-10 14:54:34', 408, 549);
insert into Revervation (RevervationId, CheckIn, CheckOut, RoomId, GuestId) values (524, '2019-09-07 15:09:05', '2019-09-14 21:56:35', 298, 988);
insert into Revervation (RevervationId, CheckIn, CheckOut, RoomId, GuestId) values (525, '2019-09-07 16:33:44', '2019-09-12 22:18:06', 864, 9);
insert into Revervation (RevervationId, CheckIn, CheckOut, RoomId, GuestId) values (526, '2019-09-07 01:30:16', '2019-09-11 19:36:51', 995, 563);
insert into Revervation (RevervationId, CheckIn, CheckOut, RoomId, GuestId) values (527, '2019-09-06 14:58:00', '2019-09-14 12:42:43', 378, 574);
insert into Revervation (RevervationId, CheckIn, CheckOut, RoomId, GuestId) values (528, '2019-09-08 23:28:03', '2019-09-11 13:13:42', 611, 439);
insert into Revervation (RevervationId, CheckIn, CheckOut, RoomId, GuestId) values (529, '2019-09-08 06:14:43', '2019-09-11 02:51:16', 338, 166);
insert into Revervation (RevervationId, CheckIn, CheckOut, RoomId, GuestId) values (530, '2019-09-06 20:59:38', '2019-09-10 23:51:18', 779, 344);
insert into Revervation (RevervationId, CheckIn, CheckOut, RoomId, GuestId) values (531, '2019-09-06 22:05:29', '2019-09-11 02:22:40', 217, 589);
insert into Revervation (RevervationId, CheckIn, CheckOut, RoomId, GuestId) values (532, '2019-09-08 17:27:32', '2019-09-11 17:19:10', 25, 531);
insert into Revervation (RevervationId, CheckIn, CheckOut, RoomId, GuestId) values (533, '2019-09-08 16:41:27', '2019-09-13 13:38:21', 685, 757);
insert into Revervation (RevervationId, CheckIn, CheckOut, RoomId, GuestId) values (534, '2019-09-07 11:06:16', '2019-09-14 04:25:23', 444, 739);
insert into Revervation (RevervationId, CheckIn, CheckOut, RoomId, GuestId) values (535, '2019-09-06 15:21:35', '2019-09-13 02:13:35', 407, 210);
insert into Revervation (RevervationId, CheckIn, CheckOut, RoomId, GuestId) values (536, '2019-09-06 22:52:53', '2019-09-11 06:13:29', 850, 538);
insert into Revervation (RevervationId, CheckIn, CheckOut, RoomId, GuestId) values (537, '2019-09-06 02:14:08', '2019-09-14 00:45:01', 593, 812);
insert into Revervation (RevervationId, CheckIn, CheckOut, RoomId, GuestId) values (538, '2019-09-08 12:59:38', '2019-09-13 00:27:53', 484, 131);
insert into Revervation (RevervationId, CheckIn, CheckOut, RoomId, GuestId) values (539, '2019-09-06 16:20:25', '2019-09-14 21:28:00', 999, 192);
insert into Revervation (RevervationId, CheckIn, CheckOut, RoomId, GuestId) values (540, '2019-09-06 03:22:53', '2019-09-11 00:43:09', 77, 526);
insert into Revervation (RevervationId, CheckIn, CheckOut, RoomId, GuestId) values (541, '2019-09-06 06:07:55', '2019-09-12 23:16:23', 768, 787);
insert into Revervation (RevervationId, CheckIn, CheckOut, RoomId, GuestId) values (542, '2019-09-08 23:20:19', '2019-09-11 00:12:26', 836, 171);
insert into Revervation (RevervationId, CheckIn, CheckOut, RoomId, GuestId) values (543, '2019-09-06 22:37:34', '2019-09-11 09:31:54', 276, 844);
insert into Revervation (RevervationId, CheckIn, CheckOut, RoomId, GuestId) values (544, '2019-09-07 08:55:00', '2019-09-12 19:00:58', 571, 726);
insert into Revervation (RevervationId, CheckIn, CheckOut, RoomId, GuestId) values (545, '2019-09-07 09:44:00', '2019-09-13 05:05:43', 183, 282);
insert into Revervation (RevervationId, CheckIn, CheckOut, RoomId, GuestId) values (546, '2019-09-07 23:35:13', '2019-09-14 00:43:57', 384, 89);
insert into Revervation (RevervationId, CheckIn, CheckOut, RoomId, GuestId) values (547, '2019-09-07 08:28:10', '2019-09-14 20:53:29', 608, 104);
insert into Revervation (RevervationId, CheckIn, CheckOut, RoomId, GuestId) values (548, '2019-09-08 13:42:24', '2019-09-13 10:38:33', 783, 589);
insert into Revervation (RevervationId, CheckIn, CheckOut, RoomId, GuestId) values (549, '2019-09-06 10:12:25', '2019-09-14 09:53:39', 672, 15);
insert into Revervation (RevervationId, CheckIn, CheckOut, RoomId, GuestId) values (550, '2019-09-08 10:26:00', '2019-09-12 14:33:40', 499, 82);
insert into Revervation (RevervationId, CheckIn, CheckOut, RoomId, GuestId) values (551, '2019-09-06 14:56:28', '2019-09-13 15:51:25', 655, 575);
insert into Revervation (RevervationId, CheckIn, CheckOut, RoomId, GuestId) values (552, '2019-09-07 00:17:34', '2019-09-14 23:01:17', 215, 715);
insert into Revervation (RevervationId, CheckIn, CheckOut, RoomId, GuestId) values (553, '2019-09-07 14:01:44', '2019-09-11 20:55:16', 512, 254);
insert into Revervation (RevervationId, CheckIn, CheckOut, RoomId, GuestId) values (554, '2019-09-08 23:50:00', '2019-09-13 23:38:28', 273, 734);
insert into Revervation (RevervationId, CheckIn, CheckOut, RoomId, GuestId) values (555, '2019-09-06 00:13:53', '2019-09-13 09:32:40', 396, 367);
insert into Revervation (RevervationId, CheckIn, CheckOut, RoomId, GuestId) values (556, '2019-09-08 15:53:21', '2019-09-14 01:48:22', 115, 45);
insert into Revervation (RevervationId, CheckIn, CheckOut, RoomId, GuestId) values (557, '2019-09-08 06:22:57', '2019-09-12 19:45:38', 251, 863);
insert into Revervation (RevervationId, CheckIn, CheckOut, RoomId, GuestId) values (558, '2019-09-06 23:34:55', '2019-09-14 01:23:42', 175, 843);
insert into Revervation (RevervationId, CheckIn, CheckOut, RoomId, GuestId) values (559, '2019-09-07 11:02:08', '2019-09-11 08:37:33', 511, 917);
insert into Revervation (RevervationId, CheckIn, CheckOut, RoomId, GuestId) values (560, '2019-09-08 05:10:11', '2019-09-11 00:35:27', 973, 977);
insert into Revervation (RevervationId, CheckIn, CheckOut, RoomId, GuestId) values (561, '2019-09-08 03:56:00', '2019-09-10 09:22:59', 707, 253);
insert into Revervation (RevervationId, CheckIn, CheckOut, RoomId, GuestId) values (562, '2019-09-08 21:46:03', '2019-09-14 22:26:50', 519, 515);
insert into Revervation (RevervationId, CheckIn, CheckOut, RoomId, GuestId) values (563, '2019-09-07 14:26:15', '2019-09-14 01:57:33', 724, 477);
insert into Revervation (RevervationId, CheckIn, CheckOut, RoomId, GuestId) values (564, '2019-09-06 09:26:54', '2019-09-12 03:53:26', 195, 966);
insert into Revervation (RevervationId, CheckIn, CheckOut, RoomId, GuestId) values (565, '2019-09-07 21:30:55', '2019-09-10 19:41:00', 518, 935);
insert into Revervation (RevervationId, CheckIn, CheckOut, RoomId, GuestId) values (566, '2019-09-06 04:23:16', '2019-09-13 08:15:05', 250, 602);
insert into Revervation (RevervationId, CheckIn, CheckOut, RoomId, GuestId) values (567, '2019-09-08 16:00:16', '2019-09-11 11:03:06', 759, 326);
insert into Revervation (RevervationId, CheckIn, CheckOut, RoomId, GuestId) values (568, '2019-09-08 23:53:06', '2019-09-11 04:13:02', 570, 751);
insert into Revervation (RevervationId, CheckIn, CheckOut, RoomId, GuestId) values (569, '2019-09-06 21:14:11', '2019-09-10 07:21:53', 915, 577);
insert into Revervation (RevervationId, CheckIn, CheckOut, RoomId, GuestId) values (570, '2019-09-08 08:40:29', '2019-09-12 11:01:45', 632, 165);
insert into Revervation (RevervationId, CheckIn, CheckOut, RoomId, GuestId) values (571, '2019-09-07 07:35:18', '2019-09-10 10:45:04', 897, 120);
insert into Revervation (RevervationId, CheckIn, CheckOut, RoomId, GuestId) values (572, '2019-09-08 05:07:51', '2019-09-14 21:36:34', 418, 172);
insert into Revervation (RevervationId, CheckIn, CheckOut, RoomId, GuestId) values (573, '2019-09-08 01:27:19', '2019-09-12 12:32:53', 829, 173);
insert into Revervation (RevervationId, CheckIn, CheckOut, RoomId, GuestId) values (574, '2019-09-07 18:33:49', '2019-09-12 20:56:54', 201, 641);
insert into Revervation (RevervationId, CheckIn, CheckOut, RoomId, GuestId) values (575, '2019-09-08 21:39:26', '2019-09-14 07:13:53', 161, 410);
insert into Revervation (RevervationId, CheckIn, CheckOut, RoomId, GuestId) values (576, '2019-09-06 23:14:31', '2019-09-11 14:00:05', 615, 430);
insert into Revervation (RevervationId, CheckIn, CheckOut, RoomId, GuestId) values (577, '2019-09-08 23:54:18', '2019-09-13 19:05:26', 165, 535);
insert into Revervation (RevervationId, CheckIn, CheckOut, RoomId, GuestId) values (578, '2019-09-06 11:49:52', '2019-09-11 07:29:41', 490, 676);
insert into Revervation (RevervationId, CheckIn, CheckOut, RoomId, GuestId) values (579, '2019-09-08 04:58:38', '2019-09-12 23:06:25', 230, 762);
insert into Revervation (RevervationId, CheckIn, CheckOut, RoomId, GuestId) values (580, '2019-09-08 11:31:57', '2019-09-12 03:16:01', 14, 950);
insert into Revervation (RevervationId, CheckIn, CheckOut, RoomId, GuestId) values (581, '2019-09-06 13:30:28', '2019-09-11 04:48:03', 172, 729);
insert into Revervation (RevervationId, CheckIn, CheckOut, RoomId, GuestId) values (582, '2019-09-08 17:48:46', '2019-09-10 21:54:14', 500, 524);
insert into Revervation (RevervationId, CheckIn, CheckOut, RoomId, GuestId) values (583, '2019-09-06 13:32:19', '2019-09-10 03:14:11', 208, 99);
insert into Revervation (RevervationId, CheckIn, CheckOut, RoomId, GuestId) values (584, '2019-09-07 08:29:39', '2019-09-13 08:49:53', 412, 439);
insert into Revervation (RevervationId, CheckIn, CheckOut, RoomId, GuestId) values (585, '2019-09-08 05:52:41', '2019-09-13 06:41:32', 644, 753);
insert into Revervation (RevervationId, CheckIn, CheckOut, RoomId, GuestId) values (586, '2019-09-07 11:47:01', '2019-09-14 14:44:17', 738, 499);
insert into Revervation (RevervationId, CheckIn, CheckOut, RoomId, GuestId) values (587, '2019-09-07 11:09:44', '2019-09-12 03:38:40', 717, 459);
insert into Revervation (RevervationId, CheckIn, CheckOut, RoomId, GuestId) values (588, '2019-09-07 04:16:52', '2019-09-11 18:06:41', 906, 290);
insert into Revervation (RevervationId, CheckIn, CheckOut, RoomId, GuestId) values (589, '2019-09-06 20:08:20', '2019-09-14 20:57:50', 636, 606);
insert into Revervation (RevervationId, CheckIn, CheckOut, RoomId, GuestId) values (590, '2019-09-07 01:57:27', '2019-09-13 12:57:55', 193, 615);
insert into Revervation (RevervationId, CheckIn, CheckOut, RoomId, GuestId) values (591, '2019-09-07 07:35:43', '2019-09-14 01:53:33', 394, 570);
insert into Revervation (RevervationId, CheckIn, CheckOut, RoomId, GuestId) values (592, '2019-09-06 05:20:25', '2019-09-10 16:35:51', 66, 86);
insert into Revervation (RevervationId, CheckIn, CheckOut, RoomId, GuestId) values (593, '2019-09-06 20:36:03', '2019-09-10 18:33:28', 389, 105);
insert into Revervation (RevervationId, CheckIn, CheckOut, RoomId, GuestId) values (594, '2019-09-07 21:11:11', '2019-09-14 09:13:09', 275, 988);
insert into Revervation (RevervationId, CheckIn, CheckOut, RoomId, GuestId) values (595, '2019-09-08 19:08:39', '2019-09-11 13:58:40', 642, 71);
insert into Revervation (RevervationId, CheckIn, CheckOut, RoomId, GuestId) values (596, '2019-09-08 14:06:37', '2019-09-12 03:58:55', 957, 415);
insert into Revervation (RevervationId, CheckIn, CheckOut, RoomId, GuestId) values (597, '2019-09-06 08:22:28', '2019-09-14 23:06:24', 560, 857);
insert into Revervation (RevervationId, CheckIn, CheckOut, RoomId, GuestId) values (598, '2019-09-06 17:31:41', '2019-09-12 20:49:29', 54, 998);
insert into Revervation (RevervationId, CheckIn, CheckOut, RoomId, GuestId) values (599, '2019-09-07 05:20:31', '2019-09-14 05:09:45', 537, 208);
insert into Revervation (RevervationId, CheckIn, CheckOut, RoomId, GuestId) values (600, '2019-09-08 20:59:47', '2019-09-11 15:34:58', 140, 407);
insert into Revervation (RevervationId, CheckIn, CheckOut, RoomId, GuestId) values (601, '2019-09-08 06:44:10', '2019-09-13 08:14:56', 429, 234);
insert into Revervation (RevervationId, CheckIn, CheckOut, RoomId, GuestId) values (602, '2019-09-07 05:27:11', '2019-09-11 23:40:14', 212, 261);
insert into Revervation (RevervationId, CheckIn, CheckOut, RoomId, GuestId) values (603, '2019-09-08 10:17:28', '2019-09-10 13:41:16', 623, 107);
insert into Revervation (RevervationId, CheckIn, CheckOut, RoomId, GuestId) values (604, '2019-09-07 14:44:02', '2019-09-12 15:36:04', 945, 962);
insert into Revervation (RevervationId, CheckIn, CheckOut, RoomId, GuestId) values (605, '2019-09-06 10:20:33', '2019-09-11 20:00:42', 484, 803);
insert into Revervation (RevervationId, CheckIn, CheckOut, RoomId, GuestId) values (606, '2019-09-08 02:10:45', '2019-09-14 18:14:30', 986, 511);
insert into Revervation (RevervationId, CheckIn, CheckOut, RoomId, GuestId) values (607, '2019-09-06 23:06:45', '2019-09-13 20:48:52', 827, 181);
insert into Revervation (RevervationId, CheckIn, CheckOut, RoomId, GuestId) values (608, '2019-09-08 12:17:59', '2019-09-13 22:41:32', 581, 469);
insert into Revervation (RevervationId, CheckIn, CheckOut, RoomId, GuestId) values (609, '2019-09-06 07:02:38', '2019-09-12 17:21:56', 745, 330);
insert into Revervation (RevervationId, CheckIn, CheckOut, RoomId, GuestId) values (610, '2019-09-08 00:46:25', '2019-09-10 20:12:02', 331, 674);
insert into Revervation (RevervationId, CheckIn, CheckOut, RoomId, GuestId) values (611, '2019-09-08 14:39:13', '2019-09-14 06:29:09', 682, 511);
insert into Revervation (RevervationId, CheckIn, CheckOut, RoomId, GuestId) values (612, '2019-09-08 22:32:45', '2019-09-14 22:01:17', 577, 799);
insert into Revervation (RevervationId, CheckIn, CheckOut, RoomId, GuestId) values (613, '2019-09-07 14:06:41', '2019-09-11 20:39:44', 755, 341);
insert into Revervation (RevervationId, CheckIn, CheckOut, RoomId, GuestId) values (614, '2019-09-07 13:27:37', '2019-09-12 21:49:43', 105, 128);
insert into Revervation (RevervationId, CheckIn, CheckOut, RoomId, GuestId) values (615, '2019-09-07 06:07:12', '2019-09-13 20:41:43', 50, 390);
insert into Revervation (RevervationId, CheckIn, CheckOut, RoomId, GuestId) values (616, '2019-09-06 04:53:14', '2019-09-13 21:49:57', 731, 481);
insert into Revervation (RevervationId, CheckIn, CheckOut, RoomId, GuestId) values (617, '2019-09-08 00:57:46', '2019-09-10 02:43:13', 833, 81);
insert into Revervation (RevervationId, CheckIn, CheckOut, RoomId, GuestId) values (618, '2019-09-06 18:21:29', '2019-09-13 13:46:34', 990, 195);
insert into Revervation (RevervationId, CheckIn, CheckOut, RoomId, GuestId) values (619, '2019-09-06 02:31:37', '2019-09-14 09:24:22', 328, 497);
insert into Revervation (RevervationId, CheckIn, CheckOut, RoomId, GuestId) values (620, '2019-09-06 18:01:51', '2019-09-11 17:37:41', 699, 207);
insert into Revervation (RevervationId, CheckIn, CheckOut, RoomId, GuestId) values (621, '2019-09-08 08:28:15', '2019-09-13 10:29:39', 775, 526);
insert into Revervation (RevervationId, CheckIn, CheckOut, RoomId, GuestId) values (622, '2019-09-06 12:36:51', '2019-09-11 06:52:34', 332, 310);
insert into Revervation (RevervationId, CheckIn, CheckOut, RoomId, GuestId) values (623, '2019-09-06 10:18:05', '2019-09-14 19:01:16', 577, 18);
insert into Revervation (RevervationId, CheckIn, CheckOut, RoomId, GuestId) values (624, '2019-09-06 22:29:16', '2019-09-11 02:40:37', 424, 594);
insert into Revervation (RevervationId, CheckIn, CheckOut, RoomId, GuestId) values (625, '2019-09-06 02:34:28', '2019-09-10 19:21:10', 483, 68);
insert into Revervation (RevervationId, CheckIn, CheckOut, RoomId, GuestId) values (626, '2019-09-06 20:05:24', '2019-09-10 10:24:08', 676, 923);
insert into Revervation (RevervationId, CheckIn, CheckOut, RoomId, GuestId) values (627, '2019-09-07 01:46:34', '2019-09-11 20:18:51', 478, 448);
insert into Revervation (RevervationId, CheckIn, CheckOut, RoomId, GuestId) values (628, '2019-09-06 06:05:46', '2019-09-12 20:07:32', 609, 109);
insert into Revervation (RevervationId, CheckIn, CheckOut, RoomId, GuestId) values (629, '2019-09-06 08:31:18', '2019-09-10 09:27:29', 890, 490);
insert into Revervation (RevervationId, CheckIn, CheckOut, RoomId, GuestId) values (630, '2019-09-08 09:29:23', '2019-09-12 21:35:21', 28, 941);
insert into Revervation (RevervationId, CheckIn, CheckOut, RoomId, GuestId) values (631, '2019-09-07 17:20:52', '2019-09-13 16:46:12', 962, 654);
insert into Revervation (RevervationId, CheckIn, CheckOut, RoomId, GuestId) values (632, '2019-09-07 08:37:42', '2019-09-12 00:14:56', 335, 404);
insert into Revervation (RevervationId, CheckIn, CheckOut, RoomId, GuestId) values (633, '2019-09-08 20:17:03', '2019-09-11 17:41:01', 786, 690);
insert into Revervation (RevervationId, CheckIn, CheckOut, RoomId, GuestId) values (634, '2019-09-06 22:15:25', '2019-09-14 02:33:18', 322, 327);
insert into Revervation (RevervationId, CheckIn, CheckOut, RoomId, GuestId) values (635, '2019-09-08 18:35:46', '2019-09-14 08:29:17', 890, 941);
insert into Revervation (RevervationId, CheckIn, CheckOut, RoomId, GuestId) values (636, '2019-09-07 04:42:58', '2019-09-12 23:19:11', 891, 151);
insert into Revervation (RevervationId, CheckIn, CheckOut, RoomId, GuestId) values (637, '2019-09-07 17:43:15', '2019-09-12 07:06:10', 968, 411);
insert into Revervation (RevervationId, CheckIn, CheckOut, RoomId, GuestId) values (638, '2019-09-08 17:13:06', '2019-09-12 12:16:15', 426, 514);
insert into Revervation (RevervationId, CheckIn, CheckOut, RoomId, GuestId) values (639, '2019-09-06 22:06:55', '2019-09-14 23:51:03', 437, 413);
insert into Revervation (RevervationId, CheckIn, CheckOut, RoomId, GuestId) values (640, '2019-09-07 17:40:18', '2019-09-14 17:20:44', 103, 731);
insert into Revervation (RevervationId, CheckIn, CheckOut, RoomId, GuestId) values (641, '2019-09-06 15:18:18', '2019-09-14 23:35:10', 466, 780);
insert into Revervation (RevervationId, CheckIn, CheckOut, RoomId, GuestId) values (642, '2019-09-08 12:40:02', '2019-09-11 06:47:56', 220, 563);
insert into Revervation (RevervationId, CheckIn, CheckOut, RoomId, GuestId) values (643, '2019-09-06 23:30:35', '2019-09-13 23:37:54', 697, 564);
insert into Revervation (RevervationId, CheckIn, CheckOut, RoomId, GuestId) values (644, '2019-09-07 05:23:32', '2019-09-12 04:38:29', 946, 428);
insert into Revervation (RevervationId, CheckIn, CheckOut, RoomId, GuestId) values (645, '2019-09-08 20:52:16', '2019-09-13 03:37:41', 545, 965);
insert into Revervation (RevervationId, CheckIn, CheckOut, RoomId, GuestId) values (646, '2019-09-08 18:58:43', '2019-09-13 17:53:43', 129, 1000);
insert into Revervation (RevervationId, CheckIn, CheckOut, RoomId, GuestId) values (647, '2019-09-06 03:50:57', '2019-09-10 10:26:21', 323, 480);
insert into Revervation (RevervationId, CheckIn, CheckOut, RoomId, GuestId) values (648, '2019-09-07 00:26:18', '2019-09-10 01:00:29', 721, 331);
insert into Revervation (RevervationId, CheckIn, CheckOut, RoomId, GuestId) values (649, '2019-09-07 18:48:37', '2019-09-11 13:07:24', 529, 934);
insert into Revervation (RevervationId, CheckIn, CheckOut, RoomId, GuestId) values (650, '2019-09-08 08:47:22', '2019-09-14 13:21:48', 643, 904);
insert into Revervation (RevervationId, CheckIn, CheckOut, RoomId, GuestId) values (651, '2019-09-07 12:15:48', '2019-09-14 07:03:59', 828, 253);
insert into Revervation (RevervationId, CheckIn, CheckOut, RoomId, GuestId) values (652, '2019-09-07 08:38:26', '2019-09-14 17:46:58', 366, 562);
insert into Revervation (RevervationId, CheckIn, CheckOut, RoomId, GuestId) values (653, '2019-09-08 18:56:03', '2019-09-11 15:19:13', 507, 235);
insert into Revervation (RevervationId, CheckIn, CheckOut, RoomId, GuestId) values (654, '2019-09-06 11:02:18', '2019-09-10 13:32:55', 349, 992);
insert into Revervation (RevervationId, CheckIn, CheckOut, RoomId, GuestId) values (655, '2019-09-06 16:17:49', '2019-09-14 18:18:17', 417, 675);
insert into Revervation (RevervationId, CheckIn, CheckOut, RoomId, GuestId) values (656, '2019-09-08 13:43:04', '2019-09-11 16:30:51', 854, 534);
insert into Revervation (RevervationId, CheckIn, CheckOut, RoomId, GuestId) values (657, '2019-09-07 15:29:37', '2019-09-11 06:39:22', 583, 879);
insert into Revervation (RevervationId, CheckIn, CheckOut, RoomId, GuestId) values (658, '2019-09-08 15:41:30', '2019-09-10 08:02:27', 595, 92);
insert into Revervation (RevervationId, CheckIn, CheckOut, RoomId, GuestId) values (659, '2019-09-07 13:42:31', '2019-09-11 02:21:20', 763, 928);
insert into Revervation (RevervationId, CheckIn, CheckOut, RoomId, GuestId) values (660, '2019-09-08 22:42:37', '2019-09-11 14:06:22', 514, 836);
insert into Revervation (RevervationId, CheckIn, CheckOut, RoomId, GuestId) values (661, '2019-09-06 07:55:00', '2019-09-12 03:02:48', 304, 635);
insert into Revervation (RevervationId, CheckIn, CheckOut, RoomId, GuestId) values (662, '2019-09-08 14:01:04', '2019-09-14 14:51:40', 412, 310);
insert into Revervation (RevervationId, CheckIn, CheckOut, RoomId, GuestId) values (663, '2019-09-06 06:47:04', '2019-09-12 13:46:36', 309, 849);
insert into Revervation (RevervationId, CheckIn, CheckOut, RoomId, GuestId) values (664, '2019-09-06 01:51:34', '2019-09-11 15:48:29', 604, 851);
insert into Revervation (RevervationId, CheckIn, CheckOut, RoomId, GuestId) values (665, '2019-09-06 07:57:53', '2019-09-12 14:29:59', 315, 427);
insert into Revervation (RevervationId, CheckIn, CheckOut, RoomId, GuestId) values (666, '2019-09-07 05:35:09', '2019-09-13 17:02:13', 815, 542);
insert into Revervation (RevervationId, CheckIn, CheckOut, RoomId, GuestId) values (667, '2019-09-06 00:34:09', '2019-09-14 05:45:01', 15, 346);
insert into Revervation (RevervationId, CheckIn, CheckOut, RoomId, GuestId) values (668, '2019-09-06 09:26:50', '2019-09-11 19:38:41', 673, 917);
insert into Revervation (RevervationId, CheckIn, CheckOut, RoomId, GuestId) values (669, '2019-09-07 02:50:52', '2019-09-14 00:00:35', 621, 62);
insert into Revervation (RevervationId, CheckIn, CheckOut, RoomId, GuestId) values (670, '2019-09-08 17:52:48', '2019-09-13 05:33:06', 260, 7);
insert into Revervation (RevervationId, CheckIn, CheckOut, RoomId, GuestId) values (671, '2019-09-08 05:06:11', '2019-09-10 08:17:57', 909, 6);
insert into Revervation (RevervationId, CheckIn, CheckOut, RoomId, GuestId) values (672, '2019-09-08 05:31:50', '2019-09-13 14:24:00', 227, 79);
insert into Revervation (RevervationId, CheckIn, CheckOut, RoomId, GuestId) values (673, '2019-09-06 01:07:31', '2019-09-12 12:26:51', 680, 509);
insert into Revervation (RevervationId, CheckIn, CheckOut, RoomId, GuestId) values (674, '2019-09-06 15:56:09', '2019-09-12 04:26:58', 174, 878);
insert into Revervation (RevervationId, CheckIn, CheckOut, RoomId, GuestId) values (675, '2019-09-07 16:27:21', '2019-09-14 22:50:52', 82, 772);
insert into Revervation (RevervationId, CheckIn, CheckOut, RoomId, GuestId) values (676, '2019-09-08 16:27:40', '2019-09-11 10:26:28', 435, 242);
insert into Revervation (RevervationId, CheckIn, CheckOut, RoomId, GuestId) values (677, '2019-09-06 10:53:46', '2019-09-10 13:38:20', 20, 46);
insert into Revervation (RevervationId, CheckIn, CheckOut, RoomId, GuestId) values (678, '2019-09-07 10:59:58', '2019-09-13 03:27:11', 663, 646);
insert into Revervation (RevervationId, CheckIn, CheckOut, RoomId, GuestId) values (679, '2019-09-06 07:31:23', '2019-09-12 15:16:02', 204, 586);
insert into Revervation (RevervationId, CheckIn, CheckOut, RoomId, GuestId) values (680, '2019-09-07 04:51:35', '2019-09-12 17:22:15', 45, 703);
insert into Revervation (RevervationId, CheckIn, CheckOut, RoomId, GuestId) values (681, '2019-09-06 12:25:02', '2019-09-11 18:49:36', 795, 219);
insert into Revervation (RevervationId, CheckIn, CheckOut, RoomId, GuestId) values (682, '2019-09-08 01:17:58', '2019-09-14 21:31:13', 171, 879);
insert into Revervation (RevervationId, CheckIn, CheckOut, RoomId, GuestId) values (683, '2019-09-06 22:52:35', '2019-09-10 00:56:04', 97, 353);
insert into Revervation (RevervationId, CheckIn, CheckOut, RoomId, GuestId) values (684, '2019-09-06 19:13:33', '2019-09-11 02:27:46', 201, 287);
insert into Revervation (RevervationId, CheckIn, CheckOut, RoomId, GuestId) values (685, '2019-09-07 05:36:01', '2019-09-11 07:51:34', 103, 229);
insert into Revervation (RevervationId, CheckIn, CheckOut, RoomId, GuestId) values (686, '2019-09-06 01:37:44', '2019-09-13 00:16:08', 769, 450);
insert into Revervation (RevervationId, CheckIn, CheckOut, RoomId, GuestId) values (687, '2019-09-07 12:59:29', '2019-09-10 23:41:43', 927, 434);
insert into Revervation (RevervationId, CheckIn, CheckOut, RoomId, GuestId) values (688, '2019-09-08 15:14:36', '2019-09-13 22:23:53', 182, 834);
insert into Revervation (RevervationId, CheckIn, CheckOut, RoomId, GuestId) values (689, '2019-09-07 02:18:39', '2019-09-10 11:07:42', 178, 553);
insert into Revervation (RevervationId, CheckIn, CheckOut, RoomId, GuestId) values (690, '2019-09-06 02:08:36', '2019-09-14 15:18:54', 866, 368);
insert into Revervation (RevervationId, CheckIn, CheckOut, RoomId, GuestId) values (691, '2019-09-08 07:16:32', '2019-09-14 15:36:23', 481, 656);
insert into Revervation (RevervationId, CheckIn, CheckOut, RoomId, GuestId) values (692, '2019-09-06 17:28:42', '2019-09-12 21:50:18', 815, 436);
insert into Revervation (RevervationId, CheckIn, CheckOut, RoomId, GuestId) values (693, '2019-09-07 03:01:24', '2019-09-14 14:35:32', 269, 350);
insert into Revervation (RevervationId, CheckIn, CheckOut, RoomId, GuestId) values (694, '2019-09-06 08:12:46', '2019-09-13 19:30:19', 842, 110);
insert into Revervation (RevervationId, CheckIn, CheckOut, RoomId, GuestId) values (695, '2019-09-08 06:02:49', '2019-09-12 23:46:32', 416, 644);
insert into Revervation (RevervationId, CheckIn, CheckOut, RoomId, GuestId) values (696, '2019-09-07 17:31:23', '2019-09-14 11:16:27', 222, 606);
insert into Revervation (RevervationId, CheckIn, CheckOut, RoomId, GuestId) values (697, '2019-09-08 17:49:00', '2019-09-11 22:45:10', 977, 698);
insert into Revervation (RevervationId, CheckIn, CheckOut, RoomId, GuestId) values (698, '2019-09-06 07:30:36', '2019-09-13 18:47:30', 831, 87);
insert into Revervation (RevervationId, CheckIn, CheckOut, RoomId, GuestId) values (699, '2019-09-07 06:45:28', '2019-09-14 10:10:30', 228, 871);
insert into Revervation (RevervationId, CheckIn, CheckOut, RoomId, GuestId) values (700, '2019-09-06 02:26:12', '2019-09-13 02:19:59', 154, 885);
insert into Revervation (RevervationId, CheckIn, CheckOut, RoomId, GuestId) values (701, '2019-09-06 22:36:08', '2019-09-14 15:27:52', 1, 415);
insert into Revervation (RevervationId, CheckIn, CheckOut, RoomId, GuestId) values (702, '2019-09-06 04:48:05', '2019-09-11 20:42:57', 101, 194);
insert into Revervation (RevervationId, CheckIn, CheckOut, RoomId, GuestId) values (703, '2019-09-06 15:06:00', '2019-09-11 13:36:38', 710, 895);
insert into Revervation (RevervationId, CheckIn, CheckOut, RoomId, GuestId) values (704, '2019-09-06 05:02:54', '2019-09-10 13:40:59', 624, 836);
insert into Revervation (RevervationId, CheckIn, CheckOut, RoomId, GuestId) values (705, '2019-09-07 00:05:59', '2019-09-14 07:26:53', 137, 130);
insert into Revervation (RevervationId, CheckIn, CheckOut, RoomId, GuestId) values (706, '2019-09-08 07:35:27', '2019-09-14 20:31:27', 109, 561);
insert into Revervation (RevervationId, CheckIn, CheckOut, RoomId, GuestId) values (707, '2019-09-07 07:19:32', '2019-09-14 02:36:08', 940, 632);
insert into Revervation (RevervationId, CheckIn, CheckOut, RoomId, GuestId) values (708, '2019-09-08 11:24:41', '2019-09-14 21:43:30', 779, 930);
insert into Revervation (RevervationId, CheckIn, CheckOut, RoomId, GuestId) values (709, '2019-09-08 05:55:33', '2019-09-11 16:54:40', 514, 103);
insert into Revervation (RevervationId, CheckIn, CheckOut, RoomId, GuestId) values (710, '2019-09-08 04:11:01', '2019-09-13 21:11:41', 928, 984);
insert into Revervation (RevervationId, CheckIn, CheckOut, RoomId, GuestId) values (711, '2019-09-07 18:38:23', '2019-09-12 10:39:23', 740, 560);
insert into Revervation (RevervationId, CheckIn, CheckOut, RoomId, GuestId) values (712, '2019-09-08 07:23:09', '2019-09-13 07:09:47', 512, 454);
insert into Revervation (RevervationId, CheckIn, CheckOut, RoomId, GuestId) values (713, '2019-09-08 05:45:24', '2019-09-13 23:53:44', 392, 496);
insert into Revervation (RevervationId, CheckIn, CheckOut, RoomId, GuestId) values (714, '2019-09-07 00:17:30', '2019-09-10 16:20:52', 974, 632);
insert into Revervation (RevervationId, CheckIn, CheckOut, RoomId, GuestId) values (715, '2019-09-08 14:24:12', '2019-09-10 14:16:35', 55, 763);
insert into Revervation (RevervationId, CheckIn, CheckOut, RoomId, GuestId) values (716, '2019-09-08 13:06:04', '2019-09-10 18:47:44', 648, 109);
insert into Revervation (RevervationId, CheckIn, CheckOut, RoomId, GuestId) values (717, '2019-09-07 00:37:29', '2019-09-13 17:19:11', 575, 382);
insert into Revervation (RevervationId, CheckIn, CheckOut, RoomId, GuestId) values (718, '2019-09-08 19:52:28', '2019-09-13 21:53:26', 631, 94);
insert into Revervation (RevervationId, CheckIn, CheckOut, RoomId, GuestId) values (719, '2019-09-08 22:06:21', '2019-09-12 09:38:14', 288, 312);
insert into Revervation (RevervationId, CheckIn, CheckOut, RoomId, GuestId) values (720, '2019-09-07 16:47:43', '2019-09-13 07:34:31', 976, 22);
insert into Revervation (RevervationId, CheckIn, CheckOut, RoomId, GuestId) values (721, '2019-09-06 16:26:14', '2019-09-14 13:02:18', 298, 732);
insert into Revervation (RevervationId, CheckIn, CheckOut, RoomId, GuestId) values (722, '2019-09-08 15:21:04', '2019-09-13 11:52:26', 337, 136);
insert into Revervation (RevervationId, CheckIn, CheckOut, RoomId, GuestId) values (723, '2019-09-06 16:50:37', '2019-09-13 03:40:56', 609, 313);
insert into Revervation (RevervationId, CheckIn, CheckOut, RoomId, GuestId) values (724, '2019-09-06 00:53:47', '2019-09-14 16:34:26', 234, 24);
insert into Revervation (RevervationId, CheckIn, CheckOut, RoomId, GuestId) values (725, '2019-09-07 05:23:44', '2019-09-12 23:39:17', 102, 932);
insert into Revervation (RevervationId, CheckIn, CheckOut, RoomId, GuestId) values (726, '2019-09-06 21:40:01', '2019-09-11 23:53:16', 627, 639);
insert into Revervation (RevervationId, CheckIn, CheckOut, RoomId, GuestId) values (727, '2019-09-07 15:41:22', '2019-09-11 03:08:34', 790, 212);
insert into Revervation (RevervationId, CheckIn, CheckOut, RoomId, GuestId) values (728, '2019-09-06 13:57:55', '2019-09-11 15:07:44', 921, 919);
insert into Revervation (RevervationId, CheckIn, CheckOut, RoomId, GuestId) values (729, '2019-09-06 15:40:42', '2019-09-11 16:52:20', 804, 258);
insert into Revervation (RevervationId, CheckIn, CheckOut, RoomId, GuestId) values (730, '2019-09-07 03:56:34', '2019-09-13 22:31:27', 530, 708);
insert into Revervation (RevervationId, CheckIn, CheckOut, RoomId, GuestId) values (731, '2019-09-07 16:14:02', '2019-09-11 11:39:39', 443, 968);
insert into Revervation (RevervationId, CheckIn, CheckOut, RoomId, GuestId) values (732, '2019-09-06 05:30:04', '2019-09-12 06:49:11', 344, 198);
insert into Revervation (RevervationId, CheckIn, CheckOut, RoomId, GuestId) values (733, '2019-09-07 04:24:07', '2019-09-12 05:18:01', 68, 163);
insert into Revervation (RevervationId, CheckIn, CheckOut, RoomId, GuestId) values (734, '2019-09-06 19:24:34', '2019-09-14 02:33:38', 320, 217);
insert into Revervation (RevervationId, CheckIn, CheckOut, RoomId, GuestId) values (735, '2019-09-06 15:07:13', '2019-09-12 13:15:20', 90, 860);
insert into Revervation (RevervationId, CheckIn, CheckOut, RoomId, GuestId) values (736, '2019-09-08 12:17:19', '2019-09-10 23:00:29', 855, 28);
insert into Revervation (RevervationId, CheckIn, CheckOut, RoomId, GuestId) values (737, '2019-09-07 23:05:42', '2019-09-12 02:47:56', 666, 806);
insert into Revervation (RevervationId, CheckIn, CheckOut, RoomId, GuestId) values (738, '2019-09-06 19:34:43', '2019-09-10 05:24:08', 245, 145);
insert into Revervation (RevervationId, CheckIn, CheckOut, RoomId, GuestId) values (739, '2019-09-06 20:49:45', '2019-09-14 02:40:25', 240, 214);
insert into Revervation (RevervationId, CheckIn, CheckOut, RoomId, GuestId) values (740, '2019-09-08 05:57:07', '2019-09-14 09:03:52', 679, 865);
insert into Revervation (RevervationId, CheckIn, CheckOut, RoomId, GuestId) values (741, '2019-09-08 12:18:17', '2019-09-12 14:25:37', 303, 840);
insert into Revervation (RevervationId, CheckIn, CheckOut, RoomId, GuestId) values (742, '2019-09-07 08:01:07', '2019-09-14 17:46:22', 944, 380);
insert into Revervation (RevervationId, CheckIn, CheckOut, RoomId, GuestId) values (743, '2019-09-06 14:48:37', '2019-09-14 02:14:18', 22, 394);
insert into Revervation (RevervationId, CheckIn, CheckOut, RoomId, GuestId) values (744, '2019-09-08 02:22:07', '2019-09-12 18:32:18', 42, 230);
insert into Revervation (RevervationId, CheckIn, CheckOut, RoomId, GuestId) values (745, '2019-09-07 15:59:36', '2019-09-14 04:25:26', 625, 277);
insert into Revervation (RevervationId, CheckIn, CheckOut, RoomId, GuestId) values (746, '2019-09-08 01:14:27', '2019-09-11 00:21:50', 40, 819);
insert into Revervation (RevervationId, CheckIn, CheckOut, RoomId, GuestId) values (747, '2019-09-07 05:27:53', '2019-09-12 01:47:17', 192, 576);
insert into Revervation (RevervationId, CheckIn, CheckOut, RoomId, GuestId) values (748, '2019-09-06 14:32:28', '2019-09-10 15:58:39', 625, 476);
insert into Revervation (RevervationId, CheckIn, CheckOut, RoomId, GuestId) values (749, '2019-09-06 02:25:45', '2019-09-11 00:00:26', 937, 489);
insert into Revervation (RevervationId, CheckIn, CheckOut, RoomId, GuestId) values (750, '2019-09-07 23:14:50', '2019-09-12 21:51:41', 647, 295);
insert into Revervation (RevervationId, CheckIn, CheckOut, RoomId, GuestId) values (751, '2019-09-08 04:06:03', '2019-09-10 23:39:04', 236, 766);
insert into Revervation (RevervationId, CheckIn, CheckOut, RoomId, GuestId) values (752, '2019-09-06 23:58:02', '2019-09-11 17:15:57', 60, 547);
insert into Revervation (RevervationId, CheckIn, CheckOut, RoomId, GuestId) values (753, '2019-09-08 08:56:43', '2019-09-11 12:56:58', 141, 955);
insert into Revervation (RevervationId, CheckIn, CheckOut, RoomId, GuestId) values (754, '2019-09-08 22:20:32', '2019-09-14 15:40:22', 293, 590);
insert into Revervation (RevervationId, CheckIn, CheckOut, RoomId, GuestId) values (755, '2019-09-08 02:16:58', '2019-09-10 20:57:37', 3, 893);
insert into Revervation (RevervationId, CheckIn, CheckOut, RoomId, GuestId) values (756, '2019-09-06 16:35:44', '2019-09-11 08:53:02', 172, 471);
insert into Revervation (RevervationId, CheckIn, CheckOut, RoomId, GuestId) values (757, '2019-09-06 15:56:53', '2019-09-13 18:04:04', 861, 683);
insert into Revervation (RevervationId, CheckIn, CheckOut, RoomId, GuestId) values (758, '2019-09-08 01:00:56', '2019-09-11 22:25:36', 192, 324);
insert into Revervation (RevervationId, CheckIn, CheckOut, RoomId, GuestId) values (759, '2019-09-06 16:58:49', '2019-09-11 04:12:46', 142, 221);
insert into Revervation (RevervationId, CheckIn, CheckOut, RoomId, GuestId) values (760, '2019-09-06 05:45:39', '2019-09-12 04:07:23', 319, 953);
insert into Revervation (RevervationId, CheckIn, CheckOut, RoomId, GuestId) values (761, '2019-09-08 19:13:21', '2019-09-10 21:20:53', 42, 26);
insert into Revervation (RevervationId, CheckIn, CheckOut, RoomId, GuestId) values (762, '2019-09-06 06:06:55', '2019-09-13 13:42:41', 752, 517);
insert into Revervation (RevervationId, CheckIn, CheckOut, RoomId, GuestId) values (763, '2019-09-06 00:18:43', '2019-09-11 23:52:51', 603, 266);
insert into Revervation (RevervationId, CheckIn, CheckOut, RoomId, GuestId) values (764, '2019-09-07 09:10:07', '2019-09-11 07:39:39', 469, 284);
insert into Revervation (RevervationId, CheckIn, CheckOut, RoomId, GuestId) values (765, '2019-09-06 19:12:10', '2019-09-11 07:04:59', 533, 983);
insert into Revervation (RevervationId, CheckIn, CheckOut, RoomId, GuestId) values (766, '2019-09-06 05:58:51', '2019-09-14 03:49:03', 980, 831);
insert into Revervation (RevervationId, CheckIn, CheckOut, RoomId, GuestId) values (767, '2019-09-06 12:54:38', '2019-09-10 01:09:08', 608, 133);
insert into Revervation (RevervationId, CheckIn, CheckOut, RoomId, GuestId) values (768, '2019-09-07 02:44:53', '2019-09-10 01:05:20', 200, 637);
insert into Revervation (RevervationId, CheckIn, CheckOut, RoomId, GuestId) values (769, '2019-09-07 21:07:21', '2019-09-13 15:26:01', 830, 982);
insert into Revervation (RevervationId, CheckIn, CheckOut, RoomId, GuestId) values (770, '2019-09-07 23:55:14', '2019-09-14 16:29:11', 912, 255);
insert into Revervation (RevervationId, CheckIn, CheckOut, RoomId, GuestId) values (771, '2019-09-08 11:57:20', '2019-09-10 00:03:00', 726, 729);
insert into Revervation (RevervationId, CheckIn, CheckOut, RoomId, GuestId) values (772, '2019-09-07 22:19:57', '2019-09-12 09:37:34', 470, 457);
insert into Revervation (RevervationId, CheckIn, CheckOut, RoomId, GuestId) values (773, '2019-09-07 02:26:30', '2019-09-10 21:45:19', 2, 124);
insert into Revervation (RevervationId, CheckIn, CheckOut, RoomId, GuestId) values (774, '2019-09-08 01:29:45', '2019-09-12 13:05:01', 611, 671);
insert into Revervation (RevervationId, CheckIn, CheckOut, RoomId, GuestId) values (775, '2019-09-06 04:33:28', '2019-09-10 04:58:40', 80, 890);
insert into Revervation (RevervationId, CheckIn, CheckOut, RoomId, GuestId) values (776, '2019-09-08 05:22:48', '2019-09-13 01:25:52', 968, 349);
insert into Revervation (RevervationId, CheckIn, CheckOut, RoomId, GuestId) values (777, '2019-09-07 16:38:11', '2019-09-10 10:31:24', 678, 470);
insert into Revervation (RevervationId, CheckIn, CheckOut, RoomId, GuestId) values (778, '2019-09-08 15:25:50', '2019-09-13 19:41:13', 410, 890);
insert into Revervation (RevervationId, CheckIn, CheckOut, RoomId, GuestId) values (779, '2019-09-06 06:28:30', '2019-09-14 21:01:47', 391, 744);
insert into Revervation (RevervationId, CheckIn, CheckOut, RoomId, GuestId) values (780, '2019-09-07 15:43:08', '2019-09-12 12:05:28', 42, 940);
insert into Revervation (RevervationId, CheckIn, CheckOut, RoomId, GuestId) values (781, '2019-09-08 07:45:57', '2019-09-10 02:23:40', 425, 47);
insert into Revervation (RevervationId, CheckIn, CheckOut, RoomId, GuestId) values (782, '2019-09-06 17:00:37', '2019-09-11 12:43:25', 817, 877);
insert into Revervation (RevervationId, CheckIn, CheckOut, RoomId, GuestId) values (783, '2019-09-06 05:28:54', '2019-09-14 03:23:20', 460, 331);
insert into Revervation (RevervationId, CheckIn, CheckOut, RoomId, GuestId) values (784, '2019-09-08 00:26:26', '2019-09-14 22:59:48', 589, 278);
insert into Revervation (RevervationId, CheckIn, CheckOut, RoomId, GuestId) values (785, '2019-09-07 11:24:08', '2019-09-11 00:54:08', 257, 750);
insert into Revervation (RevervationId, CheckIn, CheckOut, RoomId, GuestId) values (786, '2019-09-07 08:54:06', '2019-09-13 14:02:57', 601, 236);
insert into Revervation (RevervationId, CheckIn, CheckOut, RoomId, GuestId) values (787, '2019-09-06 01:25:04', '2019-09-11 08:50:06', 293, 773);
insert into Revervation (RevervationId, CheckIn, CheckOut, RoomId, GuestId) values (788, '2019-09-08 19:38:46', '2019-09-14 15:57:17', 350, 922);
insert into Revervation (RevervationId, CheckIn, CheckOut, RoomId, GuestId) values (789, '2019-09-07 18:22:12', '2019-09-12 00:32:21', 271, 286);
insert into Revervation (RevervationId, CheckIn, CheckOut, RoomId, GuestId) values (790, '2019-09-08 20:42:14', '2019-09-11 11:52:40', 689, 654);
insert into Revervation (RevervationId, CheckIn, CheckOut, RoomId, GuestId) values (791, '2019-09-06 19:24:21', '2019-09-13 22:46:37', 936, 758);
insert into Revervation (RevervationId, CheckIn, CheckOut, RoomId, GuestId) values (792, '2019-09-06 00:26:19', '2019-09-10 08:01:37', 946, 582);
insert into Revervation (RevervationId, CheckIn, CheckOut, RoomId, GuestId) values (793, '2019-09-06 02:46:39', '2019-09-12 23:18:57', 821, 204);
insert into Revervation (RevervationId, CheckIn, CheckOut, RoomId, GuestId) values (794, '2019-09-06 21:33:43', '2019-09-10 12:28:33', 146, 744);
insert into Revervation (RevervationId, CheckIn, CheckOut, RoomId, GuestId) values (795, '2019-09-06 06:16:30', '2019-09-13 08:31:01', 837, 174);
insert into Revervation (RevervationId, CheckIn, CheckOut, RoomId, GuestId) values (796, '2019-09-06 08:10:23', '2019-09-12 20:26:38', 95, 813);
insert into Revervation (RevervationId, CheckIn, CheckOut, RoomId, GuestId) values (797, '2019-09-08 14:47:09', '2019-09-11 08:03:11', 423, 376);
insert into Revervation (RevervationId, CheckIn, CheckOut, RoomId, GuestId) values (798, '2019-09-06 05:15:28', '2019-09-12 02:57:07', 484, 96);
insert into Revervation (RevervationId, CheckIn, CheckOut, RoomId, GuestId) values (799, '2019-09-06 05:02:47', '2019-09-10 21:23:03', 937, 55);
insert into Revervation (RevervationId, CheckIn, CheckOut, RoomId, GuestId) values (800, '2019-09-08 05:43:07', '2019-09-10 02:01:14', 561, 136);
insert into Revervation (RevervationId, CheckIn, CheckOut, RoomId, GuestId) values (801, '2019-09-07 14:42:47', '2019-09-11 03:49:28', 47, 746);
insert into Revervation (RevervationId, CheckIn, CheckOut, RoomId, GuestId) values (802, '2019-09-07 10:22:14', '2019-09-12 19:09:27', 6, 85);
insert into Revervation (RevervationId, CheckIn, CheckOut, RoomId, GuestId) values (803, '2019-09-06 12:34:34', '2019-09-12 08:25:38', 774, 996);
insert into Revervation (RevervationId, CheckIn, CheckOut, RoomId, GuestId) values (804, '2019-09-07 20:57:41', '2019-09-11 08:09:43', 521, 801);
insert into Revervation (RevervationId, CheckIn, CheckOut, RoomId, GuestId) values (805, '2019-09-07 11:00:07', '2019-09-11 12:56:08', 270, 700);
insert into Revervation (RevervationId, CheckIn, CheckOut, RoomId, GuestId) values (806, '2019-09-07 09:59:20', '2019-09-11 01:52:32', 68, 544);
insert into Revervation (RevervationId, CheckIn, CheckOut, RoomId, GuestId) values (807, '2019-09-07 17:11:29', '2019-09-12 21:57:42', 760, 571);
insert into Revervation (RevervationId, CheckIn, CheckOut, RoomId, GuestId) values (808, '2019-09-08 08:01:02', '2019-09-12 01:35:38', 122, 626);
insert into Revervation (RevervationId, CheckIn, CheckOut, RoomId, GuestId) values (809, '2019-09-07 15:02:21', '2019-09-10 06:44:29', 551, 395);
insert into Revervation (RevervationId, CheckIn, CheckOut, RoomId, GuestId) values (810, '2019-09-07 08:12:18', '2019-09-10 05:02:29', 349, 99);
insert into Revervation (RevervationId, CheckIn, CheckOut, RoomId, GuestId) values (811, '2019-09-07 07:53:42', '2019-09-13 12:51:35', 585, 747);
insert into Revervation (RevervationId, CheckIn, CheckOut, RoomId, GuestId) values (812, '2019-09-06 06:39:24', '2019-09-11 07:51:45', 267, 168);
insert into Revervation (RevervationId, CheckIn, CheckOut, RoomId, GuestId) values (813, '2019-09-06 16:55:00', '2019-09-11 20:38:17', 841, 644);
insert into Revervation (RevervationId, CheckIn, CheckOut, RoomId, GuestId) values (814, '2019-09-07 10:17:10', '2019-09-13 17:00:16', 131, 685);
insert into Revervation (RevervationId, CheckIn, CheckOut, RoomId, GuestId) values (815, '2019-09-08 12:42:26', '2019-09-13 15:53:24', 633, 889);
insert into Revervation (RevervationId, CheckIn, CheckOut, RoomId, GuestId) values (816, '2019-09-08 01:30:01', '2019-09-11 15:16:31', 308, 732);
insert into Revervation (RevervationId, CheckIn, CheckOut, RoomId, GuestId) values (817, '2019-09-08 08:28:18', '2019-09-12 02:47:38', 860, 500);
insert into Revervation (RevervationId, CheckIn, CheckOut, RoomId, GuestId) values (818, '2019-09-08 17:10:22', '2019-09-10 00:17:47', 891, 773);
insert into Revervation (RevervationId, CheckIn, CheckOut, RoomId, GuestId) values (819, '2019-09-08 05:37:54', '2019-09-11 02:33:44', 677, 821);
insert into Revervation (RevervationId, CheckIn, CheckOut, RoomId, GuestId) values (820, '2019-09-07 03:12:35', '2019-09-10 08:26:03', 68, 353);
insert into Revervation (RevervationId, CheckIn, CheckOut, RoomId, GuestId) values (821, '2019-09-06 12:50:59', '2019-09-13 23:14:38', 365, 486);
insert into Revervation (RevervationId, CheckIn, CheckOut, RoomId, GuestId) values (822, '2019-09-08 10:30:04', '2019-09-13 21:58:53', 911, 860);
insert into Revervation (RevervationId, CheckIn, CheckOut, RoomId, GuestId) values (823, '2019-09-07 19:53:23', '2019-09-11 02:02:37', 93, 803);
insert into Revervation (RevervationId, CheckIn, CheckOut, RoomId, GuestId) values (824, '2019-09-06 00:40:37', '2019-09-12 09:39:04', 194, 935);
insert into Revervation (RevervationId, CheckIn, CheckOut, RoomId, GuestId) values (825, '2019-09-07 08:54:23', '2019-09-12 15:40:06', 453, 425);
insert into Revervation (RevervationId, CheckIn, CheckOut, RoomId, GuestId) values (826, '2019-09-06 23:13:55', '2019-09-12 09:32:55', 404, 167);
insert into Revervation (RevervationId, CheckIn, CheckOut, RoomId, GuestId) values (827, '2019-09-07 20:32:32', '2019-09-14 00:59:27', 809, 984);
insert into Revervation (RevervationId, CheckIn, CheckOut, RoomId, GuestId) values (828, '2019-09-06 02:04:23', '2019-09-10 04:01:30', 3, 540);
insert into Revervation (RevervationId, CheckIn, CheckOut, RoomId, GuestId) values (829, '2019-09-07 00:00:38', '2019-09-13 08:46:32', 481, 375);
insert into Revervation (RevervationId, CheckIn, CheckOut, RoomId, GuestId) values (830, '2019-09-08 21:38:41', '2019-09-14 07:30:40', 149, 654);
insert into Revervation (RevervationId, CheckIn, CheckOut, RoomId, GuestId) values (831, '2019-09-08 15:09:32', '2019-09-12 15:59:46', 203, 225);
insert into Revervation (RevervationId, CheckIn, CheckOut, RoomId, GuestId) values (832, '2019-09-06 15:33:39', '2019-09-13 05:30:08', 86, 996);
insert into Revervation (RevervationId, CheckIn, CheckOut, RoomId, GuestId) values (833, '2019-09-08 02:11:32', '2019-09-13 19:33:32', 930, 332);
insert into Revervation (RevervationId, CheckIn, CheckOut, RoomId, GuestId) values (834, '2019-09-07 10:26:54', '2019-09-13 18:55:06', 263, 383);
insert into Revervation (RevervationId, CheckIn, CheckOut, RoomId, GuestId) values (835, '2019-09-06 17:14:36', '2019-09-11 05:39:31', 160, 772);
insert into Revervation (RevervationId, CheckIn, CheckOut, RoomId, GuestId) values (836, '2019-09-06 11:33:29', '2019-09-12 20:58:44', 854, 894);
insert into Revervation (RevervationId, CheckIn, CheckOut, RoomId, GuestId) values (837, '2019-09-07 22:21:26', '2019-09-10 21:02:20', 768, 644);
insert into Revervation (RevervationId, CheckIn, CheckOut, RoomId, GuestId) values (838, '2019-09-06 20:04:55', '2019-09-12 11:28:56', 693, 812);
insert into Revervation (RevervationId, CheckIn, CheckOut, RoomId, GuestId) values (839, '2019-09-06 05:32:47', '2019-09-10 21:30:58', 84, 129);
insert into Revervation (RevervationId, CheckIn, CheckOut, RoomId, GuestId) values (840, '2019-09-08 01:34:43', '2019-09-14 01:43:33', 145, 359);
insert into Revervation (RevervationId, CheckIn, CheckOut, RoomId, GuestId) values (841, '2019-09-08 11:35:26', '2019-09-12 22:36:49', 111, 999);
insert into Revervation (RevervationId, CheckIn, CheckOut, RoomId, GuestId) values (842, '2019-09-07 03:40:03', '2019-09-14 14:59:08', 517, 414);
insert into Revervation (RevervationId, CheckIn, CheckOut, RoomId, GuestId) values (843, '2019-09-07 20:04:16', '2019-09-10 09:37:45', 950, 625);
insert into Revervation (RevervationId, CheckIn, CheckOut, RoomId, GuestId) values (844, '2019-09-08 16:38:55', '2019-09-12 02:03:28', 967, 814);
insert into Revervation (RevervationId, CheckIn, CheckOut, RoomId, GuestId) values (845, '2019-09-06 17:42:47', '2019-09-12 00:41:57', 206, 736);
insert into Revervation (RevervationId, CheckIn, CheckOut, RoomId, GuestId) values (846, '2019-09-08 23:35:07', '2019-09-11 18:20:05', 326, 35);
insert into Revervation (RevervationId, CheckIn, CheckOut, RoomId, GuestId) values (847, '2019-09-06 10:40:57', '2019-09-12 21:39:16', 918, 783);
insert into Revervation (RevervationId, CheckIn, CheckOut, RoomId, GuestId) values (848, '2019-09-08 23:49:13', '2019-09-11 02:20:10', 696, 654);
insert into Revervation (RevervationId, CheckIn, CheckOut, RoomId, GuestId) values (849, '2019-09-08 03:06:17', '2019-09-14 22:34:00', 24, 181);
insert into Revervation (RevervationId, CheckIn, CheckOut, RoomId, GuestId) values (850, '2019-09-08 10:11:41', '2019-09-12 07:15:40', 981, 965);
insert into Revervation (RevervationId, CheckIn, CheckOut, RoomId, GuestId) values (851, '2019-09-07 10:14:56', '2019-09-14 17:04:06', 938, 802);
insert into Revervation (RevervationId, CheckIn, CheckOut, RoomId, GuestId) values (852, '2019-09-07 10:17:59', '2019-09-13 12:17:21', 330, 679);
insert into Revervation (RevervationId, CheckIn, CheckOut, RoomId, GuestId) values (853, '2019-09-07 06:18:08', '2019-09-11 16:06:40', 785, 368);
insert into Revervation (RevervationId, CheckIn, CheckOut, RoomId, GuestId) values (854, '2019-09-08 16:20:46', '2019-09-14 01:36:51', 738, 513);
insert into Revervation (RevervationId, CheckIn, CheckOut, RoomId, GuestId) values (855, '2019-09-06 08:16:22', '2019-09-11 10:21:29', 414, 571);
insert into Revervation (RevervationId, CheckIn, CheckOut, RoomId, GuestId) values (856, '2019-09-07 02:59:36', '2019-09-12 19:25:00', 273, 175);
insert into Revervation (RevervationId, CheckIn, CheckOut, RoomId, GuestId) values (857, '2019-09-07 07:13:43', '2019-09-10 21:53:13', 704, 78);
insert into Revervation (RevervationId, CheckIn, CheckOut, RoomId, GuestId) values (858, '2019-09-06 11:33:31', '2019-09-14 16:53:16', 807, 169);
insert into Revervation (RevervationId, CheckIn, CheckOut, RoomId, GuestId) values (859, '2019-09-08 01:47:13', '2019-09-13 01:06:14', 599, 419);
insert into Revervation (RevervationId, CheckIn, CheckOut, RoomId, GuestId) values (860, '2019-09-08 03:16:21', '2019-09-11 17:07:11', 137, 651);
insert into Revervation (RevervationId, CheckIn, CheckOut, RoomId, GuestId) values (861, '2019-09-06 11:31:17', '2019-09-12 22:48:49', 71, 96);
insert into Revervation (RevervationId, CheckIn, CheckOut, RoomId, GuestId) values (862, '2019-09-08 05:34:38', '2019-09-14 23:10:18', 632, 298);
insert into Revervation (RevervationId, CheckIn, CheckOut, RoomId, GuestId) values (863, '2019-09-08 14:39:22', '2019-09-12 01:47:19', 771, 525);
insert into Revervation (RevervationId, CheckIn, CheckOut, RoomId, GuestId) values (864, '2019-09-08 22:16:05', '2019-09-14 01:23:52', 981, 665);
insert into Revervation (RevervationId, CheckIn, CheckOut, RoomId, GuestId) values (865, '2019-09-06 21:47:17', '2019-09-12 04:50:57', 216, 150);
insert into Revervation (RevervationId, CheckIn, CheckOut, RoomId, GuestId) values (866, '2019-09-07 00:31:04', '2019-09-11 09:03:38', 888, 341);
insert into Revervation (RevervationId, CheckIn, CheckOut, RoomId, GuestId) values (867, '2019-09-08 11:12:05', '2019-09-14 07:46:10', 254, 844);
insert into Revervation (RevervationId, CheckIn, CheckOut, RoomId, GuestId) values (868, '2019-09-07 14:28:29', '2019-09-14 05:41:36', 902, 402);
insert into Revervation (RevervationId, CheckIn, CheckOut, RoomId, GuestId) values (869, '2019-09-07 00:00:26', '2019-09-14 21:35:19', 310, 730);
insert into Revervation (RevervationId, CheckIn, CheckOut, RoomId, GuestId) values (870, '2019-09-06 02:07:51', '2019-09-12 05:25:16', 809, 168);
insert into Revervation (RevervationId, CheckIn, CheckOut, RoomId, GuestId) values (871, '2019-09-07 12:10:16', '2019-09-12 01:08:09', 782, 742);
insert into Revervation (RevervationId, CheckIn, CheckOut, RoomId, GuestId) values (872, '2019-09-07 23:48:50', '2019-09-11 05:32:50', 272, 95);
insert into Revervation (RevervationId, CheckIn, CheckOut, RoomId, GuestId) values (873, '2019-09-07 12:01:59', '2019-09-11 09:52:17', 872, 722);
insert into Revervation (RevervationId, CheckIn, CheckOut, RoomId, GuestId) values (874, '2019-09-07 15:26:41', '2019-09-12 10:30:54', 559, 95);
insert into Revervation (RevervationId, CheckIn, CheckOut, RoomId, GuestId) values (875, '2019-09-08 19:47:09', '2019-09-13 14:18:40', 495, 355);
insert into Revervation (RevervationId, CheckIn, CheckOut, RoomId, GuestId) values (876, '2019-09-08 16:53:53', '2019-09-13 00:08:43', 315, 210);
insert into Revervation (RevervationId, CheckIn, CheckOut, RoomId, GuestId) values (877, '2019-09-06 06:12:07', '2019-09-12 00:32:55', 796, 320);
insert into Revervation (RevervationId, CheckIn, CheckOut, RoomId, GuestId) values (878, '2019-09-07 10:38:22', '2019-09-10 18:09:54', 818, 48);
insert into Revervation (RevervationId, CheckIn, CheckOut, RoomId, GuestId) values (879, '2019-09-06 08:10:45', '2019-09-11 20:19:21', 411, 373);
insert into Revervation (RevervationId, CheckIn, CheckOut, RoomId, GuestId) values (880, '2019-09-06 08:06:23', '2019-09-14 03:34:02', 441, 168);
insert into Revervation (RevervationId, CheckIn, CheckOut, RoomId, GuestId) values (881, '2019-09-08 13:55:13', '2019-09-10 11:22:22', 855, 249);
insert into Revervation (RevervationId, CheckIn, CheckOut, RoomId, GuestId) values (882, '2019-09-06 14:18:36', '2019-09-11 20:29:49', 199, 700);
insert into Revervation (RevervationId, CheckIn, CheckOut, RoomId, GuestId) values (883, '2019-09-08 21:59:19', '2019-09-10 13:58:17', 3, 746);
insert into Revervation (RevervationId, CheckIn, CheckOut, RoomId, GuestId) values (884, '2019-09-07 09:38:12', '2019-09-11 18:27:03', 391, 321);
insert into Revervation (RevervationId, CheckIn, CheckOut, RoomId, GuestId) values (885, '2019-09-06 04:56:21', '2019-09-10 06:45:20', 774, 379);
insert into Revervation (RevervationId, CheckIn, CheckOut, RoomId, GuestId) values (886, '2019-09-06 22:50:34', '2019-09-11 10:36:12', 440, 215);
insert into Revervation (RevervationId, CheckIn, CheckOut, RoomId, GuestId) values (887, '2019-09-08 05:41:25', '2019-09-10 02:19:17', 67, 295);
insert into Revervation (RevervationId, CheckIn, CheckOut, RoomId, GuestId) values (888, '2019-09-07 02:30:36', '2019-09-13 05:30:46', 451, 95);
insert into Revervation (RevervationId, CheckIn, CheckOut, RoomId, GuestId) values (889, '2019-09-07 00:35:30', '2019-09-10 10:14:26', 510, 73);
insert into Revervation (RevervationId, CheckIn, CheckOut, RoomId, GuestId) values (890, '2019-09-08 14:32:41', '2019-09-13 17:47:38', 862, 229);
insert into Revervation (RevervationId, CheckIn, CheckOut, RoomId, GuestId) values (891, '2019-09-08 11:27:14', '2019-09-14 11:35:08', 858, 723);
insert into Revervation (RevervationId, CheckIn, CheckOut, RoomId, GuestId) values (892, '2019-09-07 14:35:27', '2019-09-13 04:53:04', 307, 65);
insert into Revervation (RevervationId, CheckIn, CheckOut, RoomId, GuestId) values (893, '2019-09-06 08:02:23', '2019-09-11 15:35:15', 277, 269);
insert into Revervation (RevervationId, CheckIn, CheckOut, RoomId, GuestId) values (894, '2019-09-07 00:32:05', '2019-09-12 22:44:56', 43, 924);
insert into Revervation (RevervationId, CheckIn, CheckOut, RoomId, GuestId) values (895, '2019-09-06 20:54:26', '2019-09-13 13:25:12', 347, 709);
insert into Revervation (RevervationId, CheckIn, CheckOut, RoomId, GuestId) values (896, '2019-09-08 00:33:40', '2019-09-10 23:50:13', 806, 464);
insert into Revervation (RevervationId, CheckIn, CheckOut, RoomId, GuestId) values (897, '2019-09-07 14:48:39', '2019-09-12 14:27:24', 519, 547);
insert into Revervation (RevervationId, CheckIn, CheckOut, RoomId, GuestId) values (898, '2019-09-08 03:20:43', '2019-09-14 07:49:23', 267, 74);
insert into Revervation (RevervationId, CheckIn, CheckOut, RoomId, GuestId) values (899, '2019-09-07 01:48:14', '2019-09-14 06:14:28', 825, 481);
insert into Revervation (RevervationId, CheckIn, CheckOut, RoomId, GuestId) values (900, '2019-09-06 08:09:57', '2019-09-13 11:23:06', 948, 415);
insert into Revervation (RevervationId, CheckIn, CheckOut, RoomId, GuestId) values (901, '2019-09-06 08:00:26', '2019-09-13 05:33:38', 797, 248);
insert into Revervation (RevervationId, CheckIn, CheckOut, RoomId, GuestId) values (902, '2019-09-06 11:28:09', '2019-09-14 14:33:05', 715, 441);
insert into Revervation (RevervationId, CheckIn, CheckOut, RoomId, GuestId) values (903, '2019-09-08 13:56:15', '2019-09-13 01:20:12', 249, 17);
insert into Revervation (RevervationId, CheckIn, CheckOut, RoomId, GuestId) values (904, '2019-09-06 17:01:34', '2019-09-14 04:49:26', 609, 821);
insert into Revervation (RevervationId, CheckIn, CheckOut, RoomId, GuestId) values (905, '2019-09-08 16:23:50', '2019-09-12 13:16:36', 776, 575);
insert into Revervation (RevervationId, CheckIn, CheckOut, RoomId, GuestId) values (906, '2019-09-07 11:59:55', '2019-09-14 06:00:08', 48, 598);
insert into Revervation (RevervationId, CheckIn, CheckOut, RoomId, GuestId) values (907, '2019-09-07 12:33:07', '2019-09-13 14:08:59', 36, 191);
insert into Revervation (RevervationId, CheckIn, CheckOut, RoomId, GuestId) values (908, '2019-09-07 22:37:19', '2019-09-13 03:23:44', 495, 533);
insert into Revervation (RevervationId, CheckIn, CheckOut, RoomId, GuestId) values (909, '2019-09-07 18:31:39', '2019-09-10 19:41:35', 145, 869);
insert into Revervation (RevervationId, CheckIn, CheckOut, RoomId, GuestId) values (910, '2019-09-06 19:51:24', '2019-09-12 17:34:03', 63, 476);
insert into Revervation (RevervationId, CheckIn, CheckOut, RoomId, GuestId) values (911, '2019-09-06 05:54:52', '2019-09-10 23:57:08', 171, 294);
insert into Revervation (RevervationId, CheckIn, CheckOut, RoomId, GuestId) values (912, '2019-09-08 19:54:16', '2019-09-10 18:58:41', 538, 390);
insert into Revervation (RevervationId, CheckIn, CheckOut, RoomId, GuestId) values (913, '2019-09-08 13:45:32', '2019-09-12 05:46:08', 508, 186);
insert into Revervation (RevervationId, CheckIn, CheckOut, RoomId, GuestId) values (914, '2019-09-08 21:07:25', '2019-09-12 11:20:06', 949, 122);
insert into Revervation (RevervationId, CheckIn, CheckOut, RoomId, GuestId) values (915, '2019-09-06 18:23:30', '2019-09-13 21:49:25', 875, 222);
insert into Revervation (RevervationId, CheckIn, CheckOut, RoomId, GuestId) values (916, '2019-09-07 14:52:13', '2019-09-11 14:32:10', 345, 223);
insert into Revervation (RevervationId, CheckIn, CheckOut, RoomId, GuestId) values (917, '2019-09-06 02:35:14', '2019-09-11 08:56:16', 64, 138);
insert into Revervation (RevervationId, CheckIn, CheckOut, RoomId, GuestId) values (918, '2019-09-08 03:54:10', '2019-09-14 06:38:18', 287, 580);
insert into Revervation (RevervationId, CheckIn, CheckOut, RoomId, GuestId) values (919, '2019-09-06 22:44:05', '2019-09-13 18:48:09', 355, 238);
insert into Revervation (RevervationId, CheckIn, CheckOut, RoomId, GuestId) values (920, '2019-09-08 12:44:40', '2019-09-11 00:37:47', 270, 228);
insert into Revervation (RevervationId, CheckIn, CheckOut, RoomId, GuestId) values (921, '2019-09-06 02:31:43', '2019-09-11 17:10:58', 144, 318);
insert into Revervation (RevervationId, CheckIn, CheckOut, RoomId, GuestId) values (922, '2019-09-07 06:19:23', '2019-09-11 08:56:07', 524, 425);
insert into Revervation (RevervationId, CheckIn, CheckOut, RoomId, GuestId) values (923, '2019-09-06 12:00:23', '2019-09-14 05:15:29', 258, 64);
insert into Revervation (RevervationId, CheckIn, CheckOut, RoomId, GuestId) values (924, '2019-09-07 10:45:45', '2019-09-12 15:34:52', 737, 333);
insert into Revervation (RevervationId, CheckIn, CheckOut, RoomId, GuestId) values (925, '2019-09-07 21:51:03', '2019-09-12 15:29:32', 270, 626);
insert into Revervation (RevervationId, CheckIn, CheckOut, RoomId, GuestId) values (926, '2019-09-06 18:29:09', '2019-09-13 21:17:33', 466, 777);
insert into Revervation (RevervationId, CheckIn, CheckOut, RoomId, GuestId) values (927, '2019-09-06 18:01:12', '2019-09-13 22:44:23', 105, 966);
insert into Revervation (RevervationId, CheckIn, CheckOut, RoomId, GuestId) values (928, '2019-09-06 16:28:10', '2019-09-12 13:40:51', 310, 997);
insert into Revervation (RevervationId, CheckIn, CheckOut, RoomId, GuestId) values (929, '2019-09-06 23:57:26', '2019-09-13 00:48:13', 340, 810);
insert into Revervation (RevervationId, CheckIn, CheckOut, RoomId, GuestId) values (930, '2019-09-06 18:02:53', '2019-09-13 02:46:21', 788, 645);
insert into Revervation (RevervationId, CheckIn, CheckOut, RoomId, GuestId) values (931, '2019-09-08 09:40:58', '2019-09-14 10:10:49', 812, 769);
insert into Revervation (RevervationId, CheckIn, CheckOut, RoomId, GuestId) values (932, '2019-09-06 19:08:03', '2019-09-14 06:11:02', 837, 687);
insert into Revervation (RevervationId, CheckIn, CheckOut, RoomId, GuestId) values (933, '2019-09-07 04:56:52', '2019-09-12 06:07:02', 928, 997);
insert into Revervation (RevervationId, CheckIn, CheckOut, RoomId, GuestId) values (934, '2019-09-06 01:43:00', '2019-09-10 12:35:32', 337, 113);
insert into Revervation (RevervationId, CheckIn, CheckOut, RoomId, GuestId) values (935, '2019-09-06 15:38:02', '2019-09-14 23:55:18', 906, 43);
insert into Revervation (RevervationId, CheckIn, CheckOut, RoomId, GuestId) values (936, '2019-09-08 23:58:29', '2019-09-12 09:54:31', 147, 588);
insert into Revervation (RevervationId, CheckIn, CheckOut, RoomId, GuestId) values (937, '2019-09-07 16:42:50', '2019-09-14 07:41:43', 233, 732);
insert into Revervation (RevervationId, CheckIn, CheckOut, RoomId, GuestId) values (938, '2019-09-07 12:30:06', '2019-09-10 18:52:51', 40, 980);
insert into Revervation (RevervationId, CheckIn, CheckOut, RoomId, GuestId) values (939, '2019-09-06 03:03:43', '2019-09-11 10:18:41', 823, 87);
insert into Revervation (RevervationId, CheckIn, CheckOut, RoomId, GuestId) values (940, '2019-09-07 15:56:18', '2019-09-10 00:27:27', 116, 951);
insert into Revervation (RevervationId, CheckIn, CheckOut, RoomId, GuestId) values (941, '2019-09-08 02:10:11', '2019-09-12 14:49:56', 598, 474);
insert into Revervation (RevervationId, CheckIn, CheckOut, RoomId, GuestId) values (942, '2019-09-08 22:34:20', '2019-09-14 10:33:13', 765, 741);
insert into Revervation (RevervationId, CheckIn, CheckOut, RoomId, GuestId) values (943, '2019-09-07 16:29:43', '2019-09-12 03:27:26', 706, 795);
insert into Revervation (RevervationId, CheckIn, CheckOut, RoomId, GuestId) values (944, '2019-09-08 15:02:58', '2019-09-10 21:27:59', 201, 662);
insert into Revervation (RevervationId, CheckIn, CheckOut, RoomId, GuestId) values (945, '2019-09-07 13:00:37', '2019-09-14 06:34:34', 894, 993);
insert into Revervation (RevervationId, CheckIn, CheckOut, RoomId, GuestId) values (946, '2019-09-08 05:21:03', '2019-09-14 06:34:47', 136, 87);
insert into Revervation (RevervationId, CheckIn, CheckOut, RoomId, GuestId) values (947, '2019-09-07 08:25:56', '2019-09-14 18:37:28', 395, 780);
insert into Revervation (RevervationId, CheckIn, CheckOut, RoomId, GuestId) values (948, '2019-09-08 00:21:25', '2019-09-10 22:09:36', 599, 491);
insert into Revervation (RevervationId, CheckIn, CheckOut, RoomId, GuestId) values (949, '2019-09-08 07:24:17', '2019-09-12 04:30:25', 820, 844);
insert into Revervation (RevervationId, CheckIn, CheckOut, RoomId, GuestId) values (950, '2019-09-08 05:33:31', '2019-09-13 00:43:45', 395, 562);
insert into Revervation (RevervationId, CheckIn, CheckOut, RoomId, GuestId) values (951, '2019-09-08 15:59:14', '2019-09-14 01:16:20', 672, 476);
insert into Revervation (RevervationId, CheckIn, CheckOut, RoomId, GuestId) values (952, '2019-09-08 05:06:34', '2019-09-11 10:21:01', 222, 130);
insert into Revervation (RevervationId, CheckIn, CheckOut, RoomId, GuestId) values (953, '2019-09-06 10:51:04', '2019-09-13 18:56:50', 873, 563);
insert into Revervation (RevervationId, CheckIn, CheckOut, RoomId, GuestId) values (954, '2019-09-08 18:12:53', '2019-09-11 15:21:21', 635, 656);
insert into Revervation (RevervationId, CheckIn, CheckOut, RoomId, GuestId) values (955, '2019-09-08 04:01:21', '2019-09-10 16:47:00', 801, 719);
insert into Revervation (RevervationId, CheckIn, CheckOut, RoomId, GuestId) values (956, '2019-09-08 19:34:27', '2019-09-13 00:33:22', 918, 949);
insert into Revervation (RevervationId, CheckIn, CheckOut, RoomId, GuestId) values (957, '2019-09-06 09:31:07', '2019-09-13 20:08:20', 804, 803);
insert into Revervation (RevervationId, CheckIn, CheckOut, RoomId, GuestId) values (958, '2019-09-06 12:15:17', '2019-09-13 15:15:06', 66, 615);
insert into Revervation (RevervationId, CheckIn, CheckOut, RoomId, GuestId) values (959, '2019-09-08 06:58:26', '2019-09-11 00:20:45', 135, 500);
insert into Revervation (RevervationId, CheckIn, CheckOut, RoomId, GuestId) values (960, '2019-09-08 19:40:59', '2019-09-13 09:05:14', 380, 213);
insert into Revervation (RevervationId, CheckIn, CheckOut, RoomId, GuestId) values (961, '2019-09-07 07:35:03', '2019-09-14 14:14:43', 891, 629);
insert into Revervation (RevervationId, CheckIn, CheckOut, RoomId, GuestId) values (962, '2019-09-08 02:11:58', '2019-09-13 20:02:51', 942, 185);
insert into Revervation (RevervationId, CheckIn, CheckOut, RoomId, GuestId) values (963, '2019-09-07 23:52:09', '2019-09-10 12:09:59', 938, 654);
insert into Revervation (RevervationId, CheckIn, CheckOut, RoomId, GuestId) values (964, '2019-09-08 11:21:40', '2019-09-10 17:44:32', 441, 454);
insert into Revervation (RevervationId, CheckIn, CheckOut, RoomId, GuestId) values (965, '2019-09-08 10:04:16', '2019-09-10 02:17:58', 910, 269);
insert into Revervation (RevervationId, CheckIn, CheckOut, RoomId, GuestId) values (966, '2019-09-08 01:09:41', '2019-09-13 18:48:20', 614, 302);
insert into Revervation (RevervationId, CheckIn, CheckOut, RoomId, GuestId) values (967, '2019-09-06 19:36:02', '2019-09-11 03:21:43', 415, 858);
insert into Revervation (RevervationId, CheckIn, CheckOut, RoomId, GuestId) values (968, '2019-09-08 08:06:17', '2019-09-10 16:40:18', 481, 685);
insert into Revervation (RevervationId, CheckIn, CheckOut, RoomId, GuestId) values (969, '2019-09-08 23:10:41', '2019-09-11 18:49:12', 251, 972);
insert into Revervation (RevervationId, CheckIn, CheckOut, RoomId, GuestId) values (970, '2019-09-07 04:18:25', '2019-09-12 03:39:32', 149, 685);
insert into Revervation (RevervationId, CheckIn, CheckOut, RoomId, GuestId) values (971, '2019-09-06 00:51:01', '2019-09-11 11:56:43', 402, 309);
insert into Revervation (RevervationId, CheckIn, CheckOut, RoomId, GuestId) values (972, '2019-09-07 10:38:04', '2019-09-12 05:59:20', 321, 313);
insert into Revervation (RevervationId, CheckIn, CheckOut, RoomId, GuestId) values (973, '2019-09-07 04:05:00', '2019-09-11 09:47:10', 175, 887);
insert into Revervation (RevervationId, CheckIn, CheckOut, RoomId, GuestId) values (974, '2019-09-06 04:44:59', '2019-09-12 07:01:23', 525, 21);
insert into Revervation (RevervationId, CheckIn, CheckOut, RoomId, GuestId) values (975, '2019-09-07 07:34:02', '2019-09-11 04:13:28', 581, 502);
insert into Revervation (RevervationId, CheckIn, CheckOut, RoomId, GuestId) values (976, '2019-09-07 21:53:20', '2019-09-12 17:32:44', 843, 699);
insert into Revervation (RevervationId, CheckIn, CheckOut, RoomId, GuestId) values (977, '2019-09-08 20:44:48', '2019-09-13 07:14:20', 704, 655);
insert into Revervation (RevervationId, CheckIn, CheckOut, RoomId, GuestId) values (978, '2019-09-08 05:05:26', '2019-09-12 20:14:51', 202, 692);
insert into Revervation (RevervationId, CheckIn, CheckOut, RoomId, GuestId) values (979, '2019-09-07 20:50:05', '2019-09-14 02:50:02', 724, 326);
insert into Revervation (RevervationId, CheckIn, CheckOut, RoomId, GuestId) values (980, '2019-09-08 23:38:52', '2019-09-11 18:01:20', 129, 896);
insert into Revervation (RevervationId, CheckIn, CheckOut, RoomId, GuestId) values (981, '2019-09-06 23:36:56', '2019-09-13 20:51:05', 293, 670);
insert into Revervation (RevervationId, CheckIn, CheckOut, RoomId, GuestId) values (982, '2019-09-07 04:03:44', '2019-09-13 20:14:30', 189, 585);
insert into Revervation (RevervationId, CheckIn, CheckOut, RoomId, GuestId) values (983, '2019-09-08 08:15:17', '2019-09-11 16:39:26', 277, 652);
insert into Revervation (RevervationId, CheckIn, CheckOut, RoomId, GuestId) values (984, '2019-09-08 05:05:21', '2019-09-14 13:04:19', 183, 914);
insert into Revervation (RevervationId, CheckIn, CheckOut, RoomId, GuestId) values (985, '2019-09-08 08:57:33', '2019-09-11 06:18:06', 832, 389);
insert into Revervation (RevervationId, CheckIn, CheckOut, RoomId, GuestId) values (986, '2019-09-08 02:45:51', '2019-09-13 15:37:00', 673, 963);
insert into Revervation (RevervationId, CheckIn, CheckOut, RoomId, GuestId) values (987, '2019-09-07 11:17:07', '2019-09-14 02:29:39', 502, 376);
insert into Revervation (RevervationId, CheckIn, CheckOut, RoomId, GuestId) values (988, '2019-09-07 23:40:17', '2019-09-11 01:32:53', 445, 947);
insert into Revervation (RevervationId, CheckIn, CheckOut, RoomId, GuestId) values (989, '2019-09-06 02:31:34', '2019-09-14 20:10:04', 184, 919);
insert into Revervation (RevervationId, CheckIn, CheckOut, RoomId, GuestId) values (990, '2019-09-06 17:49:24', '2019-09-12 09:35:05', 439, 11);
insert into Revervation (RevervationId, CheckIn, CheckOut, RoomId, GuestId) values (991, '2019-09-07 01:21:49', '2019-09-14 03:33:41', 290, 352);
insert into Revervation (RevervationId, CheckIn, CheckOut, RoomId, GuestId) values (992, '2019-09-06 10:59:23', '2019-09-11 22:13:28', 346, 371);
insert into Revervation (RevervationId, CheckIn, CheckOut, RoomId, GuestId) values (993, '2019-09-07 22:37:34', '2019-09-14 11:33:17', 680, 179);
insert into Revervation (RevervationId, CheckIn, CheckOut, RoomId, GuestId) values (994, '2019-09-08 13:08:15', '2019-09-11 02:42:11', 552, 80);
insert into Revervation (RevervationId, CheckIn, CheckOut, RoomId, GuestId) values (995, '2019-09-06 05:44:11', '2019-09-14 20:08:13', 702, 835);
insert into Revervation (RevervationId, CheckIn, CheckOut, RoomId, GuestId) values (996, '2019-09-06 17:24:58', '2019-09-12 22:15:43', 316, 669);
insert into Revervation (RevervationId, CheckIn, CheckOut, RoomId, GuestId) values (997, '2019-09-07 12:38:51', '2019-09-13 13:13:44', 60, 494);
insert into Revervation (RevervationId, CheckIn, CheckOut, RoomId, GuestId) values (998, '2019-09-07 13:13:10', '2019-09-13 10:15:14', 470, 789);
insert into Revervation (RevervationId, CheckIn, CheckOut, RoomId, GuestId) values (999, '2019-09-08 00:19:13', '2019-09-13 10:08:14', 844, 787);
insert into Revervation (RevervationId, CheckIn, CheckOut, RoomId, GuestId) values (1000, '2019-09-07 07:05:50', '2019-09-13 19:11:53', 854, 33);

--seed data Payment----------------------------------

insert into Payment (PayId, TotalPay, RevervationId) values (1, 456, 379);
insert into Payment (PayId, TotalPay, RevervationId) values (2, 203, 322);
insert into Payment (PayId, TotalPay, RevervationId) values (3, 330, 306);
insert into Payment (PayId, TotalPay, RevervationId) values (4, 285, 941);
insert into Payment (PayId, TotalPay, RevervationId) values (5, 339, 499);
insert into Payment (PayId, TotalPay, RevervationId) values (6, 319, 569);
insert into Payment (PayId, TotalPay, RevervationId) values (7, 335, 276);
insert into Payment (PayId, TotalPay, RevervationId) values (8, 357, 439);
insert into Payment (PayId, TotalPay, RevervationId) values (9, 327, 687);
insert into Payment (PayId, TotalPay, RevervationId) values (10, 479, 821);
insert into Payment (PayId, TotalPay, RevervationId) values (11, 368, 619);
insert into Payment (PayId, TotalPay, RevervationId) values (12, 155, 441);
insert into Payment (PayId, TotalPay, RevervationId) values (13, 248, 388);
insert into Payment (PayId, TotalPay, RevervationId) values (14, 165, 366);
insert into Payment (PayId, TotalPay, RevervationId) values (15, 477, 235);
insert into Payment (PayId, TotalPay, RevervationId) values (16, 292, 581);
insert into Payment (PayId, TotalPay, RevervationId) values (17, 226, 767);
insert into Payment (PayId, TotalPay, RevervationId) values (18, 230, 173);
insert into Payment (PayId, TotalPay, RevervationId) values (19, 288, 234);
insert into Payment (PayId, TotalPay, RevervationId) values (20, 264, 14);
insert into Payment (PayId, TotalPay, RevervationId) values (21, 311, 386);
insert into Payment (PayId, TotalPay, RevervationId) values (22, 164, 39);
insert into Payment (PayId, TotalPay, RevervationId) values (23, 492, 973);
insert into Payment (PayId, TotalPay, RevervationId) values (24, 209, 195);
insert into Payment (PayId, TotalPay, RevervationId) values (25, 376, 860);
insert into Payment (PayId, TotalPay, RevervationId) values (26, 226, 919);
insert into Payment (PayId, TotalPay, RevervationId) values (27, 428, 75);
insert into Payment (PayId, TotalPay, RevervationId) values (28, 260, 212);
insert into Payment (PayId, TotalPay, RevervationId) values (29, 174, 644);
insert into Payment (PayId, TotalPay, RevervationId) values (30, 346, 388);
insert into Payment (PayId, TotalPay, RevervationId) values (31, 316, 882);
insert into Payment (PayId, TotalPay, RevervationId) values (32, 308, 510);
insert into Payment (PayId, TotalPay, RevervationId) values (33, 458, 21);
insert into Payment (PayId, TotalPay, RevervationId) values (34, 369, 463);
insert into Payment (PayId, TotalPay, RevervationId) values (35, 322, 760);
insert into Payment (PayId, TotalPay, RevervationId) values (36, 310, 952);
insert into Payment (PayId, TotalPay, RevervationId) values (37, 220, 458);
insert into Payment (PayId, TotalPay, RevervationId) values (38, 479, 840);
insert into Payment (PayId, TotalPay, RevervationId) values (39, 462, 241);
insert into Payment (PayId, TotalPay, RevervationId) values (40, 379, 57);
insert into Payment (PayId, TotalPay, RevervationId) values (41, 477, 596);
insert into Payment (PayId, TotalPay, RevervationId) values (42, 441, 407);
insert into Payment (PayId, TotalPay, RevervationId) values (43, 162, 23);
insert into Payment (PayId, TotalPay, RevervationId) values (44, 247, 609);
insert into Payment (PayId, TotalPay, RevervationId) values (45, 414, 681);
insert into Payment (PayId, TotalPay, RevervationId) values (46, 251, 189);
insert into Payment (PayId, TotalPay, RevervationId) values (47, 439, 908);
insert into Payment (PayId, TotalPay, RevervationId) values (48, 365, 544);
insert into Payment (PayId, TotalPay, RevervationId) values (49, 475, 302);
insert into Payment (PayId, TotalPay, RevervationId) values (50, 483, 26);
insert into Payment (PayId, TotalPay, RevervationId) values (51, 374, 824);
insert into Payment (PayId, TotalPay, RevervationId) values (52, 247, 462);
insert into Payment (PayId, TotalPay, RevervationId) values (53, 449, 945);
insert into Payment (PayId, TotalPay, RevervationId) values (54, 483, 892);
insert into Payment (PayId, TotalPay, RevervationId) values (55, 249, 319);
insert into Payment (PayId, TotalPay, RevervationId) values (56, 319, 730);
insert into Payment (PayId, TotalPay, RevervationId) values (57, 312, 305);
insert into Payment (PayId, TotalPay, RevervationId) values (58, 393, 670);
insert into Payment (PayId, TotalPay, RevervationId) values (59, 165, 66);
insert into Payment (PayId, TotalPay, RevervationId) values (60, 345, 322);
insert into Payment (PayId, TotalPay, RevervationId) values (61, 411, 507);
insert into Payment (PayId, TotalPay, RevervationId) values (62, 422, 985);
insert into Payment (PayId, TotalPay, RevervationId) values (63, 367, 994);
insert into Payment (PayId, TotalPay, RevervationId) values (64, 357, 508);
insert into Payment (PayId, TotalPay, RevervationId) values (65, 360, 221);
insert into Payment (PayId, TotalPay, RevervationId) values (66, 364, 267);
insert into Payment (PayId, TotalPay, RevervationId) values (67, 155, 67);
insert into Payment (PayId, TotalPay, RevervationId) values (68, 447, 37);
insert into Payment (PayId, TotalPay, RevervationId) values (69, 270, 21);
insert into Payment (PayId, TotalPay, RevervationId) values (70, 464, 113);
insert into Payment (PayId, TotalPay, RevervationId) values (71, 314, 525);
insert into Payment (PayId, TotalPay, RevervationId) values (72, 370, 580);
insert into Payment (PayId, TotalPay, RevervationId) values (73, 196, 406);
insert into Payment (PayId, TotalPay, RevervationId) values (74, 196, 91);
insert into Payment (PayId, TotalPay, RevervationId) values (75, 365, 735);
insert into Payment (PayId, TotalPay, RevervationId) values (76, 248, 610);
insert into Payment (PayId, TotalPay, RevervationId) values (77, 291, 502);
insert into Payment (PayId, TotalPay, RevervationId) values (78, 362, 144);
insert into Payment (PayId, TotalPay, RevervationId) values (79, 353, 474);
insert into Payment (PayId, TotalPay, RevervationId) values (80, 366, 51);
insert into Payment (PayId, TotalPay, RevervationId) values (81, 317, 571);
insert into Payment (PayId, TotalPay, RevervationId) values (82, 482, 475);
insert into Payment (PayId, TotalPay, RevervationId) values (83, 280, 635);
insert into Payment (PayId, TotalPay, RevervationId) values (84, 241, 880);
insert into Payment (PayId, TotalPay, RevervationId) values (85, 173, 582);
insert into Payment (PayId, TotalPay, RevervationId) values (86, 411, 341);
insert into Payment (PayId, TotalPay, RevervationId) values (87, 303, 704);
insert into Payment (PayId, TotalPay, RevervationId) values (88, 190, 630);
insert into Payment (PayId, TotalPay, RevervationId) values (89, 387, 890);
insert into Payment (PayId, TotalPay, RevervationId) values (90, 170, 274);
insert into Payment (PayId, TotalPay, RevervationId) values (91, 500, 784);
insert into Payment (PayId, TotalPay, RevervationId) values (92, 467, 234);
insert into Payment (PayId, TotalPay, RevervationId) values (93, 376, 72);
insert into Payment (PayId, TotalPay, RevervationId) values (94, 408, 699);
insert into Payment (PayId, TotalPay, RevervationId) values (95, 445, 293);
insert into Payment (PayId, TotalPay, RevervationId) values (96, 207, 19);
insert into Payment (PayId, TotalPay, RevervationId) values (97, 321, 289);
insert into Payment (PayId, TotalPay, RevervationId) values (98, 304, 41);
insert into Payment (PayId, TotalPay, RevervationId) values (99, 164, 292);
insert into Payment (PayId, TotalPay, RevervationId) values (100, 388, 814);
insert into Payment (PayId, TotalPay, RevervationId) values (101, 283, 430);
insert into Payment (PayId, TotalPay, RevervationId) values (102, 353, 543);
insert into Payment (PayId, TotalPay, RevervationId) values (103, 432, 423);
insert into Payment (PayId, TotalPay, RevervationId) values (104, 391, 281);
insert into Payment (PayId, TotalPay, RevervationId) values (105, 390, 424);
insert into Payment (PayId, TotalPay, RevervationId) values (106, 494, 765);
insert into Payment (PayId, TotalPay, RevervationId) values (107, 459, 786);
insert into Payment (PayId, TotalPay, RevervationId) values (108, 321, 494);
insert into Payment (PayId, TotalPay, RevervationId) values (109, 276, 772);
insert into Payment (PayId, TotalPay, RevervationId) values (110, 177, 76);
insert into Payment (PayId, TotalPay, RevervationId) values (111, 240, 358);
insert into Payment (PayId, TotalPay, RevervationId) values (112, 156, 384);
insert into Payment (PayId, TotalPay, RevervationId) values (113, 157, 1000);
insert into Payment (PayId, TotalPay, RevervationId) values (114, 223, 408);
insert into Payment (PayId, TotalPay, RevervationId) values (115, 202, 239);
insert into Payment (PayId, TotalPay, RevervationId) values (116, 371, 540);
insert into Payment (PayId, TotalPay, RevervationId) values (117, 403, 732);
insert into Payment (PayId, TotalPay, RevervationId) values (118, 224, 889);
insert into Payment (PayId, TotalPay, RevervationId) values (119, 349, 51);
insert into Payment (PayId, TotalPay, RevervationId) values (120, 384, 914);
insert into Payment (PayId, TotalPay, RevervationId) values (121, 261, 287);
insert into Payment (PayId, TotalPay, RevervationId) values (122, 297, 264);
insert into Payment (PayId, TotalPay, RevervationId) values (123, 307, 347);
insert into Payment (PayId, TotalPay, RevervationId) values (124, 425, 75);
insert into Payment (PayId, TotalPay, RevervationId) values (125, 188, 543);
insert into Payment (PayId, TotalPay, RevervationId) values (126, 333, 718);
insert into Payment (PayId, TotalPay, RevervationId) values (127, 439, 908);
insert into Payment (PayId, TotalPay, RevervationId) values (128, 367, 547);
insert into Payment (PayId, TotalPay, RevervationId) values (129, 253, 439);
insert into Payment (PayId, TotalPay, RevervationId) values (130, 413, 705);
insert into Payment (PayId, TotalPay, RevervationId) values (131, 434, 229);
insert into Payment (PayId, TotalPay, RevervationId) values (132, 498, 950);
insert into Payment (PayId, TotalPay, RevervationId) values (133, 170, 374);
insert into Payment (PayId, TotalPay, RevervationId) values (134, 436, 73);
insert into Payment (PayId, TotalPay, RevervationId) values (135, 396, 721);
insert into Payment (PayId, TotalPay, RevervationId) values (136, 473, 839);
insert into Payment (PayId, TotalPay, RevervationId) values (137, 483, 295);
insert into Payment (PayId, TotalPay, RevervationId) values (138, 315, 694);
insert into Payment (PayId, TotalPay, RevervationId) values (139, 377, 604);
insert into Payment (PayId, TotalPay, RevervationId) values (140, 478, 734);
insert into Payment (PayId, TotalPay, RevervationId) values (141, 282, 871);
insert into Payment (PayId, TotalPay, RevervationId) values (142, 428, 969);
insert into Payment (PayId, TotalPay, RevervationId) values (143, 410, 317);
insert into Payment (PayId, TotalPay, RevervationId) values (144, 452, 991);
insert into Payment (PayId, TotalPay, RevervationId) values (145, 436, 231);
insert into Payment (PayId, TotalPay, RevervationId) values (146, 295, 442);
insert into Payment (PayId, TotalPay, RevervationId) values (147, 201, 676);
insert into Payment (PayId, TotalPay, RevervationId) values (148, 223, 510);
insert into Payment (PayId, TotalPay, RevervationId) values (149, 378, 872);
insert into Payment (PayId, TotalPay, RevervationId) values (150, 241, 891);
insert into Payment (PayId, TotalPay, RevervationId) values (151, 411, 104);
insert into Payment (PayId, TotalPay, RevervationId) values (152, 489, 536);
insert into Payment (PayId, TotalPay, RevervationId) values (153, 391, 217);
insert into Payment (PayId, TotalPay, RevervationId) values (154, 384, 809);
insert into Payment (PayId, TotalPay, RevervationId) values (155, 371, 807);
insert into Payment (PayId, TotalPay, RevervationId) values (156, 458, 121);
insert into Payment (PayId, TotalPay, RevervationId) values (157, 210, 369);
insert into Payment (PayId, TotalPay, RevervationId) values (158, 357, 430);
insert into Payment (PayId, TotalPay, RevervationId) values (159, 389, 83);
insert into Payment (PayId, TotalPay, RevervationId) values (160, 193, 521);
insert into Payment (PayId, TotalPay, RevervationId) values (161, 424, 143);
insert into Payment (PayId, TotalPay, RevervationId) values (162, 159, 759);
insert into Payment (PayId, TotalPay, RevervationId) values (163, 180, 250);
insert into Payment (PayId, TotalPay, RevervationId) values (164, 246, 28);
insert into Payment (PayId, TotalPay, RevervationId) values (165, 285, 984);
insert into Payment (PayId, TotalPay, RevervationId) values (166, 397, 217);
insert into Payment (PayId, TotalPay, RevervationId) values (167, 316, 790);
insert into Payment (PayId, TotalPay, RevervationId) values (168, 447, 371);
insert into Payment (PayId, TotalPay, RevervationId) values (169, 319, 565);
insert into Payment (PayId, TotalPay, RevervationId) values (170, 484, 811);
insert into Payment (PayId, TotalPay, RevervationId) values (171, 300, 861);
insert into Payment (PayId, TotalPay, RevervationId) values (172, 238, 110);
insert into Payment (PayId, TotalPay, RevervationId) values (173, 230, 723);
insert into Payment (PayId, TotalPay, RevervationId) values (174, 313, 393);
insert into Payment (PayId, TotalPay, RevervationId) values (175, 472, 857);
insert into Payment (PayId, TotalPay, RevervationId) values (176, 354, 298);
insert into Payment (PayId, TotalPay, RevervationId) values (177, 461, 302);
insert into Payment (PayId, TotalPay, RevervationId) values (178, 281, 91);
insert into Payment (PayId, TotalPay, RevervationId) values (179, 296, 830);
insert into Payment (PayId, TotalPay, RevervationId) values (180, 436, 612);
insert into Payment (PayId, TotalPay, RevervationId) values (181, 262, 89);
insert into Payment (PayId, TotalPay, RevervationId) values (182, 322, 843);
insert into Payment (PayId, TotalPay, RevervationId) values (183, 285, 960);
insert into Payment (PayId, TotalPay, RevervationId) values (184, 271, 823);
insert into Payment (PayId, TotalPay, RevervationId) values (185, 383, 950);
insert into Payment (PayId, TotalPay, RevervationId) values (186, 229, 758);
insert into Payment (PayId, TotalPay, RevervationId) values (187, 444, 136);
insert into Payment (PayId, TotalPay, RevervationId) values (188, 325, 141);
insert into Payment (PayId, TotalPay, RevervationId) values (189, 473, 144);
insert into Payment (PayId, TotalPay, RevervationId) values (190, 459, 313);
insert into Payment (PayId, TotalPay, RevervationId) values (191, 439, 136);
insert into Payment (PayId, TotalPay, RevervationId) values (192, 204, 439);
insert into Payment (PayId, TotalPay, RevervationId) values (193, 338, 765);
insert into Payment (PayId, TotalPay, RevervationId) values (194, 297, 616);
insert into Payment (PayId, TotalPay, RevervationId) values (195, 376, 184);
insert into Payment (PayId, TotalPay, RevervationId) values (196, 158, 997);
insert into Payment (PayId, TotalPay, RevervationId) values (197, 196, 558);
insert into Payment (PayId, TotalPay, RevervationId) values (198, 297, 44);
insert into Payment (PayId, TotalPay, RevervationId) values (199, 366, 354);
insert into Payment (PayId, TotalPay, RevervationId) values (200, 310, 371);
insert into Payment (PayId, TotalPay, RevervationId) values (201, 380, 934);
insert into Payment (PayId, TotalPay, RevervationId) values (202, 383, 469);
insert into Payment (PayId, TotalPay, RevervationId) values (203, 384, 725);
insert into Payment (PayId, TotalPay, RevervationId) values (204, 422, 34);
insert into Payment (PayId, TotalPay, RevervationId) values (205, 463, 87);
insert into Payment (PayId, TotalPay, RevervationId) values (206, 281, 441);
insert into Payment (PayId, TotalPay, RevervationId) values (207, 350, 635);
insert into Payment (PayId, TotalPay, RevervationId) values (208, 433, 865);
insert into Payment (PayId, TotalPay, RevervationId) values (209, 284, 558);
insert into Payment (PayId, TotalPay, RevervationId) values (210, 363, 643);
insert into Payment (PayId, TotalPay, RevervationId) values (211, 229, 568);
insert into Payment (PayId, TotalPay, RevervationId) values (212, 194, 275);
insert into Payment (PayId, TotalPay, RevervationId) values (213, 170, 84);
insert into Payment (PayId, TotalPay, RevervationId) values (214, 403, 30);
insert into Payment (PayId, TotalPay, RevervationId) values (215, 467, 860);
insert into Payment (PayId, TotalPay, RevervationId) values (216, 320, 80);
insert into Payment (PayId, TotalPay, RevervationId) values (217, 225, 357);
insert into Payment (PayId, TotalPay, RevervationId) values (218, 313, 184);
insert into Payment (PayId, TotalPay, RevervationId) values (219, 486, 880);
insert into Payment (PayId, TotalPay, RevervationId) values (220, 252, 351);
insert into Payment (PayId, TotalPay, RevervationId) values (221, 255, 238);
insert into Payment (PayId, TotalPay, RevervationId) values (222, 250, 521);
insert into Payment (PayId, TotalPay, RevervationId) values (223, 368, 450);
insert into Payment (PayId, TotalPay, RevervationId) values (224, 417, 638);
insert into Payment (PayId, TotalPay, RevervationId) values (225, 363, 746);
insert into Payment (PayId, TotalPay, RevervationId) values (226, 475, 2);
insert into Payment (PayId, TotalPay, RevervationId) values (227, 201, 869);
insert into Payment (PayId, TotalPay, RevervationId) values (228, 325, 907);
insert into Payment (PayId, TotalPay, RevervationId) values (229, 362, 97);
insert into Payment (PayId, TotalPay, RevervationId) values (230, 284, 994);
insert into Payment (PayId, TotalPay, RevervationId) values (231, 424, 401);
insert into Payment (PayId, TotalPay, RevervationId) values (232, 181, 467);
insert into Payment (PayId, TotalPay, RevervationId) values (233, 270, 565);
insert into Payment (PayId, TotalPay, RevervationId) values (234, 265, 366);
insert into Payment (PayId, TotalPay, RevervationId) values (235, 401, 898);
insert into Payment (PayId, TotalPay, RevervationId) values (236, 170, 359);
insert into Payment (PayId, TotalPay, RevervationId) values (237, 388, 378);
insert into Payment (PayId, TotalPay, RevervationId) values (238, 396, 250);
insert into Payment (PayId, TotalPay, RevervationId) values (239, 349, 303);
insert into Payment (PayId, TotalPay, RevervationId) values (240, 191, 968);
insert into Payment (PayId, TotalPay, RevervationId) values (241, 397, 871);
insert into Payment (PayId, TotalPay, RevervationId) values (242, 200, 640);
insert into Payment (PayId, TotalPay, RevervationId) values (243, 456, 502);
insert into Payment (PayId, TotalPay, RevervationId) values (244, 474, 855);
insert into Payment (PayId, TotalPay, RevervationId) values (245, 411, 56);
insert into Payment (PayId, TotalPay, RevervationId) values (246, 478, 532);
insert into Payment (PayId, TotalPay, RevervationId) values (247, 441, 857);
insert into Payment (PayId, TotalPay, RevervationId) values (248, 438, 471);
insert into Payment (PayId, TotalPay, RevervationId) values (249, 196, 473);
insert into Payment (PayId, TotalPay, RevervationId) values (250, 427, 804);
insert into Payment (PayId, TotalPay, RevervationId) values (251, 430, 834);
insert into Payment (PayId, TotalPay, RevervationId) values (252, 270, 839);
insert into Payment (PayId, TotalPay, RevervationId) values (253, 291, 892);
insert into Payment (PayId, TotalPay, RevervationId) values (254, 384, 357);
insert into Payment (PayId, TotalPay, RevervationId) values (255, 418, 371);
insert into Payment (PayId, TotalPay, RevervationId) values (256, 276, 889);
insert into Payment (PayId, TotalPay, RevervationId) values (257, 318, 898);
insert into Payment (PayId, TotalPay, RevervationId) values (258, 442, 250);
insert into Payment (PayId, TotalPay, RevervationId) values (259, 253, 572);
insert into Payment (PayId, TotalPay, RevervationId) values (260, 270, 155);
insert into Payment (PayId, TotalPay, RevervationId) values (261, 187, 511);
insert into Payment (PayId, TotalPay, RevervationId) values (262, 431, 577);
insert into Payment (PayId, TotalPay, RevervationId) values (263, 334, 929);
insert into Payment (PayId, TotalPay, RevervationId) values (264, 440, 672);
insert into Payment (PayId, TotalPay, RevervationId) values (265, 295, 167);
insert into Payment (PayId, TotalPay, RevervationId) values (266, 423, 207);
insert into Payment (PayId, TotalPay, RevervationId) values (267, 411, 82);
insert into Payment (PayId, TotalPay, RevervationId) values (268, 229, 197);
insert into Payment (PayId, TotalPay, RevervationId) values (269, 190, 80);
insert into Payment (PayId, TotalPay, RevervationId) values (270, 275, 719);
insert into Payment (PayId, TotalPay, RevervationId) values (271, 307, 81);
insert into Payment (PayId, TotalPay, RevervationId) values (272, 386, 257);
insert into Payment (PayId, TotalPay, RevervationId) values (273, 386, 943);
insert into Payment (PayId, TotalPay, RevervationId) values (274, 388, 250);
insert into Payment (PayId, TotalPay, RevervationId) values (275, 454, 856);
insert into Payment (PayId, TotalPay, RevervationId) values (276, 222, 496);
insert into Payment (PayId, TotalPay, RevervationId) values (277, 415, 146);
insert into Payment (PayId, TotalPay, RevervationId) values (278, 341, 946);
insert into Payment (PayId, TotalPay, RevervationId) values (279, 219, 592);
insert into Payment (PayId, TotalPay, RevervationId) values (280, 497, 668);
insert into Payment (PayId, TotalPay, RevervationId) values (281, 482, 979);
insert into Payment (PayId, TotalPay, RevervationId) values (282, 498, 861);
insert into Payment (PayId, TotalPay, RevervationId) values (283, 346, 523);
insert into Payment (PayId, TotalPay, RevervationId) values (284, 278, 785);
insert into Payment (PayId, TotalPay, RevervationId) values (285, 221, 548);
insert into Payment (PayId, TotalPay, RevervationId) values (286, 471, 463);
insert into Payment (PayId, TotalPay, RevervationId) values (287, 214, 849);
insert into Payment (PayId, TotalPay, RevervationId) values (288, 264, 865);
insert into Payment (PayId, TotalPay, RevervationId) values (289, 282, 417);
insert into Payment (PayId, TotalPay, RevervationId) values (290, 410, 743);
insert into Payment (PayId, TotalPay, RevervationId) values (291, 304, 900);
insert into Payment (PayId, TotalPay, RevervationId) values (292, 498, 378);
insert into Payment (PayId, TotalPay, RevervationId) values (293, 308, 57);
insert into Payment (PayId, TotalPay, RevervationId) values (294, 347, 663);
insert into Payment (PayId, TotalPay, RevervationId) values (295, 339, 570);
insert into Payment (PayId, TotalPay, RevervationId) values (296, 402, 924);
insert into Payment (PayId, TotalPay, RevervationId) values (297, 410, 965);
insert into Payment (PayId, TotalPay, RevervationId) values (298, 255, 537);
insert into Payment (PayId, TotalPay, RevervationId) values (299, 352, 807);
insert into Payment (PayId, TotalPay, RevervationId) values (300, 162, 606);
insert into Payment (PayId, TotalPay, RevervationId) values (301, 441, 402);
insert into Payment (PayId, TotalPay, RevervationId) values (302, 199, 837);
insert into Payment (PayId, TotalPay, RevervationId) values (303, 259, 566);
insert into Payment (PayId, TotalPay, RevervationId) values (304, 287, 880);
insert into Payment (PayId, TotalPay, RevervationId) values (305, 235, 881);
insert into Payment (PayId, TotalPay, RevervationId) values (306, 442, 49);
insert into Payment (PayId, TotalPay, RevervationId) values (307, 392, 475);
insert into Payment (PayId, TotalPay, RevervationId) values (308, 356, 328);
insert into Payment (PayId, TotalPay, RevervationId) values (309, 474, 845);
insert into Payment (PayId, TotalPay, RevervationId) values (310, 330, 541);
insert into Payment (PayId, TotalPay, RevervationId) values (311, 418, 857);
insert into Payment (PayId, TotalPay, RevervationId) values (312, 482, 489);
insert into Payment (PayId, TotalPay, RevervationId) values (313, 180, 101);
insert into Payment (PayId, TotalPay, RevervationId) values (314, 235, 786);
insert into Payment (PayId, TotalPay, RevervationId) values (315, 397, 247);
insert into Payment (PayId, TotalPay, RevervationId) values (316, 330, 498);
insert into Payment (PayId, TotalPay, RevervationId) values (317, 253, 515);
insert into Payment (PayId, TotalPay, RevervationId) values (318, 180, 631);
insert into Payment (PayId, TotalPay, RevervationId) values (319, 274, 569);
insert into Payment (PayId, TotalPay, RevervationId) values (320, 294, 418);
insert into Payment (PayId, TotalPay, RevervationId) values (321, 492, 386);
insert into Payment (PayId, TotalPay, RevervationId) values (322, 240, 993);
insert into Payment (PayId, TotalPay, RevervationId) values (323, 430, 782);
insert into Payment (PayId, TotalPay, RevervationId) values (324, 204, 56);
insert into Payment (PayId, TotalPay, RevervationId) values (325, 210, 310);
insert into Payment (PayId, TotalPay, RevervationId) values (326, 368, 829);
insert into Payment (PayId, TotalPay, RevervationId) values (327, 437, 272);
insert into Payment (PayId, TotalPay, RevervationId) values (328, 343, 403);
insert into Payment (PayId, TotalPay, RevervationId) values (329, 403, 119);
insert into Payment (PayId, TotalPay, RevervationId) values (330, 305, 479);
insert into Payment (PayId, TotalPay, RevervationId) values (331, 350, 927);
insert into Payment (PayId, TotalPay, RevervationId) values (332, 486, 294);
insert into Payment (PayId, TotalPay, RevervationId) values (333, 305, 129);
insert into Payment (PayId, TotalPay, RevervationId) values (334, 418, 755);
insert into Payment (PayId, TotalPay, RevervationId) values (335, 179, 167);
insert into Payment (PayId, TotalPay, RevervationId) values (336, 217, 170);
insert into Payment (PayId, TotalPay, RevervationId) values (337, 171, 463);
insert into Payment (PayId, TotalPay, RevervationId) values (338, 244, 495);
insert into Payment (PayId, TotalPay, RevervationId) values (339, 385, 710);
insert into Payment (PayId, TotalPay, RevervationId) values (340, 460, 820);
insert into Payment (PayId, TotalPay, RevervationId) values (341, 262, 441);
insert into Payment (PayId, TotalPay, RevervationId) values (342, 399, 378);
insert into Payment (PayId, TotalPay, RevervationId) values (343, 433, 578);
insert into Payment (PayId, TotalPay, RevervationId) values (344, 177, 219);
insert into Payment (PayId, TotalPay, RevervationId) values (345, 223, 181);
insert into Payment (PayId, TotalPay, RevervationId) values (346, 391, 700);
insert into Payment (PayId, TotalPay, RevervationId) values (347, 438, 201);
insert into Payment (PayId, TotalPay, RevervationId) values (348, 435, 450);
insert into Payment (PayId, TotalPay, RevervationId) values (349, 412, 716);
insert into Payment (PayId, TotalPay, RevervationId) values (350, 428, 46);
insert into Payment (PayId, TotalPay, RevervationId) values (351, 458, 370);
insert into Payment (PayId, TotalPay, RevervationId) values (352, 401, 60);
insert into Payment (PayId, TotalPay, RevervationId) values (353, 396, 105);
insert into Payment (PayId, TotalPay, RevervationId) values (354, 180, 778);
insert into Payment (PayId, TotalPay, RevervationId) values (355, 342, 122);
insert into Payment (PayId, TotalPay, RevervationId) values (356, 228, 240);
insert into Payment (PayId, TotalPay, RevervationId) values (357, 283, 322);
insert into Payment (PayId, TotalPay, RevervationId) values (358, 333, 605);
insert into Payment (PayId, TotalPay, RevervationId) values (359, 230, 756);
insert into Payment (PayId, TotalPay, RevervationId) values (360, 160, 693);
insert into Payment (PayId, TotalPay, RevervationId) values (361, 442, 214);
insert into Payment (PayId, TotalPay, RevervationId) values (362, 438, 250);
insert into Payment (PayId, TotalPay, RevervationId) values (363, 178, 754);
insert into Payment (PayId, TotalPay, RevervationId) values (364, 374, 52);
insert into Payment (PayId, TotalPay, RevervationId) values (365, 189, 696);
insert into Payment (PayId, TotalPay, RevervationId) values (366, 183, 706);
insert into Payment (PayId, TotalPay, RevervationId) values (367, 201, 344);
insert into Payment (PayId, TotalPay, RevervationId) values (368, 150, 230);
insert into Payment (PayId, TotalPay, RevervationId) values (369, 155, 523);
insert into Payment (PayId, TotalPay, RevervationId) values (370, 416, 388);
insert into Payment (PayId, TotalPay, RevervationId) values (371, 336, 482);
insert into Payment (PayId, TotalPay, RevervationId) values (372, 396, 378);
insert into Payment (PayId, TotalPay, RevervationId) values (373, 321, 76);
insert into Payment (PayId, TotalPay, RevervationId) values (374, 371, 695);
insert into Payment (PayId, TotalPay, RevervationId) values (375, 407, 177);
insert into Payment (PayId, TotalPay, RevervationId) values (376, 164, 282);
insert into Payment (PayId, TotalPay, RevervationId) values (377, 228, 628);
insert into Payment (PayId, TotalPay, RevervationId) values (378, 244, 896);
insert into Payment (PayId, TotalPay, RevervationId) values (379, 244, 885);
insert into Payment (PayId, TotalPay, RevervationId) values (380, 448, 184);
insert into Payment (PayId, TotalPay, RevervationId) values (381, 466, 138);
insert into Payment (PayId, TotalPay, RevervationId) values (382, 491, 251);
insert into Payment (PayId, TotalPay, RevervationId) values (383, 382, 361);
insert into Payment (PayId, TotalPay, RevervationId) values (384, 280, 509);
insert into Payment (PayId, TotalPay, RevervationId) values (385, 412, 117);
insert into Payment (PayId, TotalPay, RevervationId) values (386, 161, 999);
insert into Payment (PayId, TotalPay, RevervationId) values (387, 207, 399);
insert into Payment (PayId, TotalPay, RevervationId) values (388, 287, 366);
insert into Payment (PayId, TotalPay, RevervationId) values (389, 180, 24);
insert into Payment (PayId, TotalPay, RevervationId) values (390, 391, 614);
insert into Payment (PayId, TotalPay, RevervationId) values (391, 372, 324);
insert into Payment (PayId, TotalPay, RevervationId) values (392, 212, 643);
insert into Payment (PayId, TotalPay, RevervationId) values (393, 490, 671);
insert into Payment (PayId, TotalPay, RevervationId) values (394, 252, 169);
insert into Payment (PayId, TotalPay, RevervationId) values (395, 206, 614);
insert into Payment (PayId, TotalPay, RevervationId) values (396, 189, 118);
insert into Payment (PayId, TotalPay, RevervationId) values (397, 237, 192);
insert into Payment (PayId, TotalPay, RevervationId) values (398, 469, 624);
insert into Payment (PayId, TotalPay, RevervationId) values (399, 269, 737);
insert into Payment (PayId, TotalPay, RevervationId) values (400, 272, 750);
insert into Payment (PayId, TotalPay, RevervationId) values (401, 296, 220);
insert into Payment (PayId, TotalPay, RevervationId) values (402, 444, 185);
insert into Payment (PayId, TotalPay, RevervationId) values (403, 189, 906);
insert into Payment (PayId, TotalPay, RevervationId) values (404, 271, 314);
insert into Payment (PayId, TotalPay, RevervationId) values (405, 253, 450);
insert into Payment (PayId, TotalPay, RevervationId) values (406, 405, 530);
insert into Payment (PayId, TotalPay, RevervationId) values (407, 403, 696);
insert into Payment (PayId, TotalPay, RevervationId) values (408, 437, 643);
insert into Payment (PayId, TotalPay, RevervationId) values (409, 272, 552);
insert into Payment (PayId, TotalPay, RevervationId) values (410, 297, 435);
insert into Payment (PayId, TotalPay, RevervationId) values (411, 294, 188);
insert into Payment (PayId, TotalPay, RevervationId) values (412, 337, 371);
insert into Payment (PayId, TotalPay, RevervationId) values (413, 475, 935);
insert into Payment (PayId, TotalPay, RevervationId) values (414, 285, 728);
insert into Payment (PayId, TotalPay, RevervationId) values (415, 408, 961);
insert into Payment (PayId, TotalPay, RevervationId) values (416, 218, 743);
insert into Payment (PayId, TotalPay, RevervationId) values (417, 295, 278);
insert into Payment (PayId, TotalPay, RevervationId) values (418, 475, 329);
insert into Payment (PayId, TotalPay, RevervationId) values (419, 318, 596);
insert into Payment (PayId, TotalPay, RevervationId) values (420, 284, 35);
insert into Payment (PayId, TotalPay, RevervationId) values (421, 407, 103);
insert into Payment (PayId, TotalPay, RevervationId) values (422, 335, 512);
insert into Payment (PayId, TotalPay, RevervationId) values (423, 249, 639);
insert into Payment (PayId, TotalPay, RevervationId) values (424, 353, 377);
insert into Payment (PayId, TotalPay, RevervationId) values (425, 191, 269);
insert into Payment (PayId, TotalPay, RevervationId) values (426, 458, 812);
insert into Payment (PayId, TotalPay, RevervationId) values (427, 481, 582);
insert into Payment (PayId, TotalPay, RevervationId) values (428, 463, 533);
insert into Payment (PayId, TotalPay, RevervationId) values (429, 369, 246);
insert into Payment (PayId, TotalPay, RevervationId) values (430, 481, 652);
insert into Payment (PayId, TotalPay, RevervationId) values (431, 354, 918);
insert into Payment (PayId, TotalPay, RevervationId) values (432, 179, 439);
insert into Payment (PayId, TotalPay, RevervationId) values (433, 386, 619);
insert into Payment (PayId, TotalPay, RevervationId) values (434, 320, 53);
insert into Payment (PayId, TotalPay, RevervationId) values (435, 254, 600);
insert into Payment (PayId, TotalPay, RevervationId) values (436, 423, 464);
insert into Payment (PayId, TotalPay, RevervationId) values (437, 205, 528);
insert into Payment (PayId, TotalPay, RevervationId) values (438, 332, 64);
insert into Payment (PayId, TotalPay, RevervationId) values (439, 274, 822);
insert into Payment (PayId, TotalPay, RevervationId) values (440, 360, 817);
insert into Payment (PayId, TotalPay, RevervationId) values (441, 333, 980);
insert into Payment (PayId, TotalPay, RevervationId) values (442, 375, 317);
insert into Payment (PayId, TotalPay, RevervationId) values (443, 350, 962);
insert into Payment (PayId, TotalPay, RevervationId) values (444, 269, 27);
insert into Payment (PayId, TotalPay, RevervationId) values (445, 367, 423);
insert into Payment (PayId, TotalPay, RevervationId) values (446, 402, 251);
insert into Payment (PayId, TotalPay, RevervationId) values (447, 305, 625);
insert into Payment (PayId, TotalPay, RevervationId) values (448, 341, 456);
insert into Payment (PayId, TotalPay, RevervationId) values (449, 444, 7);
insert into Payment (PayId, TotalPay, RevervationId) values (450, 433, 54);
insert into Payment (PayId, TotalPay, RevervationId) values (451, 238, 895);
insert into Payment (PayId, TotalPay, RevervationId) values (452, 418, 661);
insert into Payment (PayId, TotalPay, RevervationId) values (453, 477, 68);
insert into Payment (PayId, TotalPay, RevervationId) values (454, 199, 380);
insert into Payment (PayId, TotalPay, RevervationId) values (455, 177, 885);
insert into Payment (PayId, TotalPay, RevervationId) values (456, 487, 936);
insert into Payment (PayId, TotalPay, RevervationId) values (457, 261, 891);
insert into Payment (PayId, TotalPay, RevervationId) values (458, 360, 308);
insert into Payment (PayId, TotalPay, RevervationId) values (459, 463, 131);
insert into Payment (PayId, TotalPay, RevervationId) values (460, 495, 825);
insert into Payment (PayId, TotalPay, RevervationId) values (461, 347, 324);
insert into Payment (PayId, TotalPay, RevervationId) values (462, 190, 981);
insert into Payment (PayId, TotalPay, RevervationId) values (463, 214, 993);
insert into Payment (PayId, TotalPay, RevervationId) values (464, 255, 983);
insert into Payment (PayId, TotalPay, RevervationId) values (465, 391, 373);
insert into Payment (PayId, TotalPay, RevervationId) values (466, 185, 389);
insert into Payment (PayId, TotalPay, RevervationId) values (467, 344, 533);
insert into Payment (PayId, TotalPay, RevervationId) values (468, 405, 742);
insert into Payment (PayId, TotalPay, RevervationId) values (469, 471, 436);
insert into Payment (PayId, TotalPay, RevervationId) values (470, 237, 59);
insert into Payment (PayId, TotalPay, RevervationId) values (471, 175, 443);
insert into Payment (PayId, TotalPay, RevervationId) values (472, 353, 962);
insert into Payment (PayId, TotalPay, RevervationId) values (473, 207, 588);
insert into Payment (PayId, TotalPay, RevervationId) values (474, 337, 929);
insert into Payment (PayId, TotalPay, RevervationId) values (475, 352, 620);
insert into Payment (PayId, TotalPay, RevervationId) values (476, 223, 684);
insert into Payment (PayId, TotalPay, RevervationId) values (477, 351, 9);
insert into Payment (PayId, TotalPay, RevervationId) values (478, 441, 384);
insert into Payment (PayId, TotalPay, RevervationId) values (479, 334, 562);
insert into Payment (PayId, TotalPay, RevervationId) values (480, 343, 615);
insert into Payment (PayId, TotalPay, RevervationId) values (481, 329, 267);
insert into Payment (PayId, TotalPay, RevervationId) values (482, 367, 699);
insert into Payment (PayId, TotalPay, RevervationId) values (483, 420, 472);
insert into Payment (PayId, TotalPay, RevervationId) values (484, 214, 291);
insert into Payment (PayId, TotalPay, RevervationId) values (485, 321, 224);
insert into Payment (PayId, TotalPay, RevervationId) values (486, 449, 18);
insert into Payment (PayId, TotalPay, RevervationId) values (487, 412, 65);
insert into Payment (PayId, TotalPay, RevervationId) values (488, 418, 838);
insert into Payment (PayId, TotalPay, RevervationId) values (489, 159, 714);
insert into Payment (PayId, TotalPay, RevervationId) values (490, 400, 761);
insert into Payment (PayId, TotalPay, RevervationId) values (491, 341, 212);
insert into Payment (PayId, TotalPay, RevervationId) values (492, 189, 764);
insert into Payment (PayId, TotalPay, RevervationId) values (493, 302, 350);
insert into Payment (PayId, TotalPay, RevervationId) values (494, 278, 639);
insert into Payment (PayId, TotalPay, RevervationId) values (495, 495, 105);
insert into Payment (PayId, TotalPay, RevervationId) values (496, 427, 565);
insert into Payment (PayId, TotalPay, RevervationId) values (497, 487, 599);
insert into Payment (PayId, TotalPay, RevervationId) values (498, 215, 557);
insert into Payment (PayId, TotalPay, RevervationId) values (499, 197, 355);
insert into Payment (PayId, TotalPay, RevervationId) values (500, 319, 991);
insert into Payment (PayId, TotalPay, RevervationId) values (501, 433, 754);
insert into Payment (PayId, TotalPay, RevervationId) values (502, 184, 217);
insert into Payment (PayId, TotalPay, RevervationId) values (503, 431, 450);
insert into Payment (PayId, TotalPay, RevervationId) values (504, 216, 999);
insert into Payment (PayId, TotalPay, RevervationId) values (505, 339, 367);
insert into Payment (PayId, TotalPay, RevervationId) values (506, 457, 639);
insert into Payment (PayId, TotalPay, RevervationId) values (507, 275, 244);
insert into Payment (PayId, TotalPay, RevervationId) values (508, 344, 80);
insert into Payment (PayId, TotalPay, RevervationId) values (509, 456, 412);
insert into Payment (PayId, TotalPay, RevervationId) values (510, 357, 3);
insert into Payment (PayId, TotalPay, RevervationId) values (511, 457, 680);
insert into Payment (PayId, TotalPay, RevervationId) values (512, 282, 13);
insert into Payment (PayId, TotalPay, RevervationId) values (513, 155, 518);
insert into Payment (PayId, TotalPay, RevervationId) values (514, 324, 107);
insert into Payment (PayId, TotalPay, RevervationId) values (515, 340, 886);
insert into Payment (PayId, TotalPay, RevervationId) values (516, 414, 123);
insert into Payment (PayId, TotalPay, RevervationId) values (517, 207, 758);
insert into Payment (PayId, TotalPay, RevervationId) values (518, 483, 920);
insert into Payment (PayId, TotalPay, RevervationId) values (519, 362, 562);
insert into Payment (PayId, TotalPay, RevervationId) values (520, 240, 574);
insert into Payment (PayId, TotalPay, RevervationId) values (521, 397, 299);
insert into Payment (PayId, TotalPay, RevervationId) values (522, 162, 194);
insert into Payment (PayId, TotalPay, RevervationId) values (523, 457, 82);
insert into Payment (PayId, TotalPay, RevervationId) values (524, 437, 970);
insert into Payment (PayId, TotalPay, RevervationId) values (525, 478, 649);
insert into Payment (PayId, TotalPay, RevervationId) values (526, 370, 302);
insert into Payment (PayId, TotalPay, RevervationId) values (527, 159, 231);
insert into Payment (PayId, TotalPay, RevervationId) values (528, 434, 214);
insert into Payment (PayId, TotalPay, RevervationId) values (529, 391, 194);
insert into Payment (PayId, TotalPay, RevervationId) values (530, 424, 60);
insert into Payment (PayId, TotalPay, RevervationId) values (531, 223, 468);
insert into Payment (PayId, TotalPay, RevervationId) values (532, 393, 76);
insert into Payment (PayId, TotalPay, RevervationId) values (533, 310, 618);
insert into Payment (PayId, TotalPay, RevervationId) values (534, 320, 875);
insert into Payment (PayId, TotalPay, RevervationId) values (535, 168, 226);
insert into Payment (PayId, TotalPay, RevervationId) values (536, 177, 167);
insert into Payment (PayId, TotalPay, RevervationId) values (537, 433, 57);
insert into Payment (PayId, TotalPay, RevervationId) values (538, 258, 451);
insert into Payment (PayId, TotalPay, RevervationId) values (539, 429, 214);
insert into Payment (PayId, TotalPay, RevervationId) values (540, 423, 164);
insert into Payment (PayId, TotalPay, RevervationId) values (541, 192, 5);
insert into Payment (PayId, TotalPay, RevervationId) values (542, 385, 67);
insert into Payment (PayId, TotalPay, RevervationId) values (543, 375, 712);
insert into Payment (PayId, TotalPay, RevervationId) values (544, 405, 164);
insert into Payment (PayId, TotalPay, RevervationId) values (545, 261, 802);
insert into Payment (PayId, TotalPay, RevervationId) values (546, 493, 456);
insert into Payment (PayId, TotalPay, RevervationId) values (547, 255, 399);
insert into Payment (PayId, TotalPay, RevervationId) values (548, 399, 677);
insert into Payment (PayId, TotalPay, RevervationId) values (549, 382, 24);
insert into Payment (PayId, TotalPay, RevervationId) values (550, 440, 842);
insert into Payment (PayId, TotalPay, RevervationId) values (551, 483, 723);
insert into Payment (PayId, TotalPay, RevervationId) values (552, 452, 665);
insert into Payment (PayId, TotalPay, RevervationId) values (553, 473, 123);
insert into Payment (PayId, TotalPay, RevervationId) values (554, 162, 468);
insert into Payment (PayId, TotalPay, RevervationId) values (555, 254, 231);
insert into Payment (PayId, TotalPay, RevervationId) values (556, 218, 739);
insert into Payment (PayId, TotalPay, RevervationId) values (557, 471, 440);
insert into Payment (PayId, TotalPay, RevervationId) values (558, 257, 550);
insert into Payment (PayId, TotalPay, RevervationId) values (559, 369, 997);
insert into Payment (PayId, TotalPay, RevervationId) values (560, 424, 145);
insert into Payment (PayId, TotalPay, RevervationId) values (561, 466, 43);
insert into Payment (PayId, TotalPay, RevervationId) values (562, 491, 516);
insert into Payment (PayId, TotalPay, RevervationId) values (563, 314, 512);
insert into Payment (PayId, TotalPay, RevervationId) values (564, 457, 567);
insert into Payment (PayId, TotalPay, RevervationId) values (565, 450, 557);
insert into Payment (PayId, TotalPay, RevervationId) values (566, 191, 833);
insert into Payment (PayId, TotalPay, RevervationId) values (567, 419, 931);
insert into Payment (PayId, TotalPay, RevervationId) values (568, 397, 236);
insert into Payment (PayId, TotalPay, RevervationId) values (569, 312, 340);
insert into Payment (PayId, TotalPay, RevervationId) values (570, 303, 727);
insert into Payment (PayId, TotalPay, RevervationId) values (571, 418, 802);
insert into Payment (PayId, TotalPay, RevervationId) values (572, 363, 105);
insert into Payment (PayId, TotalPay, RevervationId) values (573, 500, 341);
insert into Payment (PayId, TotalPay, RevervationId) values (574, 363, 201);
insert into Payment (PayId, TotalPay, RevervationId) values (575, 481, 861);
insert into Payment (PayId, TotalPay, RevervationId) values (576, 221, 270);
insert into Payment (PayId, TotalPay, RevervationId) values (577, 274, 296);
insert into Payment (PayId, TotalPay, RevervationId) values (578, 345, 149);
insert into Payment (PayId, TotalPay, RevervationId) values (579, 237, 706);
insert into Payment (PayId, TotalPay, RevervationId) values (580, 311, 197);
insert into Payment (PayId, TotalPay, RevervationId) values (581, 457, 64);
insert into Payment (PayId, TotalPay, RevervationId) values (582, 393, 752);
insert into Payment (PayId, TotalPay, RevervationId) values (583, 351, 740);
insert into Payment (PayId, TotalPay, RevervationId) values (584, 496, 386);
insert into Payment (PayId, TotalPay, RevervationId) values (585, 430, 970);
insert into Payment (PayId, TotalPay, RevervationId) values (586, 200, 798);
insert into Payment (PayId, TotalPay, RevervationId) values (587, 295, 553);
insert into Payment (PayId, TotalPay, RevervationId) values (588, 344, 787);
insert into Payment (PayId, TotalPay, RevervationId) values (589, 402, 579);
insert into Payment (PayId, TotalPay, RevervationId) values (590, 336, 170);
insert into Payment (PayId, TotalPay, RevervationId) values (591, 421, 730);
insert into Payment (PayId, TotalPay, RevervationId) values (592, 312, 331);
insert into Payment (PayId, TotalPay, RevervationId) values (593, 266, 787);
insert into Payment (PayId, TotalPay, RevervationId) values (594, 485, 906);
insert into Payment (PayId, TotalPay, RevervationId) values (595, 444, 484);
insert into Payment (PayId, TotalPay, RevervationId) values (596, 184, 471);
insert into Payment (PayId, TotalPay, RevervationId) values (597, 381, 924);
insert into Payment (PayId, TotalPay, RevervationId) values (598, 262, 985);
insert into Payment (PayId, TotalPay, RevervationId) values (599, 202, 444);
insert into Payment (PayId, TotalPay, RevervationId) values (600, 440, 870);
insert into Payment (PayId, TotalPay, RevervationId) values (601, 183, 831);
insert into Payment (PayId, TotalPay, RevervationId) values (602, 239, 734);
insert into Payment (PayId, TotalPay, RevervationId) values (603, 156, 162);
insert into Payment (PayId, TotalPay, RevervationId) values (604, 354, 156);
insert into Payment (PayId, TotalPay, RevervationId) values (605, 343, 784);
insert into Payment (PayId, TotalPay, RevervationId) values (606, 292, 302);
insert into Payment (PayId, TotalPay, RevervationId) values (607, 254, 870);
insert into Payment (PayId, TotalPay, RevervationId) values (608, 405, 770);
insert into Payment (PayId, TotalPay, RevervationId) values (609, 203, 464);
insert into Payment (PayId, TotalPay, RevervationId) values (610, 164, 136);
insert into Payment (PayId, TotalPay, RevervationId) values (611, 310, 222);
insert into Payment (PayId, TotalPay, RevervationId) values (612, 384, 525);
insert into Payment (PayId, TotalPay, RevervationId) values (613, 215, 123);
insert into Payment (PayId, TotalPay, RevervationId) values (614, 271, 855);
insert into Payment (PayId, TotalPay, RevervationId) values (615, 364, 862);
insert into Payment (PayId, TotalPay, RevervationId) values (616, 386, 254);
insert into Payment (PayId, TotalPay, RevervationId) values (617, 451, 472);
insert into Payment (PayId, TotalPay, RevervationId) values (618, 212, 252);
insert into Payment (PayId, TotalPay, RevervationId) values (619, 436, 30);
insert into Payment (PayId, TotalPay, RevervationId) values (620, 324, 70);
insert into Payment (PayId, TotalPay, RevervationId) values (621, 300, 429);
insert into Payment (PayId, TotalPay, RevervationId) values (622, 480, 860);
insert into Payment (PayId, TotalPay, RevervationId) values (623, 229, 995);
insert into Payment (PayId, TotalPay, RevervationId) values (624, 431, 542);
insert into Payment (PayId, TotalPay, RevervationId) values (625, 444, 368);
insert into Payment (PayId, TotalPay, RevervationId) values (626, 182, 77);
insert into Payment (PayId, TotalPay, RevervationId) values (627, 275, 769);
insert into Payment (PayId, TotalPay, RevervationId) values (628, 423, 811);
insert into Payment (PayId, TotalPay, RevervationId) values (629, 404, 538);
insert into Payment (PayId, TotalPay, RevervationId) values (630, 155, 593);
insert into Payment (PayId, TotalPay, RevervationId) values (631, 439, 872);
insert into Payment (PayId, TotalPay, RevervationId) values (632, 292, 620);
insert into Payment (PayId, TotalPay, RevervationId) values (633, 216, 695);
insert into Payment (PayId, TotalPay, RevervationId) values (634, 450, 228);
insert into Payment (PayId, TotalPay, RevervationId) values (635, 372, 506);
insert into Payment (PayId, TotalPay, RevervationId) values (636, 170, 407);
insert into Payment (PayId, TotalPay, RevervationId) values (637, 263, 321);
insert into Payment (PayId, TotalPay, RevervationId) values (638, 436, 31);
insert into Payment (PayId, TotalPay, RevervationId) values (639, 346, 881);
insert into Payment (PayId, TotalPay, RevervationId) values (640, 270, 780);
insert into Payment (PayId, TotalPay, RevervationId) values (641, 351, 401);
insert into Payment (PayId, TotalPay, RevervationId) values (642, 427, 307);
insert into Payment (PayId, TotalPay, RevervationId) values (643, 432, 833);
insert into Payment (PayId, TotalPay, RevervationId) values (644, 428, 866);
insert into Payment (PayId, TotalPay, RevervationId) values (645, 234, 358);
insert into Payment (PayId, TotalPay, RevervationId) values (646, 336, 744);
insert into Payment (PayId, TotalPay, RevervationId) values (647, 254, 999);
insert into Payment (PayId, TotalPay, RevervationId) values (648, 228, 948);
insert into Payment (PayId, TotalPay, RevervationId) values (649, 426, 15);
insert into Payment (PayId, TotalPay, RevervationId) values (650, 347, 773);
insert into Payment (PayId, TotalPay, RevervationId) values (651, 373, 334);
insert into Payment (PayId, TotalPay, RevervationId) values (652, 362, 197);
insert into Payment (PayId, TotalPay, RevervationId) values (653, 432, 683);
insert into Payment (PayId, TotalPay, RevervationId) values (654, 239, 394);
insert into Payment (PayId, TotalPay, RevervationId) values (655, 185, 256);
insert into Payment (PayId, TotalPay, RevervationId) values (656, 438, 132);
insert into Payment (PayId, TotalPay, RevervationId) values (657, 280, 996);
insert into Payment (PayId, TotalPay, RevervationId) values (658, 426, 941);
insert into Payment (PayId, TotalPay, RevervationId) values (659, 430, 986);
insert into Payment (PayId, TotalPay, RevervationId) values (660, 418, 533);
insert into Payment (PayId, TotalPay, RevervationId) values (661, 447, 457);
insert into Payment (PayId, TotalPay, RevervationId) values (662, 223, 168);
insert into Payment (PayId, TotalPay, RevervationId) values (663, 206, 670);
insert into Payment (PayId, TotalPay, RevervationId) values (664, 194, 583);
insert into Payment (PayId, TotalPay, RevervationId) values (665, 456, 351);
insert into Payment (PayId, TotalPay, RevervationId) values (666, 284, 261);
insert into Payment (PayId, TotalPay, RevervationId) values (667, 499, 427);
insert into Payment (PayId, TotalPay, RevervationId) values (668, 221, 856);
insert into Payment (PayId, TotalPay, RevervationId) values (669, 486, 296);
insert into Payment (PayId, TotalPay, RevervationId) values (670, 304, 649);
insert into Payment (PayId, TotalPay, RevervationId) values (671, 328, 565);
insert into Payment (PayId, TotalPay, RevervationId) values (672, 267, 246);
insert into Payment (PayId, TotalPay, RevervationId) values (673, 365, 19);
insert into Payment (PayId, TotalPay, RevervationId) values (674, 153, 917);
insert into Payment (PayId, TotalPay, RevervationId) values (675, 303, 140);
insert into Payment (PayId, TotalPay, RevervationId) values (676, 156, 447);
insert into Payment (PayId, TotalPay, RevervationId) values (677, 198, 954);
insert into Payment (PayId, TotalPay, RevervationId) values (678, 225, 390);
insert into Payment (PayId, TotalPay, RevervationId) values (679, 299, 65);
insert into Payment (PayId, TotalPay, RevervationId) values (680, 169, 331);
insert into Payment (PayId, TotalPay, RevervationId) values (681, 385, 158);
insert into Payment (PayId, TotalPay, RevervationId) values (682, 230, 310);
insert into Payment (PayId, TotalPay, RevervationId) values (683, 218, 500);
insert into Payment (PayId, TotalPay, RevervationId) values (684, 440, 969);
insert into Payment (PayId, TotalPay, RevervationId) values (685, 246, 143);
insert into Payment (PayId, TotalPay, RevervationId) values (686, 462, 141);
insert into Payment (PayId, TotalPay, RevervationId) values (687, 182, 646);
insert into Payment (PayId, TotalPay, RevervationId) values (688, 491, 738);
insert into Payment (PayId, TotalPay, RevervationId) values (689, 223, 87);
insert into Payment (PayId, TotalPay, RevervationId) values (690, 431, 382);
insert into Payment (PayId, TotalPay, RevervationId) values (691, 198, 599);
insert into Payment (PayId, TotalPay, RevervationId) values (692, 333, 580);
insert into Payment (PayId, TotalPay, RevervationId) values (693, 229, 721);
insert into Payment (PayId, TotalPay, RevervationId) values (694, 353, 164);
insert into Payment (PayId, TotalPay, RevervationId) values (695, 276, 182);
insert into Payment (PayId, TotalPay, RevervationId) values (696, 456, 623);
insert into Payment (PayId, TotalPay, RevervationId) values (697, 313, 352);
insert into Payment (PayId, TotalPay, RevervationId) values (698, 249, 214);
insert into Payment (PayId, TotalPay, RevervationId) values (699, 293, 709);
insert into Payment (PayId, TotalPay, RevervationId) values (700, 399, 872);
insert into Payment (PayId, TotalPay, RevervationId) values (701, 388, 899);
insert into Payment (PayId, TotalPay, RevervationId) values (702, 400, 468);
insert into Payment (PayId, TotalPay, RevervationId) values (703, 396, 713);
insert into Payment (PayId, TotalPay, RevervationId) values (704, 335, 661);
insert into Payment (PayId, TotalPay, RevervationId) values (705, 297, 508);
insert into Payment (PayId, TotalPay, RevervationId) values (706, 460, 340);
insert into Payment (PayId, TotalPay, RevervationId) values (707, 368, 288);
insert into Payment (PayId, TotalPay, RevervationId) values (708, 190, 151);
insert into Payment (PayId, TotalPay, RevervationId) values (709, 201, 93);
insert into Payment (PayId, TotalPay, RevervationId) values (710, 410, 663);
insert into Payment (PayId, TotalPay, RevervationId) values (711, 442, 794);
insert into Payment (PayId, TotalPay, RevervationId) values (712, 396, 337);
insert into Payment (PayId, TotalPay, RevervationId) values (713, 179, 688);
insert into Payment (PayId, TotalPay, RevervationId) values (714, 459, 653);
insert into Payment (PayId, TotalPay, RevervationId) values (715, 438, 18);
insert into Payment (PayId, TotalPay, RevervationId) values (716, 228, 282);
insert into Payment (PayId, TotalPay, RevervationId) values (717, 494, 578);
insert into Payment (PayId, TotalPay, RevervationId) values (718, 484, 295);
insert into Payment (PayId, TotalPay, RevervationId) values (719, 413, 6);
insert into Payment (PayId, TotalPay, RevervationId) values (720, 265, 155);
insert into Payment (PayId, TotalPay, RevervationId) values (721, 487, 625);
insert into Payment (PayId, TotalPay, RevervationId) values (722, 452, 345);
insert into Payment (PayId, TotalPay, RevervationId) values (723, 420, 914);
insert into Payment (PayId, TotalPay, RevervationId) values (724, 202, 239);
insert into Payment (PayId, TotalPay, RevervationId) values (725, 295, 271);
insert into Payment (PayId, TotalPay, RevervationId) values (726, 268, 216);
insert into Payment (PayId, TotalPay, RevervationId) values (727, 174, 289);
insert into Payment (PayId, TotalPay, RevervationId) values (728, 198, 838);
insert into Payment (PayId, TotalPay, RevervationId) values (729, 477, 424);
insert into Payment (PayId, TotalPay, RevervationId) values (730, 301, 134);
insert into Payment (PayId, TotalPay, RevervationId) values (731, 327, 211);
insert into Payment (PayId, TotalPay, RevervationId) values (732, 373, 830);
insert into Payment (PayId, TotalPay, RevervationId) values (733, 277, 606);
insert into Payment (PayId, TotalPay, RevervationId) values (734, 218, 664);
insert into Payment (PayId, TotalPay, RevervationId) values (735, 420, 232);
insert into Payment (PayId, TotalPay, RevervationId) values (736, 348, 550);
insert into Payment (PayId, TotalPay, RevervationId) values (737, 192, 928);
insert into Payment (PayId, TotalPay, RevervationId) values (738, 489, 995);
insert into Payment (PayId, TotalPay, RevervationId) values (739, 455, 696);
insert into Payment (PayId, TotalPay, RevervationId) values (740, 279, 279);
insert into Payment (PayId, TotalPay, RevervationId) values (741, 339, 996);
insert into Payment (PayId, TotalPay, RevervationId) values (742, 255, 475);
insert into Payment (PayId, TotalPay, RevervationId) values (743, 222, 795);
insert into Payment (PayId, TotalPay, RevervationId) values (744, 467, 678);
insert into Payment (PayId, TotalPay, RevervationId) values (745, 474, 956);
insert into Payment (PayId, TotalPay, RevervationId) values (746, 470, 996);
insert into Payment (PayId, TotalPay, RevervationId) values (747, 335, 78);
insert into Payment (PayId, TotalPay, RevervationId) values (748, 285, 420);
insert into Payment (PayId, TotalPay, RevervationId) values (749, 365, 271);
insert into Payment (PayId, TotalPay, RevervationId) values (750, 481, 855);
insert into Payment (PayId, TotalPay, RevervationId) values (751, 257, 179);
insert into Payment (PayId, TotalPay, RevervationId) values (752, 325, 279);
insert into Payment (PayId, TotalPay, RevervationId) values (753, 173, 438);
insert into Payment (PayId, TotalPay, RevervationId) values (754, 179, 584);
insert into Payment (PayId, TotalPay, RevervationId) values (755, 262, 238);
insert into Payment (PayId, TotalPay, RevervationId) values (756, 183, 494);
insert into Payment (PayId, TotalPay, RevervationId) values (757, 315, 285);
insert into Payment (PayId, TotalPay, RevervationId) values (758, 399, 341);
insert into Payment (PayId, TotalPay, RevervationId) values (759, 385, 929);
insert into Payment (PayId, TotalPay, RevervationId) values (760, 224, 233);
insert into Payment (PayId, TotalPay, RevervationId) values (761, 237, 65);
insert into Payment (PayId, TotalPay, RevervationId) values (762, 499, 226);
insert into Payment (PayId, TotalPay, RevervationId) values (763, 175, 224);
insert into Payment (PayId, TotalPay, RevervationId) values (764, 163, 450);
insert into Payment (PayId, TotalPay, RevervationId) values (765, 466, 16);
insert into Payment (PayId, TotalPay, RevervationId) values (766, 419, 460);
insert into Payment (PayId, TotalPay, RevervationId) values (767, 233, 684);
insert into Payment (PayId, TotalPay, RevervationId) values (768, 201, 456);
insert into Payment (PayId, TotalPay, RevervationId) values (769, 182, 955);
insert into Payment (PayId, TotalPay, RevervationId) values (770, 261, 909);
insert into Payment (PayId, TotalPay, RevervationId) values (771, 379, 164);
insert into Payment (PayId, TotalPay, RevervationId) values (772, 240, 16);
insert into Payment (PayId, TotalPay, RevervationId) values (773, 295, 425);
insert into Payment (PayId, TotalPay, RevervationId) values (774, 247, 729);
insert into Payment (PayId, TotalPay, RevervationId) values (775, 379, 989);
insert into Payment (PayId, TotalPay, RevervationId) values (776, 214, 623);
insert into Payment (PayId, TotalPay, RevervationId) values (777, 278, 60);
insert into Payment (PayId, TotalPay, RevervationId) values (778, 157, 479);
insert into Payment (PayId, TotalPay, RevervationId) values (779, 426, 639);
insert into Payment (PayId, TotalPay, RevervationId) values (780, 229, 980);
insert into Payment (PayId, TotalPay, RevervationId) values (781, 197, 451);
insert into Payment (PayId, TotalPay, RevervationId) values (782, 344, 259);
insert into Payment (PayId, TotalPay, RevervationId) values (783, 429, 647);
insert into Payment (PayId, TotalPay, RevervationId) values (784, 220, 833);
insert into Payment (PayId, TotalPay, RevervationId) values (785, 207, 149);
insert into Payment (PayId, TotalPay, RevervationId) values (786, 472, 140);
insert into Payment (PayId, TotalPay, RevervationId) values (787, 158, 283);
insert into Payment (PayId, TotalPay, RevervationId) values (788, 446, 92);
insert into Payment (PayId, TotalPay, RevervationId) values (789, 296, 22);
insert into Payment (PayId, TotalPay, RevervationId) values (790, 314, 323);
insert into Payment (PayId, TotalPay, RevervationId) values (791, 428, 630);
insert into Payment (PayId, TotalPay, RevervationId) values (792, 335, 878);
insert into Payment (PayId, TotalPay, RevervationId) values (793, 350, 911);
insert into Payment (PayId, TotalPay, RevervationId) values (794, 463, 75);
insert into Payment (PayId, TotalPay, RevervationId) values (795, 166, 695);
insert into Payment (PayId, TotalPay, RevervationId) values (796, 240, 466);
insert into Payment (PayId, TotalPay, RevervationId) values (797, 284, 386);
insert into Payment (PayId, TotalPay, RevervationId) values (798, 308, 279);
insert into Payment (PayId, TotalPay, RevervationId) values (799, 456, 150);
insert into Payment (PayId, TotalPay, RevervationId) values (800, 266, 430);
insert into Payment (PayId, TotalPay, RevervationId) values (801, 342, 54);
insert into Payment (PayId, TotalPay, RevervationId) values (802, 303, 79);
insert into Payment (PayId, TotalPay, RevervationId) values (803, 375, 452);
insert into Payment (PayId, TotalPay, RevervationId) values (804, 226, 768);
insert into Payment (PayId, TotalPay, RevervationId) values (805, 241, 89);
insert into Payment (PayId, TotalPay, RevervationId) values (806, 218, 461);
insert into Payment (PayId, TotalPay, RevervationId) values (807, 297, 827);
insert into Payment (PayId, TotalPay, RevervationId) values (808, 257, 101);
insert into Payment (PayId, TotalPay, RevervationId) values (809, 460, 417);
insert into Payment (PayId, TotalPay, RevervationId) values (810, 218, 351);
insert into Payment (PayId, TotalPay, RevervationId) values (811, 474, 452);
insert into Payment (PayId, TotalPay, RevervationId) values (812, 362, 475);
insert into Payment (PayId, TotalPay, RevervationId) values (813, 256, 666);
insert into Payment (PayId, TotalPay, RevervationId) values (814, 211, 303);
insert into Payment (PayId, TotalPay, RevervationId) values (815, 463, 58);
insert into Payment (PayId, TotalPay, RevervationId) values (816, 213, 311);
insert into Payment (PayId, TotalPay, RevervationId) values (817, 224, 888);
insert into Payment (PayId, TotalPay, RevervationId) values (818, 400, 946);
insert into Payment (PayId, TotalPay, RevervationId) values (819, 323, 866);
insert into Payment (PayId, TotalPay, RevervationId) values (820, 451, 621);
insert into Payment (PayId, TotalPay, RevervationId) values (821, 336, 890);
insert into Payment (PayId, TotalPay, RevervationId) values (822, 421, 421);
insert into Payment (PayId, TotalPay, RevervationId) values (823, 300, 312);
insert into Payment (PayId, TotalPay, RevervationId) values (824, 278, 480);
insert into Payment (PayId, TotalPay, RevervationId) values (825, 356, 912);
insert into Payment (PayId, TotalPay, RevervationId) values (826, 391, 80);
insert into Payment (PayId, TotalPay, RevervationId) values (827, 378, 465);
insert into Payment (PayId, TotalPay, RevervationId) values (828, 436, 151);
insert into Payment (PayId, TotalPay, RevervationId) values (829, 246, 165);
insert into Payment (PayId, TotalPay, RevervationId) values (830, 193, 945);
insert into Payment (PayId, TotalPay, RevervationId) values (831, 241, 314);
insert into Payment (PayId, TotalPay, RevervationId) values (832, 226, 603);
insert into Payment (PayId, TotalPay, RevervationId) values (833, 471, 997);
insert into Payment (PayId, TotalPay, RevervationId) values (834, 376, 168);
insert into Payment (PayId, TotalPay, RevervationId) values (835, 439, 412);
insert into Payment (PayId, TotalPay, RevervationId) values (836, 417, 923);
insert into Payment (PayId, TotalPay, RevervationId) values (837, 473, 320);
insert into Payment (PayId, TotalPay, RevervationId) values (838, 355, 367);
insert into Payment (PayId, TotalPay, RevervationId) values (839, 414, 41);
insert into Payment (PayId, TotalPay, RevervationId) values (840, 430, 506);
insert into Payment (PayId, TotalPay, RevervationId) values (841, 178, 808);
insert into Payment (PayId, TotalPay, RevervationId) values (842, 413, 420);
insert into Payment (PayId, TotalPay, RevervationId) values (843, 412, 649);
insert into Payment (PayId, TotalPay, RevervationId) values (844, 215, 306);
insert into Payment (PayId, TotalPay, RevervationId) values (845, 377, 334);
insert into Payment (PayId, TotalPay, RevervationId) values (846, 358, 110);
insert into Payment (PayId, TotalPay, RevervationId) values (847, 369, 556);
insert into Payment (PayId, TotalPay, RevervationId) values (848, 472, 208);
insert into Payment (PayId, TotalPay, RevervationId) values (849, 228, 128);
insert into Payment (PayId, TotalPay, RevervationId) values (850, 497, 354);
insert into Payment (PayId, TotalPay, RevervationId) values (851, 285, 139);
insert into Payment (PayId, TotalPay, RevervationId) values (852, 300, 596);
insert into Payment (PayId, TotalPay, RevervationId) values (853, 427, 971);
insert into Payment (PayId, TotalPay, RevervationId) values (854, 474, 536);
insert into Payment (PayId, TotalPay, RevervationId) values (855, 406, 308);
insert into Payment (PayId, TotalPay, RevervationId) values (856, 174, 847);
insert into Payment (PayId, TotalPay, RevervationId) values (857, 153, 752);
insert into Payment (PayId, TotalPay, RevervationId) values (858, 233, 507);
insert into Payment (PayId, TotalPay, RevervationId) values (859, 500, 221);
insert into Payment (PayId, TotalPay, RevervationId) values (860, 156, 170);
insert into Payment (PayId, TotalPay, RevervationId) values (861, 449, 573);
insert into Payment (PayId, TotalPay, RevervationId) values (862, 228, 267);
insert into Payment (PayId, TotalPay, RevervationId) values (863, 252, 559);
insert into Payment (PayId, TotalPay, RevervationId) values (864, 499, 865);
insert into Payment (PayId, TotalPay, RevervationId) values (865, 167, 721);
insert into Payment (PayId, TotalPay, RevervationId) values (866, 262, 918);
insert into Payment (PayId, TotalPay, RevervationId) values (867, 263, 14);
insert into Payment (PayId, TotalPay, RevervationId) values (868, 428, 898);
insert into Payment (PayId, TotalPay, RevervationId) values (869, 329, 17);
insert into Payment (PayId, TotalPay, RevervationId) values (870, 324, 884);
insert into Payment (PayId, TotalPay, RevervationId) values (871, 455, 232);
insert into Payment (PayId, TotalPay, RevervationId) values (872, 282, 393);
insert into Payment (PayId, TotalPay, RevervationId) values (873, 367, 552);
insert into Payment (PayId, TotalPay, RevervationId) values (874, 277, 230);
insert into Payment (PayId, TotalPay, RevervationId) values (875, 367, 578);
insert into Payment (PayId, TotalPay, RevervationId) values (876, 264, 330);
insert into Payment (PayId, TotalPay, RevervationId) values (877, 295, 261);
insert into Payment (PayId, TotalPay, RevervationId) values (878, 237, 283);
insert into Payment (PayId, TotalPay, RevervationId) values (879, 426, 169);
insert into Payment (PayId, TotalPay, RevervationId) values (880, 446, 471);
insert into Payment (PayId, TotalPay, RevervationId) values (881, 225, 828);
insert into Payment (PayId, TotalPay, RevervationId) values (882, 404, 104);
insert into Payment (PayId, TotalPay, RevervationId) values (883, 390, 352);
insert into Payment (PayId, TotalPay, RevervationId) values (884, 428, 742);
insert into Payment (PayId, TotalPay, RevervationId) values (885, 427, 787);
insert into Payment (PayId, TotalPay, RevervationId) values (886, 380, 691);
insert into Payment (PayId, TotalPay, RevervationId) values (887, 268, 691);
insert into Payment (PayId, TotalPay, RevervationId) values (888, 257, 313);
insert into Payment (PayId, TotalPay, RevervationId) values (889, 275, 894);
insert into Payment (PayId, TotalPay, RevervationId) values (890, 219, 571);
insert into Payment (PayId, TotalPay, RevervationId) values (891, 449, 270);
insert into Payment (PayId, TotalPay, RevervationId) values (892, 324, 493);
insert into Payment (PayId, TotalPay, RevervationId) values (893, 419, 579);
insert into Payment (PayId, TotalPay, RevervationId) values (894, 221, 874);
insert into Payment (PayId, TotalPay, RevervationId) values (895, 273, 641);
insert into Payment (PayId, TotalPay, RevervationId) values (896, 420, 910);
insert into Payment (PayId, TotalPay, RevervationId) values (897, 350, 455);
insert into Payment (PayId, TotalPay, RevervationId) values (898, 209, 883);
insert into Payment (PayId, TotalPay, RevervationId) values (899, 170, 862);
insert into Payment (PayId, TotalPay, RevervationId) values (900, 226, 509);
insert into Payment (PayId, TotalPay, RevervationId) values (901, 498, 697);
insert into Payment (PayId, TotalPay, RevervationId) values (902, 326, 60);
insert into Payment (PayId, TotalPay, RevervationId) values (903, 398, 525);
insert into Payment (PayId, TotalPay, RevervationId) values (904, 357, 380);
insert into Payment (PayId, TotalPay, RevervationId) values (905, 456, 886);
insert into Payment (PayId, TotalPay, RevervationId) values (906, 241, 478);
insert into Payment (PayId, TotalPay, RevervationId) values (907, 361, 653);
insert into Payment (PayId, TotalPay, RevervationId) values (908, 487, 259);
insert into Payment (PayId, TotalPay, RevervationId) values (909, 400, 974);
insert into Payment (PayId, TotalPay, RevervationId) values (910, 435, 195);
insert into Payment (PayId, TotalPay, RevervationId) values (911, 475, 863);
insert into Payment (PayId, TotalPay, RevervationId) values (912, 251, 922);
insert into Payment (PayId, TotalPay, RevervationId) values (913, 369, 869);
insert into Payment (PayId, TotalPay, RevervationId) values (914, 211, 698);
insert into Payment (PayId, TotalPay, RevervationId) values (915, 455, 389);
insert into Payment (PayId, TotalPay, RevervationId) values (916, 388, 535);
insert into Payment (PayId, TotalPay, RevervationId) values (917, 485, 238);
insert into Payment (PayId, TotalPay, RevervationId) values (918, 438, 258);
insert into Payment (PayId, TotalPay, RevervationId) values (919, 198, 733);
insert into Payment (PayId, TotalPay, RevervationId) values (920, 355, 351);
insert into Payment (PayId, TotalPay, RevervationId) values (921, 174, 708);
insert into Payment (PayId, TotalPay, RevervationId) values (922, 240, 494);
insert into Payment (PayId, TotalPay, RevervationId) values (923, 172, 719);
insert into Payment (PayId, TotalPay, RevervationId) values (924, 229, 500);
insert into Payment (PayId, TotalPay, RevervationId) values (925, 358, 760);
insert into Payment (PayId, TotalPay, RevervationId) values (926, 335, 516);
insert into Payment (PayId, TotalPay, RevervationId) values (927, 427, 165);
insert into Payment (PayId, TotalPay, RevervationId) values (928, 463, 930);
insert into Payment (PayId, TotalPay, RevervationId) values (929, 223, 375);
insert into Payment (PayId, TotalPay, RevervationId) values (930, 336, 930);
insert into Payment (PayId, TotalPay, RevervationId) values (931, 347, 986);
insert into Payment (PayId, TotalPay, RevervationId) values (932, 304, 987);
insert into Payment (PayId, TotalPay, RevervationId) values (933, 159, 976);
insert into Payment (PayId, TotalPay, RevervationId) values (934, 498, 280);
insert into Payment (PayId, TotalPay, RevervationId) values (935, 268, 73);
insert into Payment (PayId, TotalPay, RevervationId) values (936, 459, 938);
insert into Payment (PayId, TotalPay, RevervationId) values (937, 253, 411);
insert into Payment (PayId, TotalPay, RevervationId) values (938, 161, 529);
insert into Payment (PayId, TotalPay, RevervationId) values (939, 441, 40);
insert into Payment (PayId, TotalPay, RevervationId) values (940, 404, 849);
insert into Payment (PayId, TotalPay, RevervationId) values (941, 334, 461);
insert into Payment (PayId, TotalPay, RevervationId) values (942, 177, 38);
insert into Payment (PayId, TotalPay, RevervationId) values (943, 417, 441);
insert into Payment (PayId, TotalPay, RevervationId) values (944, 384, 949);
insert into Payment (PayId, TotalPay, RevervationId) values (945, 357, 918);
insert into Payment (PayId, TotalPay, RevervationId) values (946, 467, 839);
insert into Payment (PayId, TotalPay, RevervationId) values (947, 291, 357);
insert into Payment (PayId, TotalPay, RevervationId) values (948, 345, 320);
insert into Payment (PayId, TotalPay, RevervationId) values (949, 443, 220);
insert into Payment (PayId, TotalPay, RevervationId) values (950, 460, 46);
insert into Payment (PayId, TotalPay, RevervationId) values (951, 364, 426);
insert into Payment (PayId, TotalPay, RevervationId) values (952, 329, 968);
insert into Payment (PayId, TotalPay, RevervationId) values (953, 213, 836);
insert into Payment (PayId, TotalPay, RevervationId) values (954, 309, 742);
insert into Payment (PayId, TotalPay, RevervationId) values (955, 356, 513);
insert into Payment (PayId, TotalPay, RevervationId) values (956, 383, 722);
insert into Payment (PayId, TotalPay, RevervationId) values (957, 242, 885);
insert into Payment (PayId, TotalPay, RevervationId) values (958, 282, 19);
insert into Payment (PayId, TotalPay, RevervationId) values (959, 286, 160);
insert into Payment (PayId, TotalPay, RevervationId) values (960, 412, 895);
insert into Payment (PayId, TotalPay, RevervationId) values (961, 234, 930);
insert into Payment (PayId, TotalPay, RevervationId) values (962, 408, 728);
insert into Payment (PayId, TotalPay, RevervationId) values (963, 258, 811);
insert into Payment (PayId, TotalPay, RevervationId) values (964, 292, 68);
insert into Payment (PayId, TotalPay, RevervationId) values (965, 234, 862);
insert into Payment (PayId, TotalPay, RevervationId) values (966, 278, 374);
insert into Payment (PayId, TotalPay, RevervationId) values (967, 254, 4);
insert into Payment (PayId, TotalPay, RevervationId) values (968, 446, 691);
insert into Payment (PayId, TotalPay, RevervationId) values (969, 340, 563);
insert into Payment (PayId, TotalPay, RevervationId) values (970, 196, 97);
insert into Payment (PayId, TotalPay, RevervationId) values (971, 270, 408);
insert into Payment (PayId, TotalPay, RevervationId) values (972, 269, 781);
insert into Payment (PayId, TotalPay, RevervationId) values (973, 478, 621);
insert into Payment (PayId, TotalPay, RevervationId) values (974, 263, 116);
insert into Payment (PayId, TotalPay, RevervationId) values (975, 386, 991);
insert into Payment (PayId, TotalPay, RevervationId) values (976, 298, 66);
insert into Payment (PayId, TotalPay, RevervationId) values (977, 366, 943);
insert into Payment (PayId, TotalPay, RevervationId) values (978, 357, 71);
insert into Payment (PayId, TotalPay, RevervationId) values (979, 440, 10);
insert into Payment (PayId, TotalPay, RevervationId) values (980, 360, 426);
insert into Payment (PayId, TotalPay, RevervationId) values (981, 465, 122);
insert into Payment (PayId, TotalPay, RevervationId) values (982, 370, 337);
insert into Payment (PayId, TotalPay, RevervationId) values (983, 286, 385);
insert into Payment (PayId, TotalPay, RevervationId) values (984, 209, 778);
insert into Payment (PayId, TotalPay, RevervationId) values (985, 434, 103);
insert into Payment (PayId, TotalPay, RevervationId) values (986, 497, 894);
insert into Payment (PayId, TotalPay, RevervationId) values (987, 468, 746);
insert into Payment (PayId, TotalPay, RevervationId) values (988, 418, 235);
insert into Payment (PayId, TotalPay, RevervationId) values (989, 337, 549);
insert into Payment (PayId, TotalPay, RevervationId) values (990, 279, 450);
insert into Payment (PayId, TotalPay, RevervationId) values (991, 168, 942);
insert into Payment (PayId, TotalPay, RevervationId) values (992, 468, 127);
insert into Payment (PayId, TotalPay, RevervationId) values (993, 487, 837);
insert into Payment (PayId, TotalPay, RevervationId) values (994, 425, 81);
insert into Payment (PayId, TotalPay, RevervationId) values (995, 402, 46);
insert into Payment (PayId, TotalPay, RevervationId) values (996, 427, 973);
insert into Payment (PayId, TotalPay, RevervationId) values (997, 333, 102);
insert into Payment (PayId, TotalPay, RevervationId) values (998, 337, 772);
insert into Payment (PayId, TotalPay, RevervationId) values (999, 404, 567);
insert into Payment (PayId, TotalPay, RevervationId) values (1000, 279, 545);

--seed data parameter---------------
insert into Parameter (ParameterId, ParameterName, Value, Note) values(1,'PriceRoomA',150,'gia phong loai A')
insert into Parameter (ParameterId, ParameterName, Value, Note) values(2,'PriceRoomB',170,'gia phong loai B')
insert into Parameter (ParameterId, ParameterName, Value, Note) values(3,'PriceRoomC',200,'gia phong loai C')
insert into Parameter (ParameterId, ParameterName, Value, Note) values(4,'CustomerN',0,'khach trong nuoc')
insert into Parameter (ParameterId, ParameterName, Value, Note) values(5,'CustomerF',1,'khach nuoc ngoai')
insert into Parameter (ParameterId, ParameterName, Value, Note) values(6,'MaxPerson',3,'so khach toi da moi phong')
insert into Parameter (ParameterId, ParameterName, Value, Note) values(7,'PriceTwoPerson',1,'gia phong cho 2 khach')
insert into Parameter (ParameterId, ParameterName, Value, Note) values(8,'PriceThreePerson',1.25,'gia phong cho 3 khach')